id,category,behavior,scope_preassessment,existing_destination_route,existing_status_not_proof,existing_receipt_links,senior_classification,actual_evidence_or_open_question
BASE-001,Base engine,"Classic single-player campaigns, mission packs, built-in desktop demos and dedicated server operation",mixed; apply current user decisions,Quake/host.c;Quake/cl_demo.c;Quake/sv_main.c,source-present native startup/frame/dedicated/demo/shutdown owners; inherited demo signed-length and zero-minute seek repairs source-integrated with main/local Astra source acceptance; native-demo-boundaries-2.0-plan.md; full campaign/base/desktop-demo and final Linux/ARM qualification pending,native-demo-boundaries-2.0-plan.md,S,"`host.c:1357,1390,1448,1467` connects native initialization, dedicated startup and shutdown. `cl_demo.c:152,203,640,772` retains bounded desktop recording/playback/seek; `sbar.c:589,633,662` retains mission-pack branches. [review: final-scope-lead-source-review.md]"
BASE-002,Base engine,"Existing console, cvars, aliases, configs, bind commands and startup ordering",required surviving scope,Quake/cmd.c;Quake/cvar.c;Quake/common.c,Native registered-command dispatch and explicit postcfg adapters source-integrated; broader BASE-002 and final Linux/ARM acceptance pending,,S,"`cmd.c:1006–1082` preserves source-aware native/CSQC dispatch. `cmd.c:345,403,422,427`, `host.c:1440–1452`, `common.c:3543–3547` connect ordered post-config loading to startup and game changes. [review: final-scope-lead-source-review.md]"
BASE-003,Base engine,Ordinary mouse/keyboard/joystick desktop movement and demo camera,required surviving scope,Quake/in_sdl.c;Quake/cl_input.c;Quake/keys.c;Quake/view.c,source-integrated native desktop Always Run correction; inherited VR joystick mapping retained; migration-desktop-parity-review.md records source advice and boundary; broader desktop/demo/transition and final Linux/ARM qualification pending,migration-desktop-parity-review.md,S,"`cl_input.c:544,568–575`, `in_sdl.c:887–929` retain native desktop movement, mouse, joystick and gyro consumers. The explicit native desktop contract supersedes P’s later-opposing-key `cl_iDrive` behavior. [review: final-scope-lead-source-review.md]"
VR-001,Inherited VR,"Explicit VR selection, runtime initialization, healthy disable and re-enable",required surviving scope,Quake/vr.c (port);Quake/gl_vidsdl.c,Actual command-to-joined renderer selection/attach/detach owners source-reconciled in migration-openxr-session-toggle.md; native device/window and qualified explicit recovery owners retained. Current-tree desktop/session Linux/ARM software qualification pending; no live headset proof.,migration-openxr-session-toggle.md,S,"`gl_vidsdl.c:4746,4821,5181`: explicit attach/toggle, joined detach, input release and desktop fallback. [review: final-scope-lead-source-review.md]"
VR-002,Inherited VR,"Inherited head/controller poses, session events and loading/map-change continuity through OpenXR",required surviving scope,Quake/vr_openxr.cpp;existing donor video/session boundary,source mapped; integration/acceptance pending,,S,"`vr_openxr.cpp:984,1077,1341`; `gl_vidsdl.c:4725`: sampling, session/reference events and retirement. [review: final-scope-lead-source-review.md]"
VR-003,Inherited VR,"Asymmetric stereo projection, physical IPD and coordinate conversion",required surviving scope,Quake/vr_openxr.cpp;Quake/vr_openxr_math.h;Quake/gl_rmain.c;Quake/view.c;Shaders/stereo.inc,"Runtime asymmetric two-eye pose/FOV producer, relative native-MVP correction, shared uniforms/gl_ViewIndex consumers and original compositor pose/FOV source-reconciled; renderer-source-checkpoint-2.0.md. Native coordinate/camera owners retained; Linux/ARM rendered/software qualification pending.",renderer-source-checkpoint-2.0.md,S,`vr_openxr_math.h:52`; `gl_rmain.c:811`; `Shaders/stereo.inc`: independent runtime-eye transforms. [review: final-scope-lead-source-review.md]
VR-004,Inherited VR,"World scale, floor offset, recenter and room-scale movement",required surviving scope,Quake/vr.c;Quake/cl_input.c;Quake/pmove.c (port),Current world-scale/floor/LOCAL/head-eye/roomscale accumulation and teleport/loading/reference/session lifecycle caller chains source-reconciled in vr-input-source-checkpoint-2.0.md with main/requested-Astra bounded no-P1/P2 acceptance; actual transport/solver/rendered continuity and final Linux/ARM qualification pending,vr-input-source-checkpoint-2.0.md,S,"`vr_input.c:4926–4947,5104–5165`; `view.c:1642–1651`: roomscale finalization, units/floor and reset callers. [review: final-scope-lead-source-review.md]"
VR-005,Inherited VR,Head/hand aiming modes and aim deadzone,required surviving scope,Quake/vr_aim.h;Quake/view.c;Quake/vr_input.c,Inherited resolver and separate native hand command owner source-present; clamp and controller-exit history/centerview repair source-integrated with main/local Astra source acceptance; migration-aim-review.md; discarded-history finding closed in final bounded source recheck; final Linux/ARM qualification pending,migration-aim-review.md,S,"`view.c:156–194,308–359`; `vr_input.c:5074–5096`: resolver/history transitions and mapped command aim. [review: final-scope-lead-source-review.md]"
VR-006,Inherited VR,"Left-handed mode, physical-hand binding identity and controller input release",required surviving scope,Quake/vr_input.c;Quake/vr_openxr.cpp;Quake/keys.c,"Physical/logical mapping, role/profile transitions, key release/shared ownership and neutral gates inspected in vr-input-source-checkpoint-2.0.md; final Linux/ARM qualification pending",vr-input-source-checkpoint-2.0.md,S,"`vr_input.c:422–435,3632–3655,4058–4127`: physical identity, shared-key release and context/focus gates. [review: final-scope-lead-source-review.md]"
VR-007,Inherited VR,"Snap, smooth and 180-degree turning",required surviving scope,Quake/vr_input.c;Quake/view.c,Actual primary snap/smooth/180 calculations compared with native tracked-yaw/input owners in vr-input-source-checkpoint-2.0.md; final Linux/ARM software qualification pending,vr-input-source-checkpoint-2.0.md,S,"`vr_input.c:4982–5038`: once-consumed 180°, signed snap and timed smooth turning. [review: final-scope-lead-source-review.md]"
VR-008,Inherited VR,"Joystick deadzones, exponent, movement direction, speed and instant-stop option",mixed; apply current user decisions,Quake/vr.c;Quake/cl_input.c;Quake/pmove.c,instant stop excluded; ordinary joystick response/movement direction/release remain required; see migration-scope-decisions.md,migration-scope-decisions.md,S,`vr_input.c:5040–5072`: filtered axes/basis/finite native speed contribution; instant-stop excluded. [review: final-scope-lead-source-review.md]
VR-009,Inherited VR,"Core SteamVR/controller bindings, Index squeeze behavior and Vive trackpad fallback",required surviving scope,Quake/vr_openxr.cpp;Quake/vr_input.c;Quake/keys.c;Quake/menu.c;Misc/vq_pak/default.cfg,Explicit missing-only default restoration6aff7371 plus inherited horizontal/Vive-cycle adapter786ca872 source-integrated at existing key/native-command owners; vr-default-restoration-2.0-plan.md and controller-axis-parity-2.0-plan.md; broader profile/controller and final Linux/ARM qualification pending,controller-axis-parity-2.0-plan.md;vr-default-restoration-2.0-plan.md,S,"`vr_input.c:3770–3830,3894–3908,4058`: profile click/squeeze/axis dispatch and missing-only bindings. [review: final-scope-lead-source-review.md]"
VR-010,Inherited VR,Weapon/menu haptics and user toggle,required surviving scope,Quake/vr_input.c;Quake/vr_openxr.cpp;Quake/cl_parse.c;Quake/vr_weapon_menu.c;Quake/menu.c,Native logical/physical OpenXR pulse owner and user toggle inspected; inherited paired sound haptic restored through existing prepared-pair query; vr-input-source-checkpoint-2.0.md; final software qualification pending,vr-input-source-checkpoint-2.0.md,S,`cl_parse.c:1786–1801`; `vr_input.c:438`; `vr_openxr.cpp:1395`: sound/menu/wheel-to-physical-hand haptics. [review: final-scope-lead-source-review.md]
VR-011,Inherited VR,"Crosshair depth, size, opacity and world alignment",required surviving scope,Quake/vr_input.c;Quake/gl_rmain.c;Quake/gl_screen.c;Quake/vr_weapon_calibration.c,source-present native prepared one/two physical-muzzle rays and scene reticle; shared calibration and server QC-source owner retained; migration-crosshair-adapter.md; final Linux/ARM qualification pending and live wall/barrel/headset alignment user-deferred,migration-crosshair-adapter.md,S,"`vr_input.c:4841–4924`; `gl_rmain.c:1315–1377,1508–1592`: physical rays and depth/size/opacity rendering. [review: final-scope-lead-source-review.md]"
VR-012,Inherited VR,"HUD, console, scoreboard and legacy menu world placement/scaling",required surviving scope,Quake/gl_draw.c;Quake/gl_screen.c;Quake/sbar.c,Source-integrated tracked menu/console/modal/loading and classic/modern/CSQC HUD; native multiplayer and CSQC score/death/intermission panel adapters; csqc-score-panels-2.0-plan.md records main and requested-Astra source acceptance; final Linux/ARM software qualification pending,csqc-score-panels-2.0-plan.md,S,"`gl_screen.c:1840–1932,2276–2455`: physical panels feeding HUD/console/scores/modal/intermission/CSQC. [review: final-scope-lead-source-review.md]"
VR-013,Inherited VR,"Pointer-driven menus, trigger selection and scrolling options",required surviving scope,Quake/gl_screen.c;Quake/menu.c;Quake/vr_input.c,source-present shared tracked surface/raw-hand ray/native hover and post-draw trigger owner; migration-input-review.md current-primary checkpoint; hover/drag/scroll/focus/modal/release and final Linux/ARM software qualification pending,migration-input-review.md,S,"`gl_screen.c:1890–1924,2314,2682`; `menu.c:7740`: shared ray/panel hover and trigger consumer. [review: final-scope-lead-source-review.md]"
VR-014,Inherited VR,View kick/roll separation and teleport camera continuity,required surviving scope,Quake/view.c;Quake/cl_parse.c;Quake/gl_rmain.c,Native authoritative yaw/teleport and kick/roll/death hooks source-present in bounded Astra inspection; actual stereo intermission head composition verified by main and source advice; base entity pitch/roll repair implemented; migration-aim-review.md; broader camera and final Linux/ARM qualification pending,migration-aim-review.md,S,"`view.c:194–264,308–359,2287`; `cl_parse.c:3573`: authoritative continuity and physical/command-angle separation. [review: final-scope-lead-source-review.md]"
VR-015,Inherited VR,Optional desktop mirror and hidden-area depth mask,required surviving scope,Quake/vr_openxr.cpp;Quake/gl_vidsdl.c;Quake/gl_rmain.c;native Vulkan passes/WSI,Source-integrated optional frame-slot eye mirror and per-eye mask/stencil/AO replay; actual coarse FB/META world rejection deliberately bypassed; renderer-source-checkpoint-2.0.md and existing reviews; final Linux/ARM software qualification pending,renderer-source-checkpoint-2.0.md,S,"`gl_vidsdl.c:4965,5026,5534,5558,5593`: optional mirror, submission ordering and conservative hidden-area eligibility. [review: final-scope-lead-source-review.md]"
VR-016,Inherited VR,VR MSAA and high-precision color targets,required surviving scope,Quake/gl_vidsdl.c;Quake/r_passes.c;native target/resolve owners,Source-present native sample/format negotiation and two-layer resolved/MSAA target topology; retain vid_fsaa/native precision policy; renderer-source-checkpoint-2.0.md; final Linux/ARM attachment/postprocess/effect qualification pending,renderer-source-checkpoint-2.0.md,S,"`gl_vidsdl.c:1525,1558,2749`; `r_passes.c:1152`: native formats/samples and stereo resolve topology. [review: final-scope-lead-source-review.md]"
WPN-001,Weapon wheel and calibration,Desktop screen-space and VR playspace weapon wheels,required surviving scope,Quake/vr.c;Quake/sbar.c;donor draw contexts,Native desktop/shared VR catalog and prepared selection/model/label/foreground owners source-present; opening tracking anchor and calibrated live/captured pose/view follow source-integrated6150cf39 with main/requested-Astra actual-diff acceptance in migration-wheel-tracking-anchor-2.0-plan.md; broader wheel and final Linux/ARM qualification pending,migration-wheel-tracking-anchor-2.0-plan.md,S,"`gl_screen.c:1933–2102,2462,2605`; `gl_rmain.c:2723,2760`: captured VR/native desktop wheel presentation. [review: final-scope-lead-source-review.md]"
WPN-002,Weapon wheel and calibration,"Stable hover, retained known weapons and selection across transient model/stat changes",required surviving scope,Quake/vr.c;Quake/vr_weapon_catalog.h,"source-integrated: inherited retained stable-ID selection across misses, real-action clearing, live release eligibility and prepared desktop/VR owner; weapon-wheel-session-parity-2.0-plan.md checkpoint; final Linux/ARM software acceptance pending",weapon-wheel-session-parity-2.0-plan.md,S,`vr_weapon_menu.c:2928–2960`: stable hover identity revalidated against live eligibility/session/tracking at release. [review: final-scope-lead-source-review.md]
WPN-003,Weapon wheel and calibration,Explicit ownership stats/custom bitmasks and unschematized weapon discovery,required surviving scope,Quake/vr_weapon_menu.c;Quake/vr_weapon_catalog.h;Quake/sv_main.c,Source-integrated explicit descriptor/private bitmask ownership and active-only discovery; typed/ranged optional float masks and both native items2 packers repaired with main/local Astra source acceptance; weapon-inventory-stat-projection-2.0-plan.md and wheel data checkpoint; final Linux/ARM actual transport/declaration/release qualification pending,weapon-inventory-stat-projection-2.0-plan.md,S,"`vr_weapon_menu.c:589–644,1277–1359`; `sv_main.c:1065–1112`: declarations, masks and active-only discovery. [review: final-scope-lead-source-review.md]"
WPN-004,Weapon wheel and calibration,"Dynamic ammo quantities, maxima and weapon readiness display",required surviving scope,Quake/vr_weapon_menu.c;Quake/vr_weapon_catalog.h;Quake/sv_main.c,Source-present native reserve/dynamic capacity and readiness owners; inherited equipped-only STAT_AMMO display repair source-integrated; weapon-wheel-currentammo-2.0-plan.md and weapon-wheel-data-source-checkpoint-2.0.md; final Linux/ARM qualification pending,weapon-wheel-currentammo-2.0-plan.md;weapon-wheel-data-source-checkpoint-2.0.md,S,"`sv_main.c:945–1030,1112`; `vr_weapon_menu.c:1325,1438–1458`: capacities, current ammo/reserves and readiness. [review: final-scope-lead-source-review.md]"
WPN-005,Weapon wheel and calibration,"Built-in vanilla, Hipnotic, Rogue, AD, Dwell, Alkaline, QBJ3, Mjolnir and MG3 profiles",required surviving scope,Quake/vr.c;weapon-profile data,Native wheel/profile and contextual calibration owners source-present; reusable explicit AD contextual preset1feb7d9f/83599382 source-integrated under ad-weapon-preset-2.0-plan.md using existing15-row schema adapter and reload fallbacks; broader profile/final Linux/ARM acceptance pending,ad-weapon-preset-2.0-plan.md,S,`vr_weapon_menu.c:985–1053`; `vr_weapon_calibration.c:2733–2817`: built-in/contextual profiles and explicit AD preset. [review: final-scope-lead-source-review.md]
WPN-006,Weapon wheel and calibration,Per-mod weapon schema and trusted metadata loading/reload precedence,required surviving scope,Quake/vr_weapon_menu.c;Quake/vr_weapon_schema.c;Quake/vr_weapon_calibration.c;native filesystem,Source-integrated bounded active-path schema/roster load and precedence through native filesystem/catalog/reset owners; weapon-wheel-data-source-checkpoint-2.0.md and existing primary-delta plan; final Linux/ARM software qualification pending,weapon-wheel-data-source-checkpoint-2.0.md,S,"`vr_weapon_menu.c:646–675,985–1053`: active-path loading, authoritative roster precedence and reset lifetime. [review: final-scope-lead-source-review.md]"
WPN-007,Weapon wheel and calibration,Shared held-weapon calibration across solo and multiplayer,required surviving scope,Quake/vr_weapon_calibration.c;Quake/vr_input.c;donor UI drawing,Native shared calibration and global classic-save adapters source-integrated; broader WPN-007 and final Linux/ARM acceptance pending,,S,`vr_weapon_calibration.c:3005–3050`; `r_alias.c:889–918`: one finite held calibration for solo/multiplayer. [review: final-scope-lead-source-review.md]
WPN-008,Weapon wheel and calibration,Independent muzzle calibration and global weapon-offset aliases,required surviving scope,Quake/vr.c;Quake/sv_user.c;Quake/pr_cmds.c,"Shared classic/enhanced calibration lookups, editor/global schema persistence and actual viewmodel/presentation/private-command consumers source-reconciled in migration-weapon-calibration-unification.md; legacy MP overlays validated/discarded and old aliases not required; final Linux/ARM save/placement qualification pending",migration-weapon-calibration-unification.md,S,"`vr_weapon_calibration.c:1690–1771,2255,3051–3095`: independent muzzle/global persistence, readback and rollback. [review: final-scope-lead-source-review.md]"
WPN-009,Weapon wheel and calibration,Grip transform distinct from aim transform and enhanced-model scaling,required surviving scope,Quake/vr.c;Quake/r_alias.c;Quake/r_vrik.c (port),Native aim-angle/model pitch/scale/height controls source-integrated through existing owners; broader transform and final Linux/ARM acceptance pending,,S,"`view.c:435,570,990`; `r_alias.c:889–918`; `vr_input.c:4732`: distinct grip/model/muzzle transforms. [review: final-scope-lead-source-review.md]"
WPN-010,Weapon wheel and calibration,Server-authoritative projectile placement and mission-pack tuning,required surviving scope,Quake/pr_cmds.c;Quake/sv_user.c;Quake/vr.c,source mapped; integration/acceptance pending,,S,"`vr_input.c:4650,4793`; `sv_user.c:733`; `sv_phys.c:4367,4782,4909,8446`: accepted QC firing-source chain. [review: final-scope-lead-source-review.md]"
WPN-011,Weapon wheel and calibration,"Co-op wheel player actions, labels/outlines and exact action hitboxes",required surviving scope,Quake/vr.c;Quake/sbar.c;Quake/host_cmd.c,"Native shared action layout/live release validation present; inherited archived player-action toggle restored through existing client registration/common eligibility (7 net lines); source review only, final Linux/ARM qualification pending",,S,`vr_weapon_menu.c:2962–3050`: live slot/name/action validation before fixed native commands. [review: final-scope-lead-source-review.md]
WPN-012,Weapon wheel and calibration,Per-hand akimbo models/attacks and generated split weapon geometry,mixed; apply current user decisions,Quake/vr.c;donor model-loader buffers;Quake/sv_user.c,Native paired ranged presentation/attacks remain required; physical contact/parry/melee damage qualification excluded by current gesture-only scope; full paired-source and final software qualification pending,,S,"`gl_model.c:940–1045`; `view.c:1242`; `gl_rmain.c:1441`; `sv_phys.c:4489`; `pr_cmds.c:250,821,1805`: generated pairs and per-hand ranged consumers. [review: final-scope-lead-source-review.md]"
COOP-001,Co-op and saves,Classic co-op opt-out versus streamlined default profile,required surviving scope,Quake/host.c;Quake/world.c;Quake/sv_phys.c,source-present: native finite tri-state profile/override helper and source-integrated target/regen controls in f390a097; coop-pickup-target-respawn-2.0-plan.md; broader profile/final Linux/ARM qualification pending,coop-pickup-target-respawn-2.0-plan.md,S,"`host.c:108`; `world.c:604,631,1929`; `sv_phys.c:6090`: actual modern/classic policy consumers. [review: final-scope-lead-source-review.md]"
COOP-002,Co-op and saves,"Player collision, friendly-fire and telefrag policy",required surviving scope,Quake/world.c;Quake/sv_phys.c;Quake/pmove.c;Quake/sv_main.c;Quake/server.h,"source-integrated: native client-pair/profile collision predicate reused by server PMove and legacy clip, both impact/trigger telefrag guards, existing friendly-fire shield; coop-collision-source-2.0-plan.md; final Linux/ARM damage/collision qualification pending",coop-collision-source-2.0-plan.md,S,"`world.c:604–642,2736,3039,3642`; `sv_phys.c:197–244,1930`: telefrag/clip and scoped friendly-fire protection. [review: final-scope-lead-source-review.md]"
COOP-003,Co-op and saves,Shared weapon/key pickups without unintended ammo sharing,required surviving scope,Quake/world.c;Quake/sv_phys.c;Quake/coop_inventory_policy.h,source-present: actual accepted inventory/progression/key gains and trigger/impact key-consumption boundaries source-compared; coop-policy-source-checkpoint-2.0.md; no team ammo copy; final Linux/ARM sharing qualification pending,coop-policy-source-checkpoint-2.0.md,S,"`world.c:2206–2247,2626–2669,2740–2797`: accepted pickup gains and shared progression, without team ammo copying. [review: final-scope-lead-source-review.md]"
COOP-004,Co-op and saves,"Native pickup targets, item callbacks and class-restricted compatibility fixes",required surviving scope,Quake/world.c;Quake/sv_phys.c;Quake/host.c,source-integrated inherited native-QC target repair with typed matching-only clear and sticky original/supplemental callback lifetime; main and requested local Astra source advice no blocker; coop-pickup-target-respawn-2.0-plan.md; exact-once custom target and final Linux/ARM qualification pending,coop-pickup-target-respawn-2.0-plan.md,S,"`world.c:2744,2799–2810`; `sv_phys.c:9373–9404`: unchanged-target snapshot and cancellation-aware native target callback. [review: final-scope-lead-source-review.md]"
COOP-005,Co-op and saves,Ammo and progression equipment respawn policy,required surviving scope,Quake/world.c;Quake/host.c;Quake/server.h,source-integrated inherited native SUB_regen scheduling and controls; preserve authored positive pending think and callbacks; finite representable deadline before mutation; coop-pickup-target-respawn-2.0-plan.md; final Linux/ARM qualification pending,coop-pickup-target-respawn-2.0-plan.md,S,"`world.c:884–914,2813–2820`: eligible native `SUB_regen` scheduling, preserving existing pending thinks. [review: final-scope-lead-source-review.md]"
COOP-006,Co-op and saves,"Respawn near another player, cooldown and preserved loadout",required surviving scope,Quake/host_cmd.c;Quake/sv_main.c,"source-integrated: copied respawn-near/death/cooldown policy at native/shared-QC owners with safe ranking/team-wipe, input borrowing, fresh-join/dead-changelevel and callback cancellation; coop-respawn-policy-2.0-plan.md checkpoint; final Linux/ARM software qualification pending",coop-respawn-policy-2.0-plan.md,S,"`sv_phys.c:5649,5924–5980,6042–6125`; `host.c:221,267,602`: placement/cooldown/inventory and cancellation. [review: final-scope-lead-source-review.md]"
COOP-007,Co-op and saves,"Melee revive, health/range policy and ordinary native melee coexistence",excluded historical feature,Quake/pr_cmds.c;Quake/world.c;Quake/sv_main.c,User-excluded 2026-09-30; uncommitted revival-only production patch removed before integration; retained reference research is historical only,,X,Current user scope excludes revival; ordinary respawn remains COOP-006. [review: final-scope-lead-source-review.md]
COOP-008,Co-op and saves,Co-op player teleport fallback and yaw/room-scale reconciliation,required surviving scope,Quake/host_cmd.c;Quake/sv_phys.c;Quake/world.c;Quake/sv_user.c;Quake/vr_input.c;Quake/view.c,source-integrated native relocation and selector body-admission/same-slot cancellation repairs using existing sticky owner/private isolation; captured player gates fallback and follow-up; coop-pickup-target-respawn-2.0-plan.md; final Linux/ARM qualification pending,coop-pickup-target-respawn-2.0-plan.md,S,"`host_cmd.c:3765,3829`; `sv_phys.c:6128–6170,9410`: authorized relocation, safe placement and selector cancellation. [review: final-scope-lead-source-review.md]"
COOP-009,Co-op and saves,Through-wall scoreboard player outlines and depth-tested player names,required surviving scope,Quake/gl_rmain.c;Quake/r_alias.c;Quake/gl_rmisc.c;Quake/r_passes.c;Quake/vr_weapon_menu.c,source-present: native alias/palette/late-subpass silhouettes and separate depth-tested world names; coop-policy-source-checkpoint-2.0.md; final visual/Linux/ARM qualification pending,coop-policy-source-checkpoint-2.0.md,S,"`gl_rmain.c:2513,2570,2662,2740`; `r_alias.c:1271`: prepared outlines and depth-tested names. [review: final-scope-lead-source-review.md]"
COOP-010,Co-op and saves,"Multiplayer save versions 5/6/7, dead-player inventory and restored clients",required surviving scope,Quake/host_cmd.c;Quake/savegame_dialect.h;Quake/pr_edict.c;Quake/sv_phys.c,"source-present: native loader/writer with inherited v6/v7 dialect, bounded fixed-header preflight, reserved-edict payload snapshots and detached dead inventory; coop-save-source-checkpoint-2.0.md; full save matrix/final Linux/ARM qualification pending",coop-save-source-checkpoint-2.0.md,S,"`host_cmd.c:2677–2706,1949,2090,2214`; `savegame_dialect.h`: dialect preflight and checked native publication. [review: final-scope-lead-source-review.md]"
COOP-011,Co-op and saves,"Late joins, pending saved slots, signon and hub progression persistence",required surviving scope,Quake/host_cmd.c;Quake/sv_main.c;Quake/world.c;Quake/sv_phys.c;Quake/host.c,"source-present: pending named snapshots, per-connection deferred defaults, living/dead/new join branches and shared progression at native owners; coop-save-source-checkpoint-2.0.md; full reconnect/hub/final Linux/ARM qualification pending",coop-save-source-checkpoint-2.0.md,S,"`host_cmd.c:2500–2530,2560,3587–3674`; `sv_phys.c:1383,5981`: payload-only restore, named joins and detached inventory. [review: final-scope-lead-source-review.md]"
COOP-012,Co-op and saves,Rotating co-op autosaves and interval/kill gates,required surviving scope,Quake/host_cmd.c;Quake/host.c;Quake/server.h,"source-integrated: inherited native autosave progress/rotation/backoff and shared writer, with bounded finite/range-before-cast repair; coop-autosave-source-2.0-plan.md; final Linux/ARM gate/write-failure/restoration qualification pending",coop-autosave-source-2.0-plan.md,S,"`host.c:908` → `host_cmd.c:2258–2388`: finite controls, progress/backoff gates and success-only rotation. [review: final-scope-lead-source-review.md]"
COOP-013,Co-op and saves,"QBJ3 void respawn/death state, teleport occupancy latches and native frozen limbo",required surviving scope,Quake/sv_phys.c;Quake/host_cmd.c;Quake/server.h;Quake/world.c;Quake/sv_user.c;Quake/vr_input.c;Quake/view.c,"source-integrated: inherited typed QBJ3 limbo/void/expired-berserk cleanup at native respawn/QC owners, with nested cancellation, passive save encoding and shared completion epoch; coop-qbj3-lifecycle-2.0-plan.md final main/local Astra source checkpoint; final Linux/ARM software qualification pending",coop-qbj3-lifecycle-2.0-plan.md,S,"`sv_phys.c:690–855,6042–6080,11403`: typed QBJ3 lifecycle recovery at actual PostThink completion. [review: final-scope-lead-source-review.md]"
MOVE-001,Physical VR gameplay,Client weapon obstruction/contact with real model geometry,required surviving scope,Quake/vr.c;donor model geometry access,source mapped; integration/acceptance pending,,S,"`pmove.c:2358–2510`; `view.c:1330,1508`: current-scene grip/shaft/verified-edge obstruction; P `vr.c:7388–7478`. [review: final-scope-lead-source-review.md]"
MOVE-002,Physical VR gameplay,"Server-qualified immersive strokes, low-effort reach assistance and contact continuity",excluded historical feature,Quake/sv_user.c;Quake/pr_cmds.c;Quake/vr_melee_reach.h,Physical reach/contact solver deferred by user; gesture-only ordinary attack remains required; see migration-scope-decisions.md,migration-scope-decisions.md,X,Gesture-only decision excludes physical reach/contact damage solver. [review: final-scope-lead-source-review.md]
MOVE-003,Physical VR gameplay,Automatic local-SP melee/contact versus server-controlled multiplayer activation,mixed; apply current user decisions,Quake/sv_main.c;Quake/vr.c,source mapped; integration/acceptance pending,,S,"`vr_input.c:103–127,2083–2120`; `cl_input.c:622`; `r_alias.c:485`: normal-attack gestures and observational ready pose. [review: final-scope-lead-source-review.md]"
MOVE-004,Physical VR gameplay,Vanilla/Copper and AD native melee adapters,excluded historical feature,Quake/pr_cmds.c;existing mod adapter headers,Remaining exact physical attack adapters deferred by user; native QC and gesture-only melee remain required,,X,Same explicit exclusion of physical/contact/hybrid attack adapters; ordinary mod/native play survives. [review: final-scope-lead-source-review.md]
MOVE-005,Physical VR gameplay,Alkaline/QBJ3 native melee and supported QBJ3 program revisions,excluded historical feature,Quake/pr_cmds.c;Quake/vr_melee_alk.h;Quake/vr.c,Remaining physical contact/damage and revision-specific adapters deferred by user; native QBJ3/Enyo presentation and ordinary attacks remain required,,X,Same explicit exclusion of physical/contact/hybrid attack adapters; ordinary mod/native play survives. [review: final-scope-lead-source-review.md]
MOVE-006,Physical VR gameplay,Drake/Dwell and Mjolnir/Gungnir hammer and spear semantics,excluded historical feature,Quake/pr_cmds.c;existing melee headers,Remaining physical contact adapters and Mjolnir hybrid extensions deferred by user; ordinary mod weapon/map behavior remains required,,X,Same explicit exclusion of physical/contact/hybrid attack adapters; ordinary mod/native play survives. [review: final-scope-lead-source-review.md]
MOVE-007,Physical VR gameplay,Immortal scimitar/mace/rapier and Tome/airborne/charged behavior,excluded historical feature,Quake/pr_cmds.c;existing melee headers,Remaining exact physical attack adapters deferred by user; ordinary QC effects and gesture input remain required,,X,Same explicit exclusion of physical/contact/hybrid attack adapters; ordinary mod/native play survives. [review: final-scope-lead-source-review.md]
MOVE-008,Physical VR gameplay,"Parry, per-hand continuity, support grips and chainsaw/native-trigger hybrids",mixed; apply current user decisions,Quake/vr.c;Quake/sv_user.c;Quake/pr_cmds.c,"Physical parry/contact damage and Mjolnir hybrids deferred by user; retained support grips, visual collision and native paired ranged behavior require final qualification",,S,`view.c:1242–1424`; `vr_input.c:4493`; `gl_model.c:940`; `r_avatar.c:1987`: continuity/support geometry; parry/hybrids excluded. [review: final-scope-lead-source-review.md]
MOVE-009,Physical VR gameplay,Optional Gorilla hand propulsion and server permission,excluded historical feature,Quake/vr.c;Quake/pmove.c;Quake/sv_user.c,excluded from current goal; see migration-scope-decisions.md,migration-scope-decisions.md,X,Same explicit exclusion of Gorilla propulsion/contact/platform policy. [review: final-scope-lead-source-review.md]
MOVE-010,Physical VR gameplay,"Gorilla hand contacts, moving platforms and collision/palm release",excluded historical feature,Quake/vr_gorilla.h;Quake/pmove.c;Quake/world.c,excluded from current goal; see migration-scope-decisions.md,migration-scope-decisions.md,X,Same explicit exclusion of Gorilla propulsion/contact/platform policy. [review: final-scope-lead-source-review.md]
MOVE-011,Physical VR gameplay,"Gorilla swimming, ladder transitions, posture and native momentum",mixed; apply current user decisions,Quake/pmove.c;Quake/vr_gorilla_swim.h;Quake/vr.c,Gorilla locomotion/swim strokes excluded; ordinary VR swimming/ladder/native momentum remain required; see migration-scope-decisions.md,migration-scope-decisions.md,S,"`pmove.c:1465,2146`; `cl_main.c:1750–1981`; `sv_phys.c:10389–10746`: native liquids/ladders/momentum and QC handoff. [review: final-scope-lead-source-review.md]"
MOVE-012,Physical VR gameplay,"Sequenced Gorilla contribution/ACK policy, presentation and reset",excluded historical feature,Quake/cl_input.c;Quake/sv_user.c;Quake/pmove.c,excluded from current goal; see migration-scope-decisions.md,migration-scope-decisions.md,X,Gorilla contribution/ACK work excluded; retained wire code adds no obligation. [review: final-scope-lead-source-review.md]
AV-001,Avatars and tracking,Networked head/hand VRIK with capability negotiation and bounded codecs,required surviving scope,Quake/vrik_codec.c;Quake/cl_parse.c;Quake/sv_user.c;Quake/r_vrik.c,"Codec/player identity directly reused; actual head/hand sender, capability, server relay and recipient palette chain source-inspected in migration-vrik-review.md; pending-offer retry integrated b5bd74ea with main/requested-Astra bounded source acceptance; final Linux/ARM qualification pending",migration-vrik-review.md,S,"`cl_main.c:106,140,2711`; `sv_user.c:1636`; `sv_main.c:36,5365`; `cl_parse.c:313,350`: selected identity/capability/relay/resolution. [review: final-scope-lead-source-review.md]"
AV-002,Avatars and tracking,"VRIK palm/barrel effects, interpolation and rig compatibility gating",required surviving scope,Quake/r_vrik.c;Quake/r_alias.c;Quake/gl_model.c,Prepared muzzle-light consumer integrated c025acbc; shared immutable local alias-player root repair259df95f has main/final requested-Astra bounded source acceptance; broader VRIK parity and final Linux/ARM qualification pending,,M,"Current [r_alias.c:687](/home/obesecatlord/Documents/quakespasmvr/quakespasm-2.0/Quake/r_alias.c:687) interpolates `body_yaw`; root construction at `:578/:1028` never consumes it. `r_vrik_render.c:826/:1101` applies accepted tracking without the inherited viewer enable gate. P `r_alias.c:5961`, `vr.c:3229`. Adapt the existing prepared-pose/root and eligibility boundaries. Rig validation, palm/barrel solving and muzzle-light publication are present. [review: final-scope-sidecar-source-review.md]"
AV-003,Avatars and tracking,Rerelease/monster/animal avatar selection and desktop/dead fallback,required surviving scope,Quake/player_avatar.c;Quake/r_avatar.c;Quake/menu.c;Quake/r_alias.c,tracked builtin endpoint adapters added; broader integration/acceptance pending,,M,"[r_vrik_render.c:465](/home/obesecatlord/Documents/quakespasmvr/quakespasm-2.0/Quake/r_vrik_render.c:465) admits scoreboard player entities only; `:476` requires `progs/player.mdl`, and `:1250` prepares only player slots. P `r_alias.c:5735/:5749/:5836` preserves selected QBJ3 death frames and attributable queued corpses without live tracking. Extend selection/enumeration within the existing frame owner. Builtin desktop/animal repairs are present at `r_avatar.c:1927`. [review: final-scope-sidecar-source-review.md]"
AV-004,Avatars and tracking,Custom package identity/digest negotiation and safe mismatch fallback,required surviving scope,Quake/player_avatar.c;Quake/custom_avatar.c;Quake/cl_parse.c;Quake/sv_main.c,Source-integrated reused package/identity owners and actual startup/command/server/native-model/frame consumers inspected in custom-avatar-source-checkpoint-2.0.md; final Linux/ARM qualification pending,custom-avatar-source-checkpoint-2.0.md,S,[cl_parse.c:350](/home/obesecatlord/Documents/quakespasmvr/quakespasm-2.0/Quake/cl_parse.c:350) resolves descriptors through key **and** digest; `custom_avatar.c:732/:752` checks identity and admission snapshots. `player_avatar.[ch]` and `custom_avatar.[ch]` are byte-identical to P. Native admission at `gl_model.c:7749` consumes them. Keep these owners; transport framing remains lead-owned. [review: final-scope-sidecar-source-review.md]
AV-005,Avatars and tracking,"Custom MD5 manifests, skins/fullbrights, rig constraints and package search precedence",required surviving scope,Quake/custom_avatar.c;donor model/texture loader,Source-integrated reused package/identity owners and actual startup/command/server/native-model/frame consumers inspected in custom-avatar-source-checkpoint-2.0.md; final Linux/ARM qualification pending,custom-avatar-source-checkpoint-2.0.md,S,"[custom_avatar.c:421](/home/obesecatlord/Documents/quakespasmvr/quakespasm-2.0/Quake/custom_avatar.c:421), `:501/:657` retain strict manifests, fixed bounded files and startup/root precedence. `gl_model.c:6875/:7049/:7179/:7278/:7798` supplies native skin/glow, rig/mesh validation and failure cleanup. References: P same package module; D native MD5/texture ownership. No new importer is required. [review: final-scope-sidecar-source-review.md]"
AV-006,Avatars and tracking,QBJ3 cosmetic replacement and attached native player equipment,required surviving scope,Quake/r_avatar.c;Quake/r_alias.c;Quake/gl_model.c,source mapped; integration/acceptance pending,,M,"[r_vrik_render.c:475](/home/obesecatlord/Documents/quakespasmvr/quakespasm-2.0/Quake/r_vrik_render.c:475) rejects QBJ3’s player model; `:472` clears Ranger selection. Equipment at `:709` and `gl_model.c:6957` supports rerelease Gun/Axe, not QBJ3 shotgun/back-wrench. P `r_alias.c:5262/:5280/:5570/:5772`. Add bounded QBJ3 selection and verified equipment adapters to existing model/frame/prop owners. [review: final-scope-sidecar-source-review.md]"
AV-007,Avatars and tracking,Live rig inputs and per-entity animated shadow geometry,required surviving scope,Quake/gl_model.c;Quake/gl_mesh.c;Quake/r_alias.c,source mapped; integration/acceptance pending,,S,"[gl_model.c:132](/home/obesecatlord/Documents/quakespasmvr/quakespasm-2.0/Quake/gl_model.c:132) validates retained skeleton views; `r_vrik_render.c:1323` publishes independent palettes; `r_alias.c:411`, `gl_mesh.c:1817`, `r_brush.c:81/:3188` consume matching body/prop data. References: D `gl_mesh.c:902`; P `r_alias.c:5378`. Native task dependencies, admission reset and deferred retirement exist. AV-002’s yaw correction affects these consumers too. [review: final-scope-sidecar-source-review.md]"
AV-008,Avatars and tracking,Opt-in calibrated fixed-length humanoid retargeting,required surviving scope,Quake/r_vrik.c;donor retained rig data,Source-integrated reused package/identity owners and actual startup/command/server/native-model/frame consumers inspected in custom-avatar-source-checkpoint-2.0.md; final Linux/ARM qualification pending,custom-avatar-source-checkpoint-2.0.md,S,"[r_vrik_render.c:490](/home/obesecatlord/Documents/quakespasmvr/quakespasm-2.0/Quake/r_vrik_render.c:490) gates calibrated modes on custom packages; `:905/:1116` consumes raw tracked goals and calibrated retargeting. `r_avatar.c:747/:786/:897` implements complete-rig calibration, authored offsets and clamped limb solving. References: P `r_avatar.c:583/:622/:693`, `docs/humanoid-retargeting.md:26`. QBJ3 corpse reachability remains the shared AV-003/006 omission. [review: final-scope-sidecar-source-review.md]"
AV-009,Avatars and tracking,Alicia direct-VRM/MD5 comparison experiments and bounded remaining retarget work,preserved experiment,Existing avatar experiment or private comparison target,source mapped; integration/acceptance pending,,R,"P `r_alicia_spike.c:70,80,261`: fingerprinted OpenGL/CPU experiment, not a general production VRM importer. [review: final-scope-lead-source-review.md]"
FBT-001,Avatars and tracking,"Persistent tracker identities, role assignment and duplicate/ephemeral identity handling",required surviving scope,Quake/vr_fbt.c;Quake/vr.c;Quake/vr_openxr.cpp,Source-integrated inherited manager/filter/profile/storage and current OpenXR/input/menu/palette consumers inspected in tracker-source-checkpoint-2.0.md; session/ABI/role limitations explicit; final Linux/ARM qualification pending,tracker-source-checkpoint-2.0.md,S,"P-identical manager; `vr_input.c:1043–1129,1262`: once-per-sample identities and explicit roles. [review: final-scope-lead-source-review.md]"
FBT-002,Avatars and tracking,"Tracker prediction/filtering, sample aging and loss recovery",required surviving scope,Quake/vr_fbt_filter.c;Quake/vr.c,Source-integrated inherited manager/filter/profile/storage and current OpenXR/input/menu/palette consumers inspected in tracker-source-checkpoint-2.0.md; session/ABI/role limitations explicit; final Linux/ARM qualification pending,tracker-source-checkpoint-2.0.md,S,"P-identical filter; `vr_input.c:3189–3268,3275–3359`: correction, prediction and stale expiration. [review: final-scope-lead-source-review.md]"
FBT-003,Avatars and tracking,Calibration begin/capture/accept/cancel and visible targets,required surviving scope,Quake/vr_fbt*.c;Quake/vr_menu.c;donor UI drawing,Source-integrated inherited manager/filter/profile/storage and current OpenXR/input/menu/palette consumers inspected in tracker-source-checkpoint-2.0.md; session/ABI/role limitations explicit; final Linux/ARM qualification pending,tracker-source-checkpoint-2.0.md,S,"`vr_input.c:2805–2932`; `gl_rmain.c:488,2627,2734`: capture/preview/accept/cancel and visible targets. [review: final-scope-lead-source-review.md]"
FBT-004,Avatars and tracking,"Persistent named profiles, strict storage, selection/save/reset and menu role cycling",required surviving scope,Quake/vr_fbt*.c;Quake/vr_menu.c,Source-integrated inherited manager/filter/profile/storage and current OpenXR/input/menu/palette consumers inspected in tracker-source-checkpoint-2.0.md; session/ABI/role limitations explicit; final Linux/ARM qualification pending,tracker-source-checkpoint-2.0.md,S,P-identical profile/storage; `vr_input.c:737–923`; `menu.c:3135–3204`: save/select/reset and role/profile UI. [review: final-scope-lead-source-review.md]
FBT-005,Avatars and tracking,Optional tracker-less operation and independently negotiated lower-body pose relay,required surviving scope,Quake/vr.c;Quake/vrik_codec.c;Quake/r_vrik.c,Source-integrated inherited manager/filter/profile/storage and current OpenXR/input/menu/palette consumers inspected in tracker-source-checkpoint-2.0.md; session/ABI/role limitations explicit; final Linux/ARM qualification pending,tracker-source-checkpoint-2.0.md,S,"`vr_input.c:3275,3514`; NET-026 codec/relay; `r_vrik_render.c:826,1101`: optional independently negotiated lower-body targets. [review: final-scope-lead-source-review.md]"
MOD-001,QuakeC and mod compatibility,"SSQC/CSQC builtin registry, numeric slots, capability queries and VM separation",required surviving scope,Quake/pr_cmds.c;Quake/pr_ext.c;Quake/progs.h,partial: discovery/cvar/HUD/slots/capability/weather/line/events/core/colors/named calls/debug and registered-console dispatch source reviewed; literal names and bounded message-read source covered; broader contracts and final checks pending,,S,"[pr_ext.c:6494](/home/obesecatlord/Documents/quakespasmvr/quakespasm-2.0/Quake/pr_ext.c:6494), `6790,6811,6860,7002`; `pr_edict.c:2072,2296`: assigned numbers, discovery, VM-specific dispatch, declaration remapping and loader invocation. | P `pr_cmds.c:2710,2733,6427`; D `pr_ext.c:6038,6168`. Preserve native lazy binding, permissions and explicit unsupported fallbacks. [review: final-scope-sidecar-source-review.md]"
MOD-002,QuakeC and mod compatibility,"CSQC HUD/view hooks, command input and presentation ownership",required surviving scope,Quake/sbar.c;Quake/gl_screen.c;Quake/cl_main.c;Quake/cl_input.c;existing QC VM,source-present inherited per-command filter/committed preview policy and native once-frame task/serial HUD owner; migration-csqc-input-review.md records actual boundaries and separate unselected QSS-M raw InputEvent facility; authored-HUD/error/concurrency and final Linux/ARM qualification pending,migration-csqc-input-review.md,S,"[cl_main.c:2734](/home/obesecatlord/Documents/quakespasmvr/quakespasm-2.0/Quake/cl_main.c:2734); `sbar.c:895,903`; `gl_screen.c:2326,2646,2670`: each outgoing command filtered; HUD clock, once-frame GUI and error cleanup wired. | P `cl_main.c:2656`, `sbar.c:1415,1423`. Retain accepted committed-preview policy. Raw QSS-M InputEvent remains unselected. [review: final-scope-sidecar-source-review.md]"
MOD-003,QuakeC and mod compatibility,"CSQC drawing/canvas, clipping, subpictures, alpha and texture padding",required surviving scope,Quake/pr_ext.c;Quake/gl_draw.c;donor draw contexts,"source-integrated: inherited drawline adapter reviewed; actual native picture/cache/padding/alpha/subrectangle, desktop clip and VR source-panel clip paths inspected in renderer-source-checkpoint-2.0.md; final Linux/ARM software coverage pending",renderer-source-checkpoint-2.0.md,S,"`pr_ext.c:5439,5523,5552,6314`; `gl_draw.c:856`: client drawing, panel clipping, padded subpictures and alpha. [review: final-scope-lead-source-review.md]"
MOD-004,QuakeC and mod compatibility,"QC strings, buffers, tokenization, formatting, files and search APIs",required surviving scope,Existing donor QC builtins/filesystem,partial: buffer-file/search adapters plus native file/buffer VM ownership and sparse-sort lifetime source reviewed; remaining content/error interfaces and final checks pending,,S,"[pr_ext.c:3286](/home/obesecatlord/Documents/quakespasmvr/quakespasm-2.0/Quake/pr_ext.c:3286), `3433,3608,3677,3806,4039,4077,4110,6916`; `common.c:2806`: owned resources, search, seek, sparse-sort cleanup, buffer loading/writing and shutdown. | P `pr_cmds.c:5393,5806,5832`. String/token/file receipts match current consumers; native filesystem precedence and write-error policy retained. [review: final-scope-sidecar-source-review.md]"
MOD-005,QuakeC and mod compatibility,"QC entity reflection, surface queries, math and dynamic function calls",required surviving scope,Quake/pr_ext.c;Quake/gl_model.c;existing VM,partial: native buffer-file/search/resource ownership retained; five file-content contracts source-inspected and failed-seek/truncated-CR/checked native read repairs source-integrated in qc-file-content-2.0-plan.md; broader interfaces and final Linux/ARM software qualification pending; native core/five extension entity-search contracts source-inspected; inherited SSQC find/nextent inactive-client filtering4e35dd69 accepted in qc-entity-search-2.0-plan.md; inherited round-result/cleanup predicates38cdd7a4 also source-integrated with main/requested-Astra actual-patch acceptance in qc-inherited-round-search-2.0-plan.md; loaded-QC/lifecycle and broader qualification pending,qc-entity-search-2.0-plan.md;qc-file-content-2.0-plan.md;qc-inherited-round-search-2.0-plan.md,S,"[pr_ext.c:4145](/home/obesecatlord/Documents/quakespasmvr/quakespasm-2.0/Quake/pr_ext.c:4145), `1988,2291,4352,4374,4417`; `pr_edict.c:1301,1917`; `pr_cmds.c:1413,1774`: payload copy, surfaces, reflection, named calls and inherited search predicates. | P `pr_cmds.c:1296,1935,3472,5851,5997,6077`. Existing VM/math/entity owners reused; field-table and replacement-string lifetime repairs present. [review: final-scope-sidecar-source-review.md]"
MOD-006,QuakeC and mod compatibility,"Rerelease low-number builtins, EXFlags, localization and formatting",required surviving scope,Quake/pr_ext.c;Quake/common.c;Quake/cl_parse.c,partial: identified EX/localsound bindings and finale alias source reviewed; inherited FGD messages/fallback text2205b59c and separate rerelease localization source9b71bea2 source-integrated with bounded requested-Astra source acceptance; final software/visible-text checks pending,,S,"[pr_cmds.c:2153](/home/obesecatlord/Documents/quakespasmvr/quakespasm-2.0/Quake/pr_cmds.c:2153); `pr_edict.c:2054`; `common.c:2446,4929,5154,5213,5393`; `pr_cmds.c:149,2004`: EX bindings and localization reach text consumers. | P `pr_cmds.c:2608`, `common.c:2455,4131,4283`. EXFlags/path zero results match reference; FGD, English rerelease source and fallbacks reuse native localization. [review: final-scope-sidecar-source-review.md]"
MOD-007,QuakeC and mod compatibility,Skyroom worldspawn/PVS/view support,excluded historical feature,Existing metadata/PVS groundwork,excluded from the 2.0 goal by user; server skyroom PVS remains opt-in,,X,Skyrooms explicitly excluded; retained server-side source does not reverse that decision. [review: final-scope-lead-source-review.md]
MOD-008,QuakeC and mod compatibility,"Modern model/entity alpha, draw flags, render effects and static entities",required surviving scope,Quake/cl_parse.c;Quake/r_alias.c;Quake/r_sprite.c;donor passes,Actual native alpha/liquid/effects/static/CSQC paths source-inspected; two native consumer defects repaired05e881cc after committed plan with main/final requested-Astra source acceptance; mod-entity-consumers-2.0-plan.md; no new unsupported drawflags renderer; broader MOD-008 and final Linux/ARM qualification pending,mod-entity-consumers-2.0-plan.md,S,"[pr_cmds.c:2215](/home/obesecatlord/Documents/quakespasmvr/quakespasm-2.0/Quake/pr_cmds.c:2215); `sv_main.c:2586`; `cl_parse.c:1285`; `r_alias.c:1220`; `cl_main.c:2371,2479,2499`: fresh static transforms, alpha and merged trail/light flags consumed. | `mod-entity-consumers-2.0-plan.md`, repair `05e881cc`. No demonstrated primary drawflags renderer requires a new implementation. [review: final-scope-sidecar-source-review.md]"
MOD-009,QuakeC and mod compatibility,"FTE scripted particles, namespaces and effectinfo compatibility",required surviving scope,Quake/r_part_fte.c;Quake/pr_ext.c;existing donor particle tasks,Native FTE/effectinfo systems retained; particle growth/name/setup/reader-ordering repair source-integrated with bounded local Astra recheck; broader content and final software qualification pending,,S,"[r_part_fte.c:937](/home/obesecatlord/Documents/quakespasmvr/quakespasm-2.0/Quake/r_part_fte.c:937), `1142,3609,3636,6693`; `gl_rmain.c:2963,2984,3010`: growth/name lifetime repairs, namespace/effectinfo loading, setup and reader ordering. | P `r_part_fte.c:932,3454`; native task architecture retained. Dynamic/static emission guards at `cl_main.c:2521`, `gl_refrag.c:243`. [review: final-scope-sidecar-source-review.md]"
MOD-010,QuakeC and mod compatibility,"Rain/snow, trails, beams, temp entities and larger mod effects",required surviving scope,Quake/r_part.c;Quake/r_part_fte.c;Quake/cl_tent.c,Native weather/trails/beams/temp effects retained; existing emission guard plus bounded particle lifetime repair source-integrated; broader effects and final software qualification pending,,M,"[r_part.c:238](/home/obesecatlord/Documents/quakespasmvr/quakespasm-2.0/Quake/r_part.c:238) accepts larger pools; `163,204,215,1021` use wrapping 16-bit quad indices. Weather, palette and beam consumers remain present at `pr_ext.c:2969,3015,3081`, `cl_tent.c:267,283,414`. | P `r_part.c:26,30,153,797`: 32,768 default, 65,536 maximum and full quad emission. **Capacity/index adapter below only.** Beam/temp limits already match P’s 32/256. [review: final-scope-sidecar-source-review.md]"
MOD-011,QuakeC and mod compatibility,"Moving platforms, removed supports, ladders, custom physics and QC velocity retention",required surviving scope,Quake/sv_phys.c;Quake/world.c;Quake/pmove.c,source mapped; integration/acceptance pending,,M,"`sv_phys.c:3283,11749`: C08/C09; native customphysics, ladder, velocity and robust-pusher consumers otherwise present. [review: final-scope-lead-source-review.md]"
MOD-012,QuakeC and mod compatibility,"Spawn-before-think, edict free-list restoration and native entity lifecycle fixes",required surviving scope,Quake/sv_phys.c;Quake/pr_edict.c;Quake/host_cmd.c,Native spawn admission/FIFO/load reconstruction source-present. Donor-inherited saved-reference revival and duplicate-membership defects repaired in7485407a using native parser wrappers/detach helper; save-entity-reference-2.0-plan.md. Main/actual final requested-Astra bounded source acceptance; broader lifecycle and Linux/ARM qualification pending.,save-entity-reference-2.0-plan.md,S,"[pr_edict.c:1411](/home/obesecatlord/Documents/quakespasmvr/quakespasm-2.0/Quake/pr_edict.c:1411), `80,1835`; `host_cmd.c:3044,3052,3072,3196,3579`; `sv_phys.c:11565`: saved-reference liveness, FIFO detachment/rebuild, admission and teardown. | P `pr_edict.c:204,996`, `host_cmd.c:2425`; D `host_cmd.c:2309,2686`. Repair `7485407a` preserves native entity lifecycle. [review: final-scope-sidecar-source-review.md]"
MOD-013,QuakeC and mod compatibility,"Mod bindlist input actions, single-player console impulses and map/mod switching",required surviving scope,Quake/keys.c;Quake/menu.c;Quake/cl_input.c;Quake/cl_parse.c;Quake/sv_user.c;Quake/net_main.c,"Explicit VR defaults repaired6aff7371; observed deliberate paused/recovery impulses source-integratedc8d5545a through one latch, pre-CSQC projection/eligible recording and read-only exact-loopback existing phase/shared arrival query. Reference primary/QSS-M/native consumers retained; paused-impulse-adapter-2.0-plan.md. Main/final requested-Astra source review accepted; broader mod input/switching and Linux/ARM owner qualification pending.",paused-impulse-adapter-2.0-plan.md,S,"[cl_input.c:382](/home/obesecatlord/Documents/quakespasmvr/quakespasm-2.0/Quake/cl_input.c:382), `628,1115`; `sv_user.c:1330`; `menu.c:4454,4569`; `vr_input.c:3971,3991`; `common.c:3477,3545`: deliberate impulses, bindlist/defaults and switching. | P `menu.c:1535`, `cl_input.c:264`; D `menu.c:2829`. Exact-loopback suspension query, pre-CSQC projection, eligible recording and native config reload retained. [review: final-scope-sidecar-source-review.md]"
MOD-014,QuakeC and mod compatibility,Optional compatibility controls and debug entity/field overlays,required surviving scope,Quake/menu.c;Quake/gl_rmain.c;Quake/pr_edict.c,"Native bbox/field collector, bounded mutex-protected GUI and opt-in compatibility cvar consumers source-reconciled in renderer-source-checkpoint-2.0.md; fields retain native screen-space canvas outside tracked UIPanel; actual readable stereo placement and final Linux/ARM qualification pending",renderer-source-checkpoint-2.0.md,M,"`gl_screen.c:1100–1136` draws the existing collector outside a tracked panel. Reuse `gl_draw.c:1331,1344` at that canvas boundary; P `gl_screen.c:748–765`, `gl_draw.c:935–939`. No new collector. [review: final-scope-lead-source-review.md]"
UI-001,Discovery and interface,Steam/rerelease zero-setup discovery and Unicode paths,required surviving scope,Quake/steam.c;Quake/common.c;Quake/pl_win.c;Quake/pl_linux.c,Source-present inherited store/flavor selection through native Steam/filesystem/Unicode owners and reviewed rerelease model/localization boundaries; migration-discovery-source-checkpoint-2.0.md; final Linux/ARM software qualification pending; Windows builds deferred,migration-discovery-source-checkpoint-2.0.md,S,"`common.c:4038–4161,4246–4301`; native Steam/platform file owners: store/flavor/root and Unicode discovery. [review: final-scope-lead-source-review.md]"
UI-002,Discovery and interface,"Installed Mods browser, metadata, layout and launch controls",required surviving scope,Quake/menu.c;existing donor mod/level menus,Native launch/filter/scan/paging/metadata adapters source-integrated; final Linux/ARM and UI qualification pending,,S,"`menu.c:4948–5008`; `common.c:3559,4257`: installed/filter/selection and native `playgame` launch. [review: final-scope-lead-source-review.md]"
UI-003,Discovery and interface,"Downloadable add-on catalogue, installed state and validated install paths",required surviving scope,Quake/addon_catalog.c;Quake/menu.c;existing filesystem,Source-integrated catalogue worker/validation/cancellation/commit and native browser details/confirmation; shared approved-entry adapter removes duplicate policy; migration-discovery-source-checkpoint-2.0.md and catalogue-confirmation-reuse-2.0-plan.md; final Linux/ARM software qualification pending,catalogue-confirmation-reuse-2.0-plan.md;migration-discovery-source-checkpoint-2.0.md,S,"`addon_catalog.c:430,539,562,663,812`; `menu.c:5024–5075`: validated worker/install/cancel and approved-entry confirmation. [review: final-scope-lead-source-review.md]"
UI-004,Discovery and interface,"Missing-server-mod install, game switch and automatic reconnect",required surviving scope,Quake/cl_main.c;Quake/cl_parse.c;Quake/addon_catalog.c,source-integrated: actual cl_main/cl_parse catalogue/config/nonblocking-connect/signon/cancellation owners inspected; docs/migration-network-map.md server-mod checkpoint; final Linux/ARM software acceptance pending,migration-network-map.md,M,"`cl_parse.c:2286`; `cl_main.c:332–399,665–681`: same missing-model retry cancellation as C06/NET-022. [review: final-scope-lead-source-review.md]"
UI-005,Discovery and interface,"Desktop UI autoscale, pointer sliders, menu scaling and localized centerprint wrapping",required surviving scope,Quake/menu.c;Quake/gl_screen.c;Quake/gl_draw.c;Quake/common.c,Source-present native relative/manual scale and pointer owners plus existing40-column COM_WordWrap and localized server string pipeline; migration-desktop-parity-review.md; no duplicate autoscale/wrapper needed; final Linux/ARM software qualification pending,migration-desktop-parity-review.md,S,"`gl_screen.c:240,744–783`; `pr_cmds.c:146–172`; `menu.c:7740`: wrapping/localization/scaling/native pointer. [review: final-scope-lead-source-review.md]"
UI-006,Discovery and interface,"Branding, config/default migration, versioning and stable runtime identifiers",required surviving scope,Existing version/config/package owners,Native build/version/resource/config/save identifiers retained; XR engineName corrected through one literal while project application identity remains stable; runtime-identity-source-2.0-plan.md; final Linux/ARM metadata/config/package qualification pending,runtime-identity-source-2.0-plan.md,S,`vr_openxr.cpp:1280–1282`; native Meson/resource/config/version owners: stable project/native engine identities. [review: final-scope-lead-source-review.md]
AUDIO-001,Voice and sound,Optional Opus spatial voice transport and gameplay-first budgets,required surviving scope,Quake/voice.c;Quake/sv_main.c;Quake/cl_parse.c,Actual optional Opus capture/queue/public-private sender/server/recipient callback chain source-inspected in migration-spatial-audio-review.md; native bounded budgets and gameplay-first send ownership retained; optional capability retry integrated b5bd74ea; final Linux/ARM transport/audio qualification pending,migration-spatial-audio-review.md,S,"`voice.c:233,1053,1299` captures/encodes into the bounded native queue; `cl_input.c:952,1166,1263` appends after gameplay; `sv_main.c:308,745` admits/rate-limits/relays. Actual receive callback reaches decoding/playback. [review: final-scope-sidecar-source-review.md]"
AUDIO-002,Voice and sound,"VR default-on transmission with saved opt-out; desktop consent, VAD/PTT and persistent settings",required surviving scope,Quake/voice_settings.c;Quake/voice.c;Quake/menu.c,VR default-on and menu opt-out implemented; Astra source-reviewed; end-of-goal verification deferred,,S,"`voice_settings.c:126,174` implements fresh VR-on, desktop-off and saved opt-out; `voice.c:501,519,1040,1073,1615` consumes profiles, retires transitions, gates physical PTT/transmission and applies VR opt-out. [review: final-scope-sidecar-source-review.md]"
AUDIO-003,Voice and sound,System-default microphone with optional exact device selection and retry,required surviving scope,Quake/voice.c;existing SDL capture boundary,SDL default-device adapter implemented; Astra source-reviewed; end-of-goal verification deferred,,S,"`voice.c:384,519` selects SDL2 NULL/SDL3 default recording; explicit names require uniqueness. `:488,762,787` implements failure cooldown, manual retry and `none` revocation. Headset-name matching is superseded. [review: final-scope-sidecar-source-review.md]"
AUDIO-004,Voice and sound,"Jitter buffering, source generations, local mute and per-player levels",required surviving scope,Quake/voice_jitter.c;Quake/voice.c,Inherited jitter/generation/gain/mute owners source-present; map-session reset restored c5482976; optional voice capability retry integrated b5bd74ea with main/requested-Astra bounded source acceptance; voice-map-reset-2.0-plan.md and migration-spatial-audio-review.md record contracts/limits; final Linux/ARM qualification pending,migration-spatial-audio-review.md;voice-map-reset-2.0-plan.md,S,"`voice_jitter.c:134,202` retains bounded adaptive playout/PLC; `voice.c:1559` rejects retired generations and resets receive continuity. `:933,952,1387` owns mute/gain/session defaults; `cl_main.c:295,351` supplies reset callers. [review: final-scope-sidecar-source-review.md]"
AUDIO-005,Voice and sound,Mic meter and active-speaker HUD in VR and desktop,required surviving scope,Quake/voice.c;Quake/sbar.c;donor UI draw contexts,Native once-per-host audio update/atomic HUD snapshots and desktop/stereo Sbar/GUI owners source-reconciled. Detected capture continuity producer gap repaired47df36e6 through existing reset/queue/capture helpers; voice-capture-continuity-2.0-plan.md; main/final requested-Astra source acceptance; Linux/ARM UI/audio qualification pending.,voice-capture-continuity-2.0-plan.md,S,"`host.c:1277`, `snd_dma.c:916` update once per host frame. `voice.c:1072,1111,1599` publishes HUD state and retires detected capture discontinuities; `sbar.c:1332,1401` consumes it for desktop/VR. [review: final-scope-sidecar-source-review.md]"
AUDIO-006,Voice and sound,Steam Audio HRTF for voices/game sounds and legacy fallback,required surviving scope,Quake/snd_spatial.c;Quake/snd_steamaudio.c;donor sound mixer,"Native sound startup/channel-cache/listener publication and SDL callback HRTF/native fallback consumers source-reconciled, with exclusive spatial/native voice routing and DMA quiescence before spatial destruction; migration-spatial-audio-review.md. Linux/ARM audible/cursor/concurrency/SDK qualification pending.",migration-spatial-audio-review.md,S,"`snd_dma.c:224,264,388` owns startup, callback shutdown and ranked channel allocation. `snd_spatial.c:428,635` publishes stable cache/source/listener state; `snd_sdl.c:45`, `snd_sdl3.c:43` consume HRTF playback or native fallback. Delivery omission below. [review: final-scope-sidecar-source-review.md]"
AUDIO-007,Voice and sound,"Weapon sound placement, positional-only mode and distance-to-radio blend",required surviving scope,Existing spatial snapshot/mixer owners,Existing native weapon-channel projection uses shared crosshair muzzle with ordinary channel-origin fallback; copied positional-only/distance/radio snapshot and blend consumers source-reconciled; migration-spatial-audio-review.md. No separate multiplayer sound calibration; Linux/ARM audible/software qualification pending.,migration-spatial-audio-review.md,S,`snd_spatial.c:680` consumes shared calibrated muzzle; `voice.c:1434` projects distance/radio/positional-only settings; `snd_steamaudio.c:421` implements their blend and invalid-position behavior. [review: final-scope-sidecar-source-review.md]
AUDIO-008,Voice and sound,Radio coloration/compression/drive and smoothed static-world occlusion,required surviving scope,Quake/snd_spatial.c;Quake/snd_steamaudio.c,"Native spatial settings/DSP/consumer owners source-reconciled: bounded world-only occlusion cache, smoothed obstruction/radio filtering, compression/drive and voice-send controls; migration-spatial-audio-review.md. Existing adapter reuse; Linux/ARM audio qualification pending, no audible/performance claim.",migration-spatial-audio-review.md,S,"`snd_spatial.c:138,179` projects controls and bounded static-world occlusion; `snd_steamaudio.c:99,438` consumes filter/compression/drive and smooths obstruction/radio. [review: final-scope-sidecar-source-review.md]"
AUDIO-009,Voice and sound,Off-thread room acoustics and environmental/game/voice reverb,required surviving scope,Quake/snd_room.c;Quake/snd_spatial.c;existing audio worker,"Existing copied room simulation/result handoff and native BSP/audio adapter owners source-reconciled: coalesced worker input, callback try-lock snapshots, room detach under callback exclusion and joined destruction afterward; migration-spatial-audio-review.md. Linux/ARM concurrency/audio packaging qualification pending.",migration-spatial-audio-review.md,M,"Worker/result handoff and detach-before-join exist at `snd_room.c:63,223`, `snd_spatial.c:957,981`. **Inherited reduced reverb send for looping SFX is missing** at `snd_spatial.c:679`. [review: final-scope-sidecar-source-review.md]"
AUDIO-010,Voice and sound,Opt-in wet-only local microphone reflections independent of transmission,required surviving scope,Quake/voice.c;Quake/voice_settings.c;Quake/snd_spatial.c,"Independent local profile permission/capture route and pre-network PCM feed source-reconciled through existing bounded self ring, wet-only room-send consumer and callback-excluded reset; migration-spatial-audio-review.md. No second capture/audio owner; Linux/ARM software/audible qualification pending.",migration-spatial-audio-review.md,M,"voice.c:83/1429 versus primary voice.c:52 default0.6. Senior rawQ tuned-default decision adopted by main: restore0.6 initializer, retain saved values/independent permission. C17. Review: final-scope-senior-disposition-2.0.md."
AUDIO-011,Voice and sound,"Music/codec support, volume defaults, underwater and ambient sound behavior",required surviving scope,Existing donor music/codec/mixer owners,"Native vkQuake codec/music/volume/ambience/underwater owners and bounded spatial adapter source-reconciled in migration-spatial-audio-review.md; differing-track-format stop repair13a1e9eb source-integrated with main/requested-Astra acceptance; final Linux/ARM codec, playback and restart qualification pending",migration-spatial-audio-review.md,M,"Native codec/music/ambience and format-stop repair exist at `bgmusic.c:345,375`, `snd_dma.c:752`, `snd_spatial.c:776,872`. **Spatial playback bypasses native looping-sound pause behavior.** [review: final-scope-sidecar-source-review.md]"
XR-001,OpenXR and stereo goals,Vulkan-compatible runtime discovery and renderer-owned instance/device selection,required surviving scope,Imported Quake/vr_openxr.cpp;Quake/gl_vidsdl.c,donor graphics bootstrap implemented and Linux-build checked; session/runtime acceptance pending,,S,"`vr_openxr.cpp:1238,1490,1534,1638`; `gl_vidsdl.c:1339,2379`: runtime GPU/creation metadata and native adoption. [review: final-scope-lead-source-review.md]"
XR-002,OpenXR and stereo goals,"Session/frame action state, focus/stop/loss and image acquire/wait/release/retirement",required surviving scope,Imported backend;existing donor task/queue owners,Actual backend event/frame locate/acquire/wait/release/end/retirement and native submission/error/input consumers source-reconciled in migration-openxr-session-toggle.md. Two-view array-chain ownership and bounded same-image wait present; Runtime/GPU correctness unverified; final Linux/ARM software qualification pending; live headset trials user-deferred.,migration-openxr-session-toggle.md,S,"`vr_openxr.cpp:1013,1028,1039,1077,1341`; `gl_vidsdl.c:5026`: bounded image ownership/events/submission. [review: final-scope-lead-source-review.md]"
XR-003,OpenXR and stereo goals,"OpenXR controller profiles, haptics and Steam Frame bindings",required surviving scope,Quake/vr_openxr.cpp;shared VR input logic,Backend per-hand simple/Touch/Index/Vive/Frame actions and focused logical-role haptics source-reconciled against official Valve documentation; inherited horizontal/Vive-cycle adapters786ca872 source-integrated under controller-axis-parity-2.0-plan.md; final Linux/ARM profile/input qualification pending,controller-axis-parity-2.0-plan.md,S,"`vr_openxr.cpp:456–497,694–717,997,1253,1268,1395`: profiles/actions, conditional Frame bindings and haptics. [review: final-scope-lead-source-review.md]"
XR-004,OpenXR and stereo goals,"Optional eye-gaze action, capability checks, freshness and user menu toggle",required surviving scope,Quake/vr_openxr.cpp;shared VR options/policy,Source-integrated optional separate gaze actions/system support/menu toggle and shared freshness/stability policy; official coupled tracking/expressed-time contract rechecked in openxr-gaze-source-checkpoint-2.0.md; final Linux/ARM software qualification pending; device/provider tests user-deferred,openxr-gaze-source-checkpoint-2.0.md,S,"`vr_openxr.cpp:668,957,1299`; `gl_vidsdl.c:5243`; `vr_foveation_policy.h:31`: optional finite/fresh tracked gaze. [review: final-scope-lead-source-review.md]"
XR-005,OpenXR and stereo goals,Portable eye-driven shading-rate foveation and protected-content policy,required surviving scope,Quake/gl_vidsdl.c;Quake/r_passes.c;Quake/vr_foveation_policy.h;Quake/vr_foveation_rate_map.h;existing native pipeline and world owners,"Current KHR device/sample/rate-map selection, shared gaze validity/stability, changed-map upload and protected native pipeline consumers source-reconciled in openxr-foveation-source-checkpoint-2.0.md; native two-view geometry/culling retained; end-of-implementation Linux/ARM software qualification pending; user measures performance later",openxr-foveation-source-checkpoint-2.0.md,S,"`gl_vidsdl.c:5091,5118`; `glquake.h:888`; `r_brush.c:1106`; `r_world.c:1452`: rate-map production/material admission. [review: final-scope-lead-source-review.md]"
XR-006,OpenXR and stereo goals,"Runtime density maps/eye profiles, image flags, offsets and fine-depth protection",required surviving scope,Quake/vr_openxr.cpp;donor attachment/pass owners,FB/META preference and two-eye offset adapters source-integrated under accepted interoperability assumptions; final Linux/ARM qualification pending,,S,`vr_openxr.cpp:1749`; `gl_vidsdl.c:5046`; `gl_rmain.c:2274`; `r_passes.c:1152`: paired centers/fine-depth/protected resolve. [review: final-scope-lead-source-review.md]
XR-007,OpenXR and stereo goals,"Explicit fixed foveation option, never default and never fallback",required surviving scope,Quake/view.c;Quake/menu.c;Quake/vr_foveation_policy.h;Quake/vr_openxr.cpp;Quake/gl_vidsdl.c,"Exact fixed-mode selection is explicit-only in shared KHR and FB/META consumers; default eye mode, unsupported/invalid gaze, focus loss and eye opt-out choose full rate rather than fixed; openxr-foveation-source-checkpoint-2.0.md; final Linux/ARM qualification pending",openxr-foveation-source-checkpoint-2.0.md,S,"`view.c:89`; `vr_foveation_policy.h:15,31`; `vr_openxr.cpp:1749`: eye default, explicit fixed mode and full-rate fallback. [review: final-scope-lead-source-review.md]"
XR-008,OpenXR and stereo goals,"Generic OpenXR trackers, HTCX persistent roles and Monado xdev preview",required surviving scope,Quake/vr_openxr.cpp;existing FBT manager,Source-integrated inherited manager/filter/profile/storage and current OpenXR/input/menu/palette consumers inspected in tracker-source-checkpoint-2.0.md; session/ABI/role limitations explicit; final Linux/ARM qualification pending,tracker-source-checkpoint-2.0.md,S,"`vr_openxr.cpp:567–615,932–955,1000,1328`: HTCX persistent roles/MNDX tracker spaces; stated ABI/startup limits. [review: final-scope-lead-source-review.md]"
XR-009,OpenXR and stereo goals,"Shared VR canvases, wheel/model/label adapters and calibration visuals",required surviving scope,Quake/gl_draw.c;existing VR layout and donor draw contexts,Shared wheel draw/hit matrix/model/label/foreground adapters source-present; full-basis opening grip remap and wheel-local calibration/view follow source-integrated6150cf39 without parallel renderer/input owner; migration-wheel-tracking-anchor-2.0-plan.md main/requested-Astra actual-diff acceptance; broader canvases/calibration visuals and final Linux/ARM qualification pending,migration-wheel-tracking-anchor-2.0-plan.md,S,"`gl_screen.c:1933–2102,2461–2467,2605`; existing calibration scene owner: shared draw/hit/model transforms. [review: final-scope-lead-source-review.md]"
XR-010,OpenXR and stereo goals,Shared stereo scene preparation and conservative two-eye visibility,required surviving scope,Quake/gl_rmain.c;Quake/r_world.c;donor task/pass/camera data,source mapped; integration/acceptance pending,,S,"`gl_rmain.c:811,2848`; `r_world.c:994`; `Shaders/indirect.comp:88`: shared preparation and either-eye visibility. [review: final-scope-lead-source-review.md]"
XR-011,OpenXR and stereo goals,Single-pass opaque world/models and per-eye transparency/UI exceptions,required surviving scope,Existing donor shaders/passes/material eligibility,source mapped; integration/acceptance pending,,Q,"`gl_rmain.c:2345–2465` uses shared sorting and center-leaf water partition; `gl_rmisc.c:114` bypasses sorting under OIT, but `gl_vidsdl.c:4677,5205–5208` permits OIT off. Resolve only the non-OIT eye/water-boundary exception or prove existing consumers suffice. [review: final-scope-lead-source-review.md]"
XR-012,OpenXR and stereo goals,Pipeline caching/warmup and camera descriptor reuse,required surviving scope,Donor pipeline cache/descriptor/frame owners,Source-integrated in07616cd1: retained bounded persistence adapted at native pipeline owner; all three creation sites receive cache; native warmup/camera reuse unchanged. Final requested-Astra source advice no P1/P2; Linux/ARM software qualification pending; no measured performance claim.,,S,"`gl_rmisc.c:3197,3242,3337,3425,3482,5072`: bounded persisted pipeline cache and actual native consumers. [review: final-scope-lead-source-review.md]"
PLAT-001,Platforms and delivery,"Windows native, Linux x86-64 and Linux ARM64 desktop/OpenXR clients",mixed; apply current user decisions,Meson;native Visual Studio;platform packaging,source mapped; integration/acceptance pending,,S,"Root `meson.build:340–424,531,560–568` selects platform sources/dependencies/install owners; `flake.nix:8,14,28–42` supplies Linux x86/ARM recipes. Builds remain unqualified. [review: final-scope-lead-source-review.md]"
PLAT-002,Platforms and delivery,Steam Frame streaming/standalone and Beyond 2e Linux/Monado qualification,mixed; apply current user decisions,Same shared engine/runtime interfaces and native ARM client,source mapped; integration/acceptance pending,,S,"`vr_openxr.cpp:1238,1490,1534,1638`, `gl_vidsdl.c:4746,5026,5181` connect runtime/device discovery, native Vulkan adoption and stereo submission. Target-device qualification remains separate. [review: final-scope-lead-source-review.md]"
PLAT-003,Platforms and delivery,"Linux GLIBC ceiling, loader discovery, native Windows build and runtime dependencies",mixed; apply current user decisions,Existing compatible Linux/native Windows builders adapted to donor,source mapped; integration/acceptance pending,,M,"Root `flake.nix:43–49` produces a store-bound installation, including an absolute loader link. Portable architecture-matched closure and GLIBC≤2.39 delivery remain missing. Reuse native packaging and executable-relative loader search at `vr_openxr.cpp:1213–1235`; P Linux workflow supplies the portability/ABI reference. [review: final-scope-lead-source-review.md]"
PLAT-004,Platforms and delivery,Steam Audio 4.8.1 Linux/Windows release integration and license route,mixed; apply current user decisions,Existing builders and package manifest owners,source mapped; integration/acceptance pending,,M,"Root `flake.nix:25,49` and current license inventory omit the inherited GPL3 notice from source/install closure. Reuse existing packaging for P’s `LICENSE-GPL-3.0.txt` and applicable component notices; P Linux workflow `:104`, `SPATIAL_AUDIO.md:42,50`. [review: final-scope-lead-source-review.md]"
PLAT-005,Platforms and delivery,"Canonical pak, defaults, runtime assets and stable three-platform package layout",required surviving scope,Donor embedded pak/build plus migrated product assets,source mapped; integration/acceptance pending,,S,"Root `meson.build:113–142,352,560–568` generates, consumes and installs native embedded resources; `flake.nix:47–48` installs desktop/icon assets. Portable closure remains PLAT-003. [review: final-scope-lead-source-review.md]"
PLAT-006,Platforms and delivery,"Private deployment/build tools, diagnostics and saved-state operations remain private",required surviving scope,Existing local tooling and documented adaptation points,source mapped; integration/acceptance pending,,S,Root `flake.nix:18–26` uses an explicit engine/build-resource source set. Private deployment material remains outside product packaging; final artifact inspection is pending. [review: final-scope-lead-source-review.md]
PLAT-007,Platforms and delivery,Inherited/new regression fixtures and behavior reference preservation,mixed; apply current user decisions,Existing source fixtures adapted to narrow donor boundaries,source mapped; integration/acceptance pending,,S,Existing focused production-owner test sources and pinned-reference ledgers remain qualification inputs. Their presence does not establish execution or parity; consolidated meaningful Linux/ARM checks remain required. [review: final-scope-lead-source-review.md] Actual retained fixtures: tests/vr_openxr_vulkan_fixture.cpp; tests/private_owner_snapshot_fixture.c; tests/avatar_retarget_fixture.c; tests/native_engine_fixture.h. Presence is not current execution.
PLAT-008,Platforms and delivery,Archived uncommitted movement/avatar/lighting work and divergent-branch reconciliation,mixed; apply current user decisions,Original subsystem owners; preserved snapshot and newest main fixes,source mapped; integration/acceptance pending,,S,`docs/migration-preservation.csv` retains the 12 nonempty `wip_sha256` records; `docs/final-scope-interface-history-2.0.md:36–54` reconciles WIP/research dispositions. Archival reconciliation and merge ownership survive; experimental contents are reference-only. Disposable substantive upstream merge rehearsal remains a delivery gate. [review: final-scope-lead-source-review.md]
PERF-F001,Fork performance preservation,"Existing renderer statistics, per-eye GPU timing, capability/fallback diagnostics",required surviving scope,Existing donor renderer statistics/timestamp/query owners,source mapped; integration/acceptance pending,,M,`gl_vidsdl.c:4523–4539` owns native frame/AO timing; `gl_rmain.c:2796–2811` lacks truthful frame availability/shared-stereo presentation. Preserve queries/counters; no fabricated per-eye split. [review: final-scope-lead-source-review.md]
PERF-F002,Fork performance preservation,OpenXR-branch compact BSP plane references and geometry preparation changes,required surviving scope,Donor BSP/model layout and surface-preparation jobs,Source-integrated3c440916: retained exact-count zero-filled plane allocation and face/node guards at native loader; initialized native lightstyle accumulator. No new compact-index API or geometry worker. Main/final requested-Astra bounded source acceptance; Linux/ARM qualification pending; no measured benefit claimed.,,S,"`gl_model.c:2458,2514,2640,2694,2748,3289`: initialized styles, bounded references and exact-count plane storage. [review: final-scope-lead-source-review.md]"
PERF-F003,Fork performance preservation,"Donor optional animated/ray-query shadows, moving receivers and custom-avatar compatibility",required surviving scope,Existing donor lighting/acceleration-structure owners,source mapped; integration/acceptance pending,,S,"`r_brush.c:3109`; `gl_mesh.c:1622,1746`; `gl_rmain.c:2887`: palette dependencies and animated BLAS/TLAS consumers. [review: final-scope-lead-source-review.md]"
NET-001,network,"NQ15/Fitz666/RMQ999 selection, extension intersection, per-peer limits: Q `sv_main:SV_Protocol_f/SV_SendServerinfo`. F deliberately fixes RMQ and bypasses negotiation.",required surviving scope,`protocol/sv_main/cl_parse`,source mapped; mixed-client acceptance pending,,S,"`sv_main.c:2889,3394,3456,3672`; `cl_parse.c:2014,2135`: protocol selection/intersection/limits/validation. [review: final-scope-lead-source-review.md]"
NET-002,network,"Private mandatory extensions: F `protocol:53–72`, `cl_parse:701`, `sv_main:1439`. **0x80 means EXPLICITCMDMSEC in F, INFOBLOBS in Q**; private svc57 also collides with DP entities.",required surviving scope,protocol negotiation/dispatch,source mapped; integration/acceptance pending,,S,"`protocol.h:461`; `sv_main.c:3421`; `cl_parse.c:2027,2075`; `sv_user.c:2108`: explicit private profile. [review: final-scope-lead-source-review.md]"
NET-003,network,"Replacement deltas: baseline resets, removals, extended entity numbers, changed fields, visibility/customization and resend history. Q/F `SVFTE_CalcEntityDeltas`, `CLFTE_ReadDelta`.",required surviving scope,`sv_main/cl_parse`,source mapped; integration/acceptance pending,,S,"`sv_main.c:1914,2256,2529,2669,2751,2803,4605`: recipient deltas/customization/solid/owner seeding. [review: final-scope-lead-source-review.md]"
NET-004,network,"Split snapshots with transport-sequence ACKs and stat/entity retransmission. F additionally repeats a self-contained owner and movement state, preserves contiguous ACKs and bounds packet progress: `sv_main:2795,4191`; `cl_parse:1610`.",required surviving scope,snapshot writer/parser,source mapped; integration/acceptance pending,,S,"`sv_main.c:1590,1656,2201,4702–4767`; `cl_parse.c:1376,1485`; `cl_input.c:812`: ACK/resend/continuation ownership. [review: final-scope-lead-source-review.md]"
NET-005,network,"RMQ coordinate/angle precision and richer solid encodings for prediction. Q `cl_parse:459`; F `cl_parse:1376`, `MSGFTE_WriteEntityUpdate`.",required surviving scope,`protocol/common/sv_main/cl_parse`,source mapped; integration/acceptance pending,,S,"`common.c:1319,1560`; `sv_main.c:1427`; `cl_parse.c:810,1033`; `pmove.c:2550`: precision/solid encoding consumers. [review: final-scope-lead-source-review.md]"
NET-006,network,"Byte/int/float/string stats, PREDINFO clientdata replacement, velocity/ground state and movement-variable stats. Q `SV_CalcStats`, `pr_ext:PMSV_SetMoveStats`; F `sv_main:2670`, `pmove:2580+`.",required surviving scope,`sv_main/cl_parse/pmove`,source mapped; integration/acceptance pending,,S,"`sv_main.c:1059,1094,1772,1819`; `cl_parse.c:1700,3101,3849`; `pmove.c:2704`: typed stats/movement variables. [review: final-scope-lead-source-review.md]"
NET-007,network,"Staged signon, dynamic precaches, extended baselines/statics and loading keepalives. Q/F `SV_SendPrespawn*`; F `SV_SendServerinfo` stages sounds.",required surviving scope,`sv_main/cl_parse`,source mapped; integration/acceptance pending,,M,"`pr_cmds.c:1497,1522`; `cl_parse.c:1908,2281,2977`: late-model tag and loading keepalive C01/C04. [review: final-scope-lead-source-review.md]"
NET-008,network,"Concrete parser gaps: F lacks `svcfte_setangledelta` and `svcfte_cgamepacket` dispatch; its `UF_DRAWFLAGS` omits conditional absolute-light byte. Q `cl_parse:524,4442,4807`.",required surviving scope,"`cl_parse`, existing QC event interface",Native angle/event/conditional absolute-light byte consumers source-present; migration-network-map.md current parser checkpoint records public/private dispatch and rendering limits; final Linux/ARM qualification pending,migration-network-map.md,S,"`cl_parse.c:1079,3565,3894`; `view.c:264`: native effect consumption, authoritative angles and public VM event gates. [review: final-scope-lead-source-review.md]"
NET-009,network,"CSQC entity create/update/remove, `SendEntity/SendFlags`, ACK resend and `enablecsqc` lifecycle. Q `sv_main:1093`; F `sv_main:2957`, `cl_parse:961`, `host_cmd:2386`.",required surviving scope,"`sv_main/cl_parse`, QC hooks",source mapped; integration/acceptance pending,,S,"`host.c:1064,1190`; `cl_main.c:2680,2765`; `sv_main.c:1610,2368,4725`; `cl_parse.c:2327–2438`: CSQC entity lifecycle. [review: final-scope-lead-source-review.md]"
NET-010,network,"Sequenced commands, wrap handling, duplicate rejection, first-two suppression. F adds current-plus-two-prior commands and 24-record server queue: `cl_input:947`, `sv_user:1283,1461`. Q sends one command.",required surviving scope,`cl_input/sv_user`,source mapped; integration/acceptance pending,,S,"`cl_input.c:1100,1152`; `sv_user.c:1199,1232,1440,1572`; `server.h:179`: bounded redundant command sequencing. [review: final-scope-lead-source-review.md]"
NET-011,network,"Explicit 1–125 ms duration, monotonic sampling/fractional carry; timestamp no longer donates lost time. F `cl_input:CL_SampleMoveMsec`, `sv_user:1177`. Q derives duration from clamped timestamps.",required surviving scope,`cl_input/sv_user`,source mapped; integration/acceptance pending,,S,"`cl_input.c:843`; `sv_user.c:657,1202`; `sv_phys.c:9899,10755`: finite monotonic msec and authority credit. [review: final-scope-lead-source-review.md]"
NET-012,network,"Render/input/network cadence separation. Q/F support negative `host_maxfps` pacing, accumulated input and one network pass; F retires `cl_netfps`.",required surviving scope,`host/cl_main`,source mapped; integration/acceptance pending,,S,"`host.c:156,187,1200,1235`; `cl_main.c:2664`: native render/physics cadence and once-render private command production. [review: final-scope-lead-source-review.md]"
NET-013,network,"Real prediction: authoritative origin/velocity/solids, movement variables, command-history and pending-command replay. Q `cl_main:1225`; F `CL_SetupPlayerPrediction/CL_ReplayPlayerCommands`.",required surviving scope,`cl_main/pmove`,Existing shared PMove/history/complete-snapshot replay owners retained; generic ordinary swimming adapter486a5a49 source-integrated with QC-authored force ownership and native ledge handoff under predictive-generic-liquid-2.0-plan.md; main/final requested-Astra bounded source acceptance; full movement and Linux/ARM software qualification pending,predictive-generic-liquid-2.0-plan.md,S,"`cl_main.c:1750–1981,2143`; `sv_phys.c:10389,10546,10618,10746`: replay, QC velocity and handoff/timer consumers. [review: final-scope-lead-source-review.md]"
NET-014,network,"ACK authority, prediction permission, mode/discontinuity epochs, error smoothing/quarantine. F `SV_WriteMoveAckPayloadToMessage`, `CL_ParseMoveAckPayload`, `CL_CheckPredictionError`.",required surviving scope,`sv_main/cl_parse/cl_main`,source mapped; integration/acceptance pending,,M,"`cl_main.c:275,2059`: correction storage/reset without producer/view consumer; optional smoothing C07. [review: final-scope-lead-source-review.md]"
NET-015,network,"Extended buttons, weapon/cursor inputs, QC input globals and typed CSEv requests. Q `sv_user:509,705`; F `CL_WriteUsercmd`, `SV_ReadQCRequest`, `pr_cmds:PR_GetSetInputs`. F uses private extbits, not Q’s long-button layout.",required surviving scope,"`cl_input/sv_user`, QC registry",source mapped; integration/acceptance pending,,S,"`cl_input.c:657,732`; `sv_user.c:794,1080,1940,2022`; `pr_ext.c:5815,6341`: private inputs and framed QC events. [review: final-scope-lead-source-review.md]"
NET-016,network,"NQ reliable fragmentation, ACK/EOM, retransmission, unreliable ordering and MSS changes between messages. Q/F/D `Datagram_SendMessage/ReSendMessage`.",required surviving scope,`net_dgrm/net_main`,source mapped; integration/acceptance pending,,S,"`net_dgrm.c:405,453,485,566,818`; `net_main.c:203`: fragmentation/retry/ACK/EOM and MSS bounds. [review: final-scope-lead-source-review.md]"
NET-017,network,"Shared listening sockets and NAT handling. Q callback receive; F adds queued demultiplexing, validated port remap, old-address suppression, stale-slot pruning and explicit timeout checks.",required surviving scope,`net_dgrm/net_main/sv_user`,source mapped; integration/acceptance pending,,S,"`net_dgrm.c:111–195,770,799,1811`; NAT review `:23`: validated remap; fast same-IP pruning explicitly rejected. [review: final-scope-lead-source-review.md]"
NET-018,network,Loopback sequence identity and reliable/unreliable buffering/reset. F `net_loop:Loop_GetMessage/Loop_SendUnreliableMessage`.,required surviving scope,`net_loop`,source mapped; integration/acceptance pending,,S,"`net_loop.c:33,71,136,184,217,268`; `net_main.c:163`: native loopback sequence/send/reset ownership. [review: final-scope-lead-source-review.md]"
NET-019,network,"IPv4/IPv6 drivers, nonblocking sockets and address handling: Q `net_udp/net_wins`, driver tables. F retains older IPv4 interfaces.",required surviving scope,`net_bsd/net_win/net_udp/net_wins`,native IPv4/IPv6 driver wiring source inspected; final Linux/ARM qualification pending,,S,"`net_bsd.c`, `net_win.c`, `net_udp.c`, `net_wins.c` match V; native driver IPv4/IPv6 dispatch retained. [review: final-scope-lead-source-review.md]"
NET-020,network,"LAN queries, public-master discovery/heartbeats, getinfo/status, RCON, challenge-connect and ProQuake angle/NAT handshake. Q `net_dgrm`; F chiefly classic control/connect.",required surviving scope,`net_dgrm/net_main`,source mapped; integration/acceptance pending,,M,`net_dgrm.c:2672`; `cl_parse.c:2060`: unsupported advertised dialects C05; native discovery/control remains. [review: final-scope-lead-source-review.md]
NET-021,network,"Serverinfo/userinfo key propagation, name/colors and QC-visible metadata. Q `cl_main:6994+`; F lacks matching handlers in scoped client/server files.",required surviving scope,"`cl_main/sv_main`, QC info interface",source mapped; integration/acceptance pending,,M,"`sv_main.c:3578`; `host_cmd.c:2423`; `host.c:646`; `pr_ext.c:4478,4528`: metadata/infokey C02/C03. [review: final-scope-lead-source-review.md]"
NET-022,network,"Server-directed game switch, catalogue installation and reconnect. F `CL_ServerModDownload_*`, `CL_MaybeSwitchServerGame`. Q’s per-file download pipeline differs.",required surviving scope,"`cl_main/cl_parse`, existing catalogue owner",source-integrated: actual cl_main/cl_parse catalogue/config/nonblocking-connect/signon/cancellation owners inspected; docs/migration-network-map.md server-mod checkpoint; final Linux/ARM software acceptance pending,migration-network-map.md,M,Lead next-tranche amendment: cl_parse.c:2286 Host_Error calls CL_Disconnect without cancelling timed reconnect; cl_main.c:665–673 retries. Primary cl_parse.c:850–862 cancels. Reuse existing load failure/cancel/plaque/menu boundary; current packet abort true. Same C06 as UI-004; other reconnect/install owners integrated. Review: final-scope-lead-source-review.md.
NET-023,network,"VR aim/muzzle and room-scale samples, body-relative capability and finite/outlier validation. F `CL_WriteUsercmd`, `SV_ReadUsercmd`, `SV_ValidateVRRoomScaleUsercmd`.",required surviving scope,`cl_input/sv_user`; movement application remains physics-owned,source mapped; integration/acceptance pending,,S,"`vr_input.c:5129`; `cl_input.c:703`; `sv_user.c:733,1486`; `sv_phys.c:3763,4367`: finite roomscale/private pose chain. [review: final-scope-lead-source-review.md]"
NET-024,network,"Akimbo/Berserk poses and weapon-contact payload/profile negotiation. F `MOVEEXT_VR_AKIMBO/CONTACT`, `SV_WriteWeaponContactProtocol`.",mixed; apply current user decisions,`cl_input/sv_user/sv_main`; melee policy stays existing owner,source mapped; integration/acceptance pending,,S,"`vr_input.c:4487,5159`; `cl_input.c:716`; `sv_user.c:760`; `sv_phys.c:4310,4401`: surviving paired-pose transport. [review: final-scope-lead-source-review.md]"
NET-025,network,"Raw/trusted Gorilla input, generations, contact identity and separately committed state sequence. F `CL_WriteUsercmd`, `SV_GorillaTrustedCommand`, ACK writer.",excluded historical feature,existing command/PMove/Gorilla owners,excluded from current goal; see migration-scope-decisions.md,migration-scope-decisions.md,X,Gorilla-specific transport/authority excluded; existing validation remains. [review: final-scope-lead-source-review.md]
NET-026,network,"VRIK v2/v3 framed poses, opt-in, sequence/generation, stale/inactive handling; avatar identity/selection messages. F `protocol:75+`, `CL_AppendVRIKPose`, `SV_ReadVRIKPose`, capability handlers.",required surviving scope,protocol/codec and client/server transport; avatar owner retains identity,Actual VRIK v2/v3/v4 capability/sender/server/recipient/lifecycle chain inspected in migration-vrik-review.md; codec/player identity directly reused and pending-offer retry integrated b5bd74ea; numeric/custom avatar owners retain independent negotiation; final Linux/ARM negotiation/framing/generation/presentation qualification pending,migration-vrik-review.md,S,"`cl_input.c:881`; `sv_user.c:1715,1877,2125`; `sv_main.c:540,590,625,4856`; `cl_parse.c:474,588`: negotiated pose relay/consumers. [review: final-scope-lead-source-review.md]"
NET-027,network,"Private voice framing/capability, source generation, rate limits and gameplay-first packet budgeting. F `svc_voice/clc_voice`, `SV_Voice*`, `CL_ParseVoicePacket`.",required surviving scope,existing voice transport callsites,Private voice framing/capability/source generation/rate and gameplay-first client/server send owners source-inspected in migration-spatial-audio-review.md; existing parser callback and inherited jitter consumers retained; optional capability retry integrated b5bd74ea; final Linux/ARM negotiated round-trip and saturation qualification pending,migration-spatial-audio-review.md,S,"`cl_parse.c:200,263,711`, `sv_user.c:1811,1848` implement capability/framing/full-body consumption. `sv_main.c:258,745,3644,4866` supplies generations, bounded relay, capacity-gated offers and gameplay-first sending; successful-send-only queue retirement is present. [review: final-scope-sidecar-source-review.md]"
NET-028,network,"PMove/QC authority: engine-compatible versus command-QC lifecycle, local-SP exclusion, ladder/customphysics gates, legacy tap latching. F `sv_user:2254`, `sv_pmove_policy.h`, `sv_phys:SV_RunPMoveForEntity`. Q’s simpler PreThink velocity restoration is superseded.",required surviving scope,`sv_user/sv_phys/pmove`,Existing unaware world-QC/accepted-command and cooperative hook/builtin347 owners source-present; ordinary generic swimming source-integrated486a5a49 with sticky native handoff and retained suffix; predictive-generic-liquid-2.0-plan.md. Arbitrary replacement hooks retain intentional authoritative correction without a proven replay contract; broader lifecycle and final Linux/ARM qualification pending,predictive-generic-liquid-2.0-plan.md,S,`host_cmd.c:3224` keeps ordinary solo native; `host_cmd.c:1656` exposes explicit `qsvr1`; `sv_main.c:863–897` gates shared-command admission. The accepted opt-in contract does not require primary’s solo exclusion. [review: final-scope-lead-source-review.md]
NET-029,network,"Coop collision/pickup/respawn policies remain physics/QC-owned. **M `sv_phys:6227` consumes tracking during MOVETYPE_NONE; X predates that guard**, plus teleport cleanup hooks in `pr_edict/sv_phys`.",required surviving scope,existing gameplay owners,source mapped; integration/acceptance pending,,S,"`sv_phys.c:3770,11403,11422,11562`; `world.c:565,2734,2778`; `pr_edict.c:169`: teleport/death/discontinuity lifecycle. [review: final-scope-lead-source-review.md]"
PERF-001,renderer,Worker scheduling,required surviving scope,Retain V scheduler and dependency ownership.,Actual native/adapted source owners inspected in renderer-source-checkpoint-2.0.md; final software qualification pending; no measured performance claim,renderer-source-checkpoint-2.0.md,S,"`tasks.c:296,453`: actual scalar/indexed scheduling and worker creation. [review: final-scope-lead-source-review.md]"
PERF-002,renderer,Multithreaded rendering,required surviving scope,Extend existing frame/command contexts for eyes; preserve dependencies.,Actual native/adapted source owners inspected in renderer-source-checkpoint-2.0.md; final software qualification pending; no measured performance claim,renderer-source-checkpoint-2.0.md,S,`gl_rmain.c:2848`: submitted renderer/particle/lightmap/BLAS dependency graph and retained serial path. [review: final-scope-lead-source-review.md]
PERF-003,renderer,Parallel texture loading/uploads,required surviving scope,Keep texture-manager and staging ownership.,Actual native/adapted source owners inspected in renderer-source-checkpoint-2.0.md; final software qualification pending; no measured performance claim,renderer-source-checkpoint-2.0.md,S,"`gl_model.c:1525,1847`: native texture jobs and join before return. [review: final-scope-lead-source-review.md]"
PERF-004,renderer,Parallel model skins,required surviving scope,Retain indexed skin jobs and joins.,Actual native/adapted source owners inspected in renderer-source-checkpoint-2.0.md; final software qualification pending; no measured performance claim,renderer-source-checkpoint-2.0.md,S,"`gl_model.c:4470,6609,6760`: MDL/MDX skin jobs, distinct slots and joined temporary lifetimes. [review: final-scope-lead-source-review.md]"
PERF-005,renderer,Parallel BSP calculations,required surviving scope,Reuse jobs; preserve BSP load ordering.,Actual native/adapted source owners inspected in renderer-source-checkpoint-2.0.md; final software qualification pending; no measured performance claim,renderer-source-checkpoint-2.0.md,S,`gl_model.c:2595`: indexed extents jobs with worker-context serial fallback. [review: final-scope-lead-source-review.md]
PERF-006,renderer,Avoid fixed-hunk dependence,required surviving scope,Keep V `Mem_*` and model lifetimes; do not import another allocator.,Actual native/adapted source owners inspected in renderer-source-checkpoint-2.0.md; final software qualification pending; no measured performance claim,renderer-source-checkpoint-2.0.md,S,"`mem.c:88,120`; native loader callers: dynamic allocation rather than replacement fixed heap. [review: final-scope-lead-source-review.md]"
PERF-007,renderer,Compact marksurfaces,required surviving scope,Preserve V indexed representation at source integration boundaries.,Actual native/adapted source owners inspected in renderer-source-checkpoint-2.0.md; final software qualification pending; no measured performance claim,renderer-source-checkpoint-2.0.md,S,`gl_model.h:795`; `gl_model.c:2973`: indexed marksurfaces consumed by native visibility. [review: final-scope-lead-source-review.md]
PERF-008,renderer,Avoid retained CPU polygon copies,required surviving scope,Audit V consumers before removing any demonstrated redundant copy; retain layout initially.,Actual native/adapted source owners inspected in renderer-source-checkpoint-2.0.md; final software qualification pending; no measured performance claim,renderer-source-checkpoint-2.0.md,S,`r_brush.c:2795`: uploaded ordinary polygons released; tiled/BSP consumers retained. [review: final-scope-lead-source-review.md]
PERF-009,renderer,Jumbo lightmap packing,required surviving scope,"Retain V packing, which serves its update layout.",Native data/draw/task paths compared against pinned references in renderer-source-checkpoint-2.0.md; native grouping/packing/lightmap/visibility owners retained without duplicate cache/renderer; final software qualification pending; no performance equivalence claim,renderer-source-checkpoint-2.0.md,S,"`r_brush.c:1994,1310`: native sorter/packing; sorter matches V `:1799`. [review: final-scope-lead-source-review.md]"
PERF-010,renderer,Jumbo BSP formats,required surviving scope,Preserve V widened formats and loader.,Actual native/adapted source owners inspected in renderer-source-checkpoint-2.0.md; final software qualification pending; no measured performance claim,renderer-source-checkpoint-2.0.md,S,"`gl_model.c:3716,3742`: BSP29/2PSB/BSP2/Valve/Quake64 loader dispatch. [review: final-scope-lead-source-review.md]"
PERF-011,renderer,Named maps without `-heapsize`,required surviving scope,First validate existing V allocation behavior.,Native dynamic calloc/realloc model/brush allocation owners source-present in mem.c and gl_model.c; no replacement fixed heap introduced. Named-map load/exit without -heapsize and final Linux/ARM software qualification pending; allocator presence is not map proof; RSS measurements user-deferred.,,S,"`mem.c:88,120` and native loader allocation; named-map load/exit remains qualification, not proven by allocation alone. [review: final-scope-lead-source-review.md]"
PERF-012,renderer,Reduced jumbo loading time,required surviving scope,Measure existing stages before selecting further changes.,Native indexed texture/BSP-extents/MDL/MDX loading tasks submit and join before temporary owner lifetimes end; worker-context serial paths retained. renderer-source-checkpoint-2.0.md; actual jumbo-map load/cleanup and final Linux/ARM qualification pending; no loading-time improvement measured.,renderer-source-checkpoint-2.0.md,S,"`gl_model.c:1847,2595,4470,6760`: actual parallel loading/join mechanisms; no measured speedup claimed. [review: final-scope-lead-source-review.md]"
PERF-013,renderer,PVS/frustum/backface culling,required surviving scope,Keep V marking/indirect chain; represent visibility conservatively for both eyes.,Actual native/adapted source owners inspected in renderer-source-checkpoint-2.0.md; final software qualification pending; no measured performance claim,renderer-source-checkpoint-2.0.md,S,`r_world.c:994`; stereo frusta; `Shaders/indirect.comp:88`: gaze-independent conservative visibility. [review: final-scope-lead-source-review.md]
PERF-014,renderer,Brush batching,required surviving scope,Reuse V groups/descriptors; preserve material and transparency boundaries.,Native data/draw/task paths compared against pinned references in renderer-source-checkpoint-2.0.md; native grouping/packing/lightmap/visibility owners retained without duplicate cache/renderer; final software qualification pending; no performance equivalence claim,renderer-source-checkpoint-2.0.md,S,`r_brush.c:1053`; `r_world.c:1234`: native direct/indirect material/atlas/alpha boundaries. [review: final-scope-lead-source-review.md]
PERF-015,renderer,GPU lightmap updates,required surviving scope,Retain V updater; share lighting work using visibility from both eyes.,Native data/draw/task paths compared against pinned references in renderer-source-checkpoint-2.0.md; native grouping/packing/lightmap/visibility owners retained without duplicate cache/renderer; final software qualification pending; no performance equivalence claim,renderer-source-checkpoint-2.0.md,S,`r_brush.c:3912`; `Shaders/update_lightmap.inc:289`: dirty-lightmap work and either-eye lighting admission. [review: final-scope-lead-source-review.md]
PERF-016,renderer,Existing no-VIS optimization,required surviving scope,Preserve observable no-VIS behavior through V visibility machinery; avoid duplicating caches.,Native data/draw/task paths compared against pinned references in renderer-source-checkpoint-2.0.md; native grouping/packing/lightmap/visibility owners retained without duplicate cache/renderer; final software qualification pending; no performance equivalence claim,renderer-source-checkpoint-2.0.md,S,`r_world.c:994`: native no-VIS/PVS and serial/worker paths; no claim of equal cost to primary GL cache. [review: final-scope-lead-source-review.md]
PERF-017,renderer,Alias instancing,required surviving scope,Adapt existing batching eligibility within V alias drawing.,Actual native/adapted source owners inspected in renderer-source-checkpoint-2.0.md; final software qualification pending; no measured performance claim,renderer-source-checkpoint-2.0.md,S,"`r_alias.c:91,110,135,397`; `gl_rmain.c:1216,1275`: bounded compatible instance batching and immediate exclusions. [review: final-scope-lead-source-review.md]"
PERF-018,renderer,Higher color precision,required surviving scope,Preserve V format negotiation through stereo intermediates/presentation.,Actual native/adapted source owners inspected in renderer-source-checkpoint-2.0.md; final software qualification pending; no measured performance claim,renderer-source-checkpoint-2.0.md,S,"`gl_vidsdl.c:1525,2749`: same native high-precision color/depth selection and stereo attachment consumers. [review: final-scope-lead-source-review.md]"
PERF-019,renderer,Higher depth precision,required surviving scope,Adapt asymmetric eye projections to V depth convention.,Actual native/adapted source owners inspected in renderer-source-checkpoint-2.0.md; final software qualification pending; no measured performance claim,renderer-source-checkpoint-2.0.md,S,"`gl_vidsdl.c:1525,2749`: same native high-precision color/depth selection and stereo attachment consumers. [review: final-scope-lead-source-review.md]"
PERF-020,renderer,Precise original-level z-fighting workaround,required surviving scope,Translate I bias and eligibility into existing V shaders if exact behavior is required.,Ironwail clip bias/eligibility adapted to native world/liquid shader paths; final software qualification pending,,S,`Shaders/world.vert:45`; `r_brush.c:1152`: masked reversed-Z bias matching I `gl_shaders.h:518`. [review: final-scope-lead-source-review.md]
PERF-021,renderer,Single-pass VR,required surviving scope,Extend existing V passes/shaders/targets; representative task-enabled opaque multiview is a P1 exit gate before bulk ports.,Actual native/adapted source owners inspected in renderer-source-checkpoint-2.0.md; final software qualification pending; no measured performance claim,renderer-source-checkpoint-2.0.md,Q,Same actual consumers and single shared design gate as XR-011. Primary shared sorting is intentional; no blanket sorter or forced-OIT policy. [review: final-scope-lead-source-review.md]
PERF-022,renderer,mj4m1 culling/batching result,required surviving scope,Establish baseline before modifying those mechanisms.,Actual native/adapted source owners inspected in renderer-source-checkpoint-2.0.md; final software qualification pending; no measured performance claim,renderer-source-checkpoint-2.0.md,S,`r_alias.c:1157`: loaded offscreen aliases rejected before skin/pose work; named-map correctness remains pending. [review: final-scope-lead-source-review.md]
PERF-023,renderer,Novel gains in desktop and VR,required surviving scope,Profile existing owners; select one bounded change from evidence.,Actual native/adapted source owners inspected in renderer-source-checkpoint-2.0.md; final software qualification pending; no measured performance claim,renderer-source-checkpoint-2.0.md,S,"`gl_mesh.c:1491,1662,1767`: exact untracked pose-cache reuse; tracked palettes bypass cache. [review: final-scope-lead-source-review.md]"
ASSET-001,renderer,PNG/TGA/JPG/JPEG decoding and lookup precedence,required surviving scope,Keep current vkQuake image loader with the already-added .jpeg search and PNG-before-TGA tie precedence.,Actual native loader/material paths inspected in asset-loading-source-checkpoint-2.0.md; bounded MDX lookup/recolor/texture-cache repairs source-integrated with main/local Astra assessment; final Linux/ARM asset qualification pending,asset-loading-source-checkpoint-2.0.md,S,`image.c:157`: path-priority-first image selection and native decoder dispatch. [review: final-scope-lead-source-review.md]
ASSET-002,renderer,MD3 truecolor skins,required surviving scope,Reuse V MD3/material path and retain source-required naming behavior.,Actual native loader/material paths inspected in asset-loading-source-checkpoint-2.0.md; bounded MDX lookup/recolor/texture-cache repairs source-integrated with main/local Astra assessment; final Linux/ARM asset qualification pending,asset-loading-source-checkpoint-2.0.md,S,"`gl_model.c:6609,8059`: MD3 fallback names feed native skin/material workers. [review: final-scope-lead-source-review.md]"
ASSET-003,renderer,MD5 truecolor skins,required surviving scope,Preserve V parsing/skin ownership; adapt source consumers narrowly.,Actual native loader/material paths inspected in asset-loading-source-checkpoint-2.0.md; bounded MDX lookup/recolor/texture-cache repairs source-integrated with main/local Astra assessment; final Linux/ARM asset qualification pending,asset-loading-source-checkpoint-2.0.md,S,`gl_model.c:7236`: MD5 loading through existing model/material ownership. [review: final-scope-lead-source-review.md]
ASSET-004,renderer,Model fullbrights,required surviving scope,Reuse glow/luma lookup and mask semantics.,Actual native loader/material paths inspected in asset-loading-source-checkpoint-2.0.md; bounded MDX lookup/recolor/texture-cache repairs source-integrated with main/local Astra assessment; final Linux/ARM asset qualification pending,asset-loading-source-checkpoint-2.0.md,S,`r_alias.c:391`; native skin descriptors: glow/luma/indexed fullbright consumers. [review: final-scope-lead-source-review.md]
ASSET-005,renderer,Truecolor level textures/fullbrights,required surviving scope,Preserve V texture manager and map precedence.,Actual native loader/material paths inspected in asset-loading-source-checkpoint-2.0.md; bounded MDX lookup/recolor/texture-cache repairs source-integrated with main/local Astra assessment; final Linux/ARM asset qualification pending,asset-loading-source-checkpoint-2.0.md,S,`gl_model.c:1525`: map/global external-texture search paths and actual loading. [review: final-scope-lead-source-review.md]
ASSET-006,renderer,Truecolor static models,required surviving scope,Use existing format loaders for static entities.,Actual native loader/material paths inspected in asset-loading-source-checkpoint-2.0.md; bounded MDX lookup/recolor/texture-cache repairs source-integrated with main/local Astra assessment; final Linux/ARM asset qualification pending,asset-loading-source-checkpoint-2.0.md,S,`gl_model.c:1540` and alias loaders: search-path precedence floor retained. [review: final-scope-lead-source-review.md]
ASSET-007,renderer,External WAD3/per-texture palettes,required surviving scope,Retain WAD/texture owners; preserve source validation requirements.,adapter present; runtime image proof pending,,S,"`gl_model.c:1228,1280,1706,1741`: WAD lists/palettes and bounded loader callers. [review: final-scope-lead-source-review.md]"
ASSET-008,renderer,Lightmapped liquids,required surviving scope,Retain V surface flags and water draw path.,vkQuake implementation present; runtime acceptance pending,,S,`gl_model.c:2539`; `r_world.c:1395`; `r_brush.c:1156`: lit-liquid samples/atlas consumers. [review: final-scope-lead-source-review.md]
ASSET-009,renderer,Lightstyle interpolation,required surviving scope,Keep V lighting owner and modes 0/1/2; reconcile GPU gate so inherited CPU-path interpolation remains available.,adapter present in R_AnimateLight for CPU/GPU paths; final software qualification pending,,S,"`gl_rlight.c:41`; `r_brush.c:1231,3912`: native CPU/GPU lighting-mode consumers. [review: final-scope-lead-source-review.md]"
