path,inherited_blob,product_changed,development_changed,source_blob,donor_blob,wip_sha256,disposition,current_master_blob,new_master_delta,feature_route,mapping_basis
.github/workflows/build-mingw.yml,82b9d37cf9e648c7b28ac799bff9ebe3e543549f,1,0,,7bb89ae159c0f527462ccd37c1a3ef9b5004143b,,historical deletion; review reason; do not restore automatically,,0,PLAT/BASE,support/dependency/history routing; review before import
.github/workflows/build-windows.yml,4923539b96d8676d8b6955bb9626c3d402738294,1,0,,05ff904e52ad83d0e3f6f341f27f3e0313f57348,,historical deletion; review reason; do not restore automatically,,0,PLAT/BASE,support/dependency/history routing; review before import
.github/workflows/linux-build.yml,,1,1,0b0725fd28399380d37bab4aed7863ac02098186,,,mapped to feature owner; behavioral integration/acceptance pending,5f00cebd167fab548afb6793eb16d21222b231e9,1,PLAT/BASE,support/dependency/history routing; review before import
.github/workflows/nightly-release.yml,,1,1,d4012dfc9fab383eac0c95b01ac163de9983be00,,,mapped to feature owner; behavioral integration/acceptance pending,49a4fdcf7e9049c0be0c9e128b11d16318ef5af6,1,PLAT/BASE,support/dependency/history routing; review before import
.github/workflows/windows-build.yml,,1,1,98f41d9d2763fc6d3390e817f11d5cf109f58334,,,mapped to feature owner; behavioral integration/acceptance pending,dd244601e72741347f028f24a6d2873e8c08c3aa,1,PLAT/BASE,support/dependency/history routing; review before import
.gitignore,ebda56f842579f90adb8c7f07570249c92457358,1,1,8436582936eb18b0c01c4f25824876c920659984,810f2a12f7f8c26b243ff269ac04b6ad22c716f5,,mapped to feature owner; behavioral integration/acceptance pending,18be3988d41236153e1b5a990c362fe8d948362d,0,PLAT/BASE,support/dependency/history routing; review before import
ENVIRONMENT_AUDIO_PLAN.md,,1,0,52733153234db0d73c153ad048364839f62edebf,,,mapped to feature owner; behavioral integration/acceptance pending,52733153234db0d73c153ad048364839f62edebf,0,AUDIO,module routing only; behavior closure pending
LICENSE-GPL-3.0.txt,,1,0,,,,mapped to feature owner; behavioral integration/acceptance pending,f288702d2fa16d3cdf0035b15a9fcbc552cd88e7,1,PLAT-004,explicit source anchors
LICENSE.txt,d159169d1050894d3ea3b98e1c965c4058208fe1,0,0,d159169d1050894d3ea3b98e1c965c4058208fe1,d159169d1050894d3ea3b98e1c965c4058208fe1,,mapped to feature owner; behavioral integration/acceptance pending,d159169d1050894d3ea3b98e1c965c4058208fe1,0,PLAT/BASE,support/dependency/history routing; review before import
Linux/CodeBlocks/QuakeSpasm-SDL2.cbp,8e3d29b753d15dc98ec84ec7e172f611b42e1748,1,0,16cd0390065038c9ccb439ec04bc0a69f464d191,,,mapped to feature owner; behavioral integration/acceptance pending,16cd0390065038c9ccb439ec04bc0a69f464d191,0,PLAT/BASE,support/dependency/history routing; review before import
Linux/CodeBlocks/QuakeSpasm.cbp,91780961fa64a1f369df84c413a32f6941830206,1,0,3a05e140561a04778dbba308e4104a4f167ea436,,,mapped to feature owner; behavioral integration/acceptance pending,3a05e140561a04778dbba308e4104a4f167ea436,0,PLAT/BASE,support/dependency/history routing; review before import
Linux/README_BUILD.txt,,1,0,dbf5114743592e076a51836077e3e437d0f0f948,,,mapped to feature owner; behavioral integration/acceptance pending,dbf5114743592e076a51836077e3e437d0f0f948,0,PLAT/BASE,support/dependency/history routing; review before import
Linux/net.sourceforge.quakespasm.Quakespasm.appdata.xml,ddded9f1eb6bbf942bdd44393fdf211f9f6cc50d,1,0,605364892865b37e7333f5ab5def00162229e218,,,mapped to feature owner; behavioral integration/acceptance pending,605364892865b37e7333f5ab5def00162229e218,0,NET/COOP/MOVE,module routing only; behavior closure pending
Linux/net.sourceforge.quakespasm.Quakespasm.desktop,c06a803742a83367b63fb7d1272ff81da0726454,1,0,3598a9d9a5d1c4d4e3ea83b1f8f172d470b21777,,,mapped to feature owner; behavioral integration/acceptance pending,3598a9d9a5d1c4d4e3ea83b1f8f172d470b21777,0,NET/COOP/MOVE,module routing only; behavior closure pending
Linux/sgml/Makefile.sgml,b5e21f24ec7e80074930d17f20bb412561982fd7,0,0,b5e21f24ec7e80074930d17f20bb412561982fd7,,,mapped to feature owner; behavioral integration/acceptance pending,b5e21f24ec7e80074930d17f20bb412561982fd7,0,PLAT/BASE,support/dependency/history routing; review before import
Linux/sgml/Quakespasm.sgml,159d8bdfd2af8f0a0f78166ea22ea04e8039a96a,1,0,aee73a5c7652e262e22e32df41a69af0fc2ceb52,,,mapped to feature owner; behavioral integration/acceptance pending,aee73a5c7652e262e22e32df41a69af0fc2ceb52,0,PLAT/BASE,support/dependency/history routing; review before import
Linux/sgml/sgml2rawtxt,d87d2d369a65a78ad4a6bfe54c84faa8715f718a,0,0,d87d2d369a65a78ad4a6bfe54c84faa8715f718a,,,mapped to feature owner; behavioral integration/acceptance pending,d87d2d369a65a78ad4a6bfe54c84faa8715f718a,0,PLAT/BASE,support/dependency/history routing; review before import
Linux/verify-runtime.sh,,0,1,287aba777a2da10ecfed32ded2846f8e62a744da,,,mapped to feature owner; behavioral integration/acceptance pending,,0,PLAT/BASE,support/dependency/history routing; review before import
MacOSX/AppController.h,8e559d6541093c77f15b134d1b0dce46d5c5fb99,1,0,,,,historical deletion; review reason; do not restore automatically,,0,PLAT/BASE,support/dependency/history routing; review before import
MacOSX/AppController.m,b20f5a5fcbb776838dd6c4884ce8f84ca7bd6dea,1,0,,,,historical deletion; review reason; do not restore automatically,,0,PLAT/BASE,support/dependency/history routing; review before import
MacOSX/Build_Instructions.md,556511abeccde895a87dbc0b50677202fb5f9eb2,1,0,,,,historical deletion; review reason; do not restore automatically,,0,PLAT/BASE,support/dependency/history routing; review before import
MacOSX/English.lproj/InfoPlist.strings,377042b19cfa1eb8cca4680ece1b6cc285738420,1,0,,,,historical deletion; review reason; do not restore automatically,,0,PLAT/BASE,support/dependency/history routing; review before import
MacOSX/English.lproj/Launcher.nib/designable.nib,ab710836315d0a64e214bac6011c84660dfa9e1c,1,0,,,,historical deletion; review reason; do not restore automatically,,0,PLAT/BASE,support/dependency/history routing; review before import
MacOSX/English.lproj/Launcher.nib/keyedobjects.nib,ab29189228dc594722ef6a65d421dd70a5847e9d,1,0,,,,historical deletion; review reason; do not restore automatically,,0,PLAT/BASE,support/dependency/history routing; review before import
MacOSX/Info.plist,b1ca216e09246101aefaf99aa5ff0b86483c0a90,1,0,,,,historical deletion; review reason; do not restore automatically,,0,PLAT/BASE,support/dependency/history routing; review before import
MacOSX/Launcher-Info.plist,7b944358a121690882faf62d6b993dbc6b42cc7f,1,0,,,,historical deletion; review reason; do not restore automatically,,0,PLAT/BASE,support/dependency/history routing; review before import
MacOSX/QuakeArgument.h,604daa26cb1c668274ab1917eb1f1e1cd69b2e27,1,0,,,,historical deletion; review reason; do not restore automatically,,0,PLAT/BASE,support/dependency/history routing; review before import
MacOSX/QuakeArgument.m,cdf3d162047166bb0cd43a198bc7eb0d3b05401d,1,0,,,,historical deletion; review reason; do not restore automatically,,0,PLAT/BASE,support/dependency/history routing; review before import
MacOSX/QuakeArguments.h,ffba1f37ae3d89126891ce5671d7adae4a14097f,1,0,,,,historical deletion; review reason; do not restore automatically,,0,PLAT/BASE,support/dependency/history routing; review before import
MacOSX/QuakeArguments.m,d632388be4de7bfb3f355c9f53f505fd7bc77d82,1,0,,,,historical deletion; review reason; do not restore automatically,,0,PLAT/BASE,support/dependency/history routing; review before import
MacOSX/QuakeSpasm.icns,e0f9cc170584c60df0b1f1b4642614d5ddf90248,1,0,,,,historical deletion; review reason; do not restore automatically,,0,PLAT/BASE,support/dependency/history routing; review before import
MacOSX/QuakeSpasm.xcodeproj/project.pbxproj,6d16e3d5ac4f13f0525848f32670640aefde82b5,1,0,,,,historical deletion; review reason; do not restore automatically,,0,PLAT/BASE,support/dependency/history routing; review before import
MacOSX/QuakeSpasm.xcodeproj/project.xcworkspace/contents.xcworkspacedata,e978855aed1bfdee807f6ff172b2e3be1b5de7a7,1,0,,,,historical deletion; review reason; do not restore automatically,,0,PLAT/BASE,support/dependency/history routing; review before import
MacOSX/QuakeSpasm.xcodeproj/xcshareddata/xcschemes/QuakeSpasm-SDL2-M1.xcscheme,b876f0acd2a8c1bc2f0a2949ce28bcc15053abbc,1,0,,,,historical deletion; review reason; do not restore automatically,,0,PLAT/BASE,support/dependency/history routing; review before import
MacOSX/QuakeSpasm.xcodeproj/xcshareddata/xcschemes/QuakeSpasm-SDL2-x64.xcscheme,a4a25a0e6de229f0b2399a670b99e970756b1935,1,0,,,,historical deletion; review reason; do not restore automatically,,0,PLAT/BASE,support/dependency/history routing; review before import
MacOSX/QuakeSpasm.xcodeproj/xcshareddata/xcschemes/QuakeSpasm.xcscheme,90de05386deaa183eb865e42fee5e07a0f9569d8,1,0,,,,historical deletion; review reason; do not restore automatically,,0,PLAT/BASE,support/dependency/history routing; review before import
MacOSX/QuakeSpasmPPC.xcodeproj/project.pbxproj,5db296efa5791b60dcdceff29ed379558a176d4b,1,0,,,,historical deletion; review reason; do not restore automatically,,0,PLAT/BASE,support/dependency/history routing; review before import
MacOSX/SDL.framework/Headers,a177d2a6b92600696030834c319f5e1434f9ee6a,1,0,,,,historical deletion; review reason; do not restore automatically,,0,PLAT/BASE,support/dependency/history routing; review before import
MacOSX/SDL.framework/License.rtf,706980dbbf98a68f36cfbbf048ec1d6a5c9fe567,1,0,,,,historical deletion; review reason; do not restore automatically,,0,PLAT/BASE,support/dependency/history routing; review before import
MacOSX/SDL.framework/ReadMe.txt,0731150319511f37aa5594bf1cf5f85315ef4e8b,1,0,,,,historical deletion; review reason; do not restore automatically,,0,PLAT/BASE,support/dependency/history routing; review before import
MacOSX/SDL.framework/Resources,953ee36f3bb709faf58a351e0b33c353e337c0a2,1,0,,,,historical deletion; review reason; do not restore automatically,,0,PLAT/BASE,support/dependency/history routing; review before import
MacOSX/SDL.framework/SDL,35e94c3af5b6dacd9d2bc568e940e044a2dd20a3,1,0,,,,historical deletion; review reason; do not restore automatically,,0,PLAT/BASE,support/dependency/history routing; review before import
MacOSX/SDL.framework/UniversalBinaryNotes.rtf,5585ecb5a61466af9cb2de37c948507009617135,1,0,,,,historical deletion; review reason; do not restore automatically,,0,PLAT/BASE,support/dependency/history routing; review before import
MacOSX/SDL.framework/Versions/A/Headers/SDL.h,6087b7cdd447742ee304329dc674c8883afe21b7,1,0,,,,historical deletion; review reason; do not restore automatically,,0,PLAT/BASE,support/dependency/history routing; review before import
MacOSX/SDL.framework/Versions/A/Headers/SDL_active.h,cd854e8928e7223de157eb47bc88fe0ca28c15e0,1,0,,,,historical deletion; review reason; do not restore automatically,,0,PLAT/BASE,support/dependency/history routing; review before import
MacOSX/SDL.framework/Versions/A/Headers/SDL_audio.h,e879c98966e05a99b7bf5ce3ff6c17efe2db9d18,1,0,,,,historical deletion; review reason; do not restore automatically,,0,AUDIO,module routing only; behavior closure pending
MacOSX/SDL.framework/Versions/A/Headers/SDL_byteorder.h,47332c3df7f79484378b8674c651f41b5f90486e,1,0,,,,historical deletion; review reason; do not restore automatically,,0,PLAT/BASE,support/dependency/history routing; review before import
MacOSX/SDL.framework/Versions/A/Headers/SDL_cdrom.h,febb19dcc7bb6e147d1a6226e6c534ed6ebf86aa,1,0,,,,historical deletion; review reason; do not restore automatically,,0,PLAT/BASE,support/dependency/history routing; review before import
MacOSX/SDL.framework/Versions/A/Headers/SDL_config.h,09ba38a7110eb1b78ce767aead610effc10ae240,1,0,,,,historical deletion; review reason; do not restore automatically,,0,UI/BASE/VR,module routing only; behavior closure pending
MacOSX/SDL.framework/Versions/A/Headers/SDL_config_macosx.h,c05712ee418fff6e0c6e7ed4267579503ccb83c0,1,0,,,,historical deletion; review reason; do not restore automatically,,0,UI/BASE/VR,module routing only; behavior closure pending
MacOSX/SDL.framework/Versions/A/Headers/SDL_copying.h,b5b64f29948548aa20b4981165e2911c18eb423c,1,0,,,,historical deletion; review reason; do not restore automatically,,0,PLAT/BASE,support/dependency/history routing; review before import
MacOSX/SDL.framework/Versions/A/Headers/SDL_cpuinfo.h,4200d6d1707f6960e4cb38f5783fdb5cbe3fef89,1,0,,,,historical deletion; review reason; do not restore automatically,,0,PLAT/BASE,support/dependency/history routing; review before import
MacOSX/SDL.framework/Versions/A/Headers/SDL_endian.h,4a99d0e826466d26fcfd6c2fd526abac3993b38a,1,0,,,,historical deletion; review reason; do not restore automatically,,0,PLAT/BASE,support/dependency/history routing; review before import
MacOSX/SDL.framework/Versions/A/Headers/SDL_error.h,4e1cce3b177a1bdf7f4937a551d4dda0927ba48a,1,0,,,,historical deletion; review reason; do not restore automatically,,0,PLAT/BASE,support/dependency/history routing; review before import
MacOSX/SDL.framework/Versions/A/Headers/SDL_events.h,94b420251874f760abaf7916cac84067eb2dd20f,1,0,,,,historical deletion; review reason; do not restore automatically,,0,PLAT/BASE,support/dependency/history routing; review before import
MacOSX/SDL.framework/Versions/A/Headers/SDL_getenv.h,bea630077c13df88797d6b8deb368db8cd338e85,1,0,,,,historical deletion; review reason; do not restore automatically,,0,PLAT/BASE,support/dependency/history routing; review before import
MacOSX/SDL.framework/Versions/A/Headers/SDL_joystick.h,708d1a9f09617aae39eb3819c9cb8e2acfd54995,1,0,,,,historical deletion; review reason; do not restore automatically,,0,PLAT/BASE,support/dependency/history routing; review before import
MacOSX/SDL.framework/Versions/A/Headers/SDL_keyboard.h,9d7129c526f435bc404f9b1dc0d98182c9459ca9,1,0,,,,historical deletion; review reason; do not restore automatically,,0,PLAT/BASE,support/dependency/history routing; review before import
MacOSX/SDL.framework/Versions/A/Headers/SDL_keysym.h,f2ad12b81ef5725e3d975c9ad3a775fa50aa6cb6,1,0,,,,historical deletion; review reason; do not restore automatically,,0,UI/BASE/VR,module routing only; behavior closure pending
MacOSX/SDL.framework/Versions/A/Headers/SDL_loadso.h,0c5e5362deca1411d6e50ad43b403408a75f7bfe,1,0,,,,historical deletion; review reason; do not restore automatically,,0,PLAT/BASE,support/dependency/history routing; review before import
MacOSX/SDL.framework/Versions/A/Headers/SDL_main.h,ab50ef1e290b1c947b66b08504e6ef4228e28491,1,0,,,,historical deletion; review reason; do not restore automatically,,0,PLAT/BASE,support/dependency/history routing; review before import
MacOSX/SDL.framework/Versions/A/Headers/SDL_mouse.h,7c563b94da51f92a7d78190136a3a68b49958848,1,0,,,,historical deletion; review reason; do not restore automatically,,0,PLAT/BASE,support/dependency/history routing; review before import
MacOSX/SDL.framework/Versions/A/Headers/SDL_mutex.h,c8da9b1a00e6ba72270b23d75ebf9bc758077e90,1,0,,,,historical deletion; review reason; do not restore automatically,,0,PLAT/BASE,support/dependency/history routing; review before import
MacOSX/SDL.framework/Versions/A/Headers/SDL_name.h,511619af561713b72b349612ad7d4080aa570525,1,0,,,,historical deletion; review reason; do not restore automatically,,0,PLAT/BASE,support/dependency/history routing; review before import
MacOSX/SDL.framework/Versions/A/Headers/SDL_opengl.h,163872a6b063aebee27f103b11fc3a7711266e59,1,0,,,,historical deletion; review reason; do not restore automatically,,0,PLAT/BASE,support/dependency/history routing; review before import
MacOSX/SDL.framework/Versions/A/Headers/SDL_platform.h,bcbd7b666c625934101b315c1c516ac1e2a911e9,1,0,,,,historical deletion; review reason; do not restore automatically,,0,PLAT/BASE,support/dependency/history routing; review before import
MacOSX/SDL.framework/Versions/A/Headers/SDL_quit.h,abd2ec6c941c49863653b0ae9baf65c7e64d32a1,1,0,,,,historical deletion; review reason; do not restore automatically,,0,PLAT/BASE,support/dependency/history routing; review before import
MacOSX/SDL.framework/Versions/A/Headers/SDL_rwops.h,98361d7e194c20caa26814dab3cfc77503fe2818,1,0,,,,historical deletion; review reason; do not restore automatically,,0,PLAT/BASE,support/dependency/history routing; review before import
MacOSX/SDL.framework/Versions/A/Headers/SDL_stdinc.h,e8e542f14f6f99bac561357059f069a413353152,1,0,,,,historical deletion; review reason; do not restore automatically,,0,PLAT/BASE,support/dependency/history routing; review before import
MacOSX/SDL.framework/Versions/A/Headers/SDL_syswm.h,40845b641a5bae58db23395ae41bf9bee809dfd1,1,0,,,,historical deletion; review reason; do not restore automatically,,0,PLAT/BASE,support/dependency/history routing; review before import
MacOSX/SDL.framework/Versions/A/Headers/SDL_thread.h,b7d5a9172ea0abaf9258ebdd412302e6811339de,1,0,,,,historical deletion; review reason; do not restore automatically,,0,PLAT/BASE,support/dependency/history routing; review before import
MacOSX/SDL.framework/Versions/A/Headers/SDL_timer.h,d764d5f3813ee938eceeaf223cf0bd3ab2ec78c9,1,0,,,,historical deletion; review reason; do not restore automatically,,0,PLAT/BASE,support/dependency/history routing; review before import
MacOSX/SDL.framework/Versions/A/Headers/SDL_types.h,79d8b28dd0b195868f80368e8471e1044322e21b,1,0,,,,historical deletion; review reason; do not restore automatically,,0,PLAT/BASE,support/dependency/history routing; review before import
MacOSX/SDL.framework/Versions/A/Headers/SDL_version.h,4385ebf0bff95884791566f639ee83198ab5b71f,1,0,,,,historical deletion; review reason; do not restore automatically,,0,PLAT/BASE,support/dependency/history routing; review before import
MacOSX/SDL.framework/Versions/A/Headers/SDL_video.h,aa0459cde0da6745669c711153ba5f2dfd467532,1,0,,,,historical deletion; review reason; do not restore automatically,,0,PLAT/BASE,support/dependency/history routing; review before import
MacOSX/SDL.framework/Versions/A/Headers/begin_code.h,1c8a2a03a085636cdc2315d025ba30e815ba708b,1,0,,,,historical deletion; review reason; do not restore automatically,,0,UI/BASE/VR,module routing only; behavior closure pending
MacOSX/SDL.framework/Versions/A/Headers/close_code.h,7a97d88e8d8af9358042c55b823b2e6b548b296a,1,0,,,,historical deletion; review reason; do not restore automatically,,0,PLAT/BASE,support/dependency/history routing; review before import
MacOSX/SDL.framework/Versions/A/Resources/Info.plist,179cf4f0fae2c97c042c110281ec9c4c79c981f3,1,0,,,,historical deletion; review reason; do not restore automatically,,0,PLAT/BASE,support/dependency/history routing; review before import
MacOSX/SDL.framework/Versions/A/Resources/SDLMain.nib/objects.nib,9f697b0ee789b08c47c65d0f88be7ebaaa2ca3f8,1,0,,,,historical deletion; review reason; do not restore automatically,,0,PLAT/BASE,support/dependency/history routing; review before import
MacOSX/SDL.framework/Versions/A/SDL,aff4f5a7c0afde76f38a7c873b1ef53dce476967,1,0,,,,historical deletion; review reason; do not restore automatically,,0,PLAT/BASE,support/dependency/history routing; review before import
MacOSX/SDL.framework/Versions/A/devel-lite/ReadMeDevLite.txt,d2cd793c5c6dbca96ca8a7159aed40db9fe8139e,1,0,,,,historical deletion; review reason; do not restore automatically,,0,PLAT/BASE,support/dependency/history routing; review before import
MacOSX/SDL.framework/Versions/A/devel-lite/SDLMain.h,c56d90cbe86d8cdabc8a3170b502e635d7a4e9e9,1,0,,,,historical deletion; review reason; do not restore automatically,,0,PLAT/BASE,support/dependency/history routing; review before import
MacOSX/SDL.framework/Versions/A/devel-lite/SDLMain.m,07d392eef5119a6b2d61b9a8cbec9ab162fc4a64,1,0,,,,historical deletion; review reason; do not restore automatically,,0,PLAT/BASE,support/dependency/history routing; review before import
MacOSX/SDL.framework/Versions/Current,8c7e5a667f1b771847fe88c01c3de34413a1b220,1,0,,,,historical deletion; review reason; do not restore automatically,,0,PLAT/BASE,support/dependency/history routing; review before import
MacOSX/SDL2.framework/Headers,a177d2a6b92600696030834c319f5e1434f9ee6a,1,0,,,,historical deletion; review reason; do not restore automatically,,0,PLAT/BASE,support/dependency/history routing; review before import
MacOSX/SDL2.framework/Resources,953ee36f3bb709faf58a351e0b33c353e337c0a2,1,0,,,,historical deletion; review reason; do not restore automatically,,0,PLAT/BASE,support/dependency/history routing; review before import
MacOSX/SDL2.framework/SDL2,9dd4e4fbb81e87c27e8f529b9cc4d05e8cc9afad,1,0,,,,historical deletion; review reason; do not restore automatically,,0,PLAT/BASE,support/dependency/history routing; review before import
MacOSX/SDL2.framework/Versions/A/Headers/SDL.h,7cdd3243d64035b45ac27cb874da839218b9efce,1,0,,,,historical deletion; review reason; do not restore automatically,,0,PLAT/BASE,support/dependency/history routing; review before import
MacOSX/SDL2.framework/Versions/A/Headers/SDL_assert.h,d6584816d4337eb863ea9410f16c0f27ba4356a9,1,0,,,,historical deletion; review reason; do not restore automatically,,0,PLAT/BASE,support/dependency/history routing; review before import
MacOSX/SDL2.framework/Versions/A/Headers/SDL_atomic.h,d37ef53c536f2aca5a343bd68cd8f1cf513c517c,1,0,,,,historical deletion; review reason; do not restore automatically,,0,PLAT/BASE,support/dependency/history routing; review before import
MacOSX/SDL2.framework/Versions/A/Headers/SDL_audio.h,ab25ec93d5b9025b6dd3053591794a595798fb15,1,0,,,,historical deletion; review reason; do not restore automatically,,0,AUDIO,module routing only; behavior closure pending
MacOSX/SDL2.framework/Versions/A/Headers/SDL_bits.h,22cb853140ddf45249fec2e541faaae608ac2f15,1,0,,,,historical deletion; review reason; do not restore automatically,,0,PLAT/BASE,support/dependency/history routing; review before import
MacOSX/SDL2.framework/Versions/A/Headers/SDL_blendmode.h,08c9f9dd6534643cbd09bc05e192d8af06e5466b,1,0,,,,historical deletion; review reason; do not restore automatically,,0,PLAT/BASE,support/dependency/history routing; review before import
MacOSX/SDL2.framework/Versions/A/Headers/SDL_clipboard.h,935136305a8de09f396f4ea1f36714bcbdfd71e9,1,0,,,,historical deletion; review reason; do not restore automatically,,0,PLAT/BASE,support/dependency/history routing; review before import
MacOSX/SDL2.framework/Versions/A/Headers/SDL_config.h,7afefabe25244e35ff72bda974eab240ee8eb5a1,1,0,,,,historical deletion; review reason; do not restore automatically,,0,UI/BASE/VR,module routing only; behavior closure pending
MacOSX/SDL2.framework/Versions/A/Headers/SDL_config_macosx.h,ca02098847e4d66494175eb894fbb29ae623f8cc,1,0,,,,historical deletion; review reason; do not restore automatically,,0,UI/BASE/VR,module routing only; behavior closure pending
MacOSX/SDL2.framework/Versions/A/Headers/SDL_cpuinfo.h,518e31e996e63ec8a1d52bb5adcd15fc1e8b7e91,1,0,,,,historical deletion; review reason; do not restore automatically,,0,PLAT/BASE,support/dependency/history routing; review before import
MacOSX/SDL2.framework/Versions/A/Headers/SDL_endian.h,11ea6c663a63627fb7da5be939ea2d26c12535d2,1,0,,,,historical deletion; review reason; do not restore automatically,,0,PLAT/BASE,support/dependency/history routing; review before import
MacOSX/SDL2.framework/Versions/A/Headers/SDL_error.h,5c961e4284ef46afb1eb62bd39d9520c2e058119,1,0,,,,historical deletion; review reason; do not restore automatically,,0,PLAT/BASE,support/dependency/history routing; review before import
MacOSX/SDL2.framework/Versions/A/Headers/SDL_events.h,7e469070ecd1655ed22a16ffb463e4cce5a99a29,1,0,,,,historical deletion; review reason; do not restore automatically,,0,PLAT/BASE,support/dependency/history routing; review before import
MacOSX/SDL2.framework/Versions/A/Headers/SDL_filesystem.h,16f02e287dd7fc4cbb7f5c2d9c106603b10146af,1,0,,,,historical deletion; review reason; do not restore automatically,,0,PLAT/BASE,support/dependency/history routing; review before import
MacOSX/SDL2.framework/Versions/A/Headers/SDL_gamecontroller.h,548861083cd3eb260a7a45be47a996bbe64aeeb5,1,0,,,,historical deletion; review reason; do not restore automatically,,0,PLAT/BASE,support/dependency/history routing; review before import
MacOSX/SDL2.framework/Versions/A/Headers/SDL_gesture.h,e2caea2a9256398390103757892e3b95b1d05fa8,1,0,,,,historical deletion; review reason; do not restore automatically,,0,PLAT/BASE,support/dependency/history routing; review before import
MacOSX/SDL2.framework/Versions/A/Headers/SDL_haptic.h,f240ae927211e66abba5d3389dd81736ea135d18,1,0,,,,historical deletion; review reason; do not restore automatically,,0,PLAT/BASE,support/dependency/history routing; review before import
MacOSX/SDL2.framework/Versions/A/Headers/SDL_hidapi.h,354af5c52dbaba5332de3929ac0509890ad775d7,1,0,,,,historical deletion; review reason; do not restore automatically,,0,PLAT/BASE,support/dependency/history routing; review before import
MacOSX/SDL2.framework/Versions/A/Headers/SDL_hints.h,ea819c85d3af7fc02a2a6f3b4150797e59388df5,1,0,,,,historical deletion; review reason; do not restore automatically,,0,PLAT/BASE,support/dependency/history routing; review before import
MacOSX/SDL2.framework/Versions/A/Headers/SDL_joystick.h,07e2b1561542f0f03949ba957a00601f17a16e6d,1,0,,,,historical deletion; review reason; do not restore automatically,,0,PLAT/BASE,support/dependency/history routing; review before import
MacOSX/SDL2.framework/Versions/A/Headers/SDL_keyboard.h,0aa5990760c37f7d5baa35a5c7785c7c14da11ad,1,0,,,,historical deletion; review reason; do not restore automatically,,0,PLAT/BASE,support/dependency/history routing; review before import
MacOSX/SDL2.framework/Versions/A/Headers/SDL_keycode.h,35602541a581f3057b1ef24a5ac7915aba186397,1,0,,,,historical deletion; review reason; do not restore automatically,,0,PLAT/BASE,support/dependency/history routing; review before import
MacOSX/SDL2.framework/Versions/A/Headers/SDL_loadso.h,61857c813764ac1e4f8f6bb0c5294f27c9f5b9ac,1,0,,,,historical deletion; review reason; do not restore automatically,,0,PLAT/BASE,support/dependency/history routing; review before import
MacOSX/SDL2.framework/Versions/A/Headers/SDL_locale.h,751577994752918566eb19dda4c417c173a7071e,1,0,,,,historical deletion; review reason; do not restore automatically,,0,PLAT/BASE,support/dependency/history routing; review before import
MacOSX/SDL2.framework/Versions/A/Headers/SDL_log.h,345e76413180eb3963f3bdbea1cc2672186c60bf,1,0,,,,historical deletion; review reason; do not restore automatically,,0,PLAT/BASE,support/dependency/history routing; review before import
MacOSX/SDL2.framework/Versions/A/Headers/SDL_main.h,b3fec15feb0a31e6531978c4a876b2e8a3206387,1,0,,,,historical deletion; review reason; do not restore automatically,,0,PLAT/BASE,support/dependency/history routing; review before import
MacOSX/SDL2.framework/Versions/A/Headers/SDL_messagebox.h,d763534d216e9afbc82c93c4a7a71eb8ccadc323,1,0,,,,historical deletion; review reason; do not restore automatically,,0,PLAT/BASE,support/dependency/history routing; review before import
MacOSX/SDL2.framework/Versions/A/Headers/SDL_metal.h,eb308287928770eb4023c1246fa30945aa283410,1,0,,,,historical deletion; review reason; do not restore automatically,,0,PLAT/BASE,support/dependency/history routing; review before import
MacOSX/SDL2.framework/Versions/A/Headers/SDL_misc.h,261b6b8713e0190a514c6ab37a680123bfd7a354,1,0,,,,historical deletion; review reason; do not restore automatically,,0,PLAT/BASE,support/dependency/history routing; review before import
MacOSX/SDL2.framework/Versions/A/Headers/SDL_mouse.h,1d4a2db0d23c0beafaff77c82bde64362d3d0098,1,0,,,,historical deletion; review reason; do not restore automatically,,0,PLAT/BASE,support/dependency/history routing; review before import
MacOSX/SDL2.framework/Versions/A/Headers/SDL_mutex.h,173468f6ace65a70969f60d0c74d34336b0ac547,1,0,,,,historical deletion; review reason; do not restore automatically,,0,PLAT/BASE,support/dependency/history routing; review before import
MacOSX/SDL2.framework/Versions/A/Headers/SDL_name.h,6ff35b46efe0d2fc27e05dc5b0b834940f13f2f8,1,0,,,,historical deletion; review reason; do not restore automatically,,0,PLAT/BASE,support/dependency/history routing; review before import
MacOSX/SDL2.framework/Versions/A/Headers/SDL_opengl.h,9aed5035a9dd35bc7a6aa8ef9bd0f929065473cf,1,0,,,,historical deletion; review reason; do not restore automatically,,0,PLAT/BASE,support/dependency/history routing; review before import
MacOSX/SDL2.framework/Versions/A/Headers/SDL_opengl_glext.h,6a402b15a2235e11267e883a05fb61c899f46cb9,1,0,,,,historical deletion; review reason; do not restore automatically,,0,PLAT/BASE,support/dependency/history routing; review before import
MacOSX/SDL2.framework/Versions/A/Headers/SDL_opengles.h,8511b9607f1185a81b606d9eb3fc6915fd4d6393,1,0,,,,historical deletion; review reason; do not restore automatically,,0,PLAT/BASE,support/dependency/history routing; review before import
MacOSX/SDL2.framework/Versions/A/Headers/SDL_opengles2.h,172fcb3f4476a251d3dc9a339592b2ce6b21955a,1,0,,,,historical deletion; review reason; do not restore automatically,,0,PLAT/BASE,support/dependency/history routing; review before import
MacOSX/SDL2.framework/Versions/A/Headers/SDL_opengles2_gl2.h,c62fb0a547fee09b58c31f1c0471fa7414e465e3,1,0,,,,historical deletion; review reason; do not restore automatically,,0,PLAT/BASE,support/dependency/history routing; review before import
MacOSX/SDL2.framework/Versions/A/Headers/SDL_opengles2_gl2ext.h,e8ca8b13f1ac54933fc52d4bafe50fcdcacd0a96,1,0,,,,historical deletion; review reason; do not restore automatically,,0,PLAT/BASE,support/dependency/history routing; review before import
MacOSX/SDL2.framework/Versions/A/Headers/SDL_opengles2_gl2platform.h,c325686f0147604bc509be81a62922077b28a4de,1,0,,,,historical deletion; review reason; do not restore automatically,,0,PLAT/BASE,support/dependency/history routing; review before import
MacOSX/SDL2.framework/Versions/A/Headers/SDL_opengles2_khrplatform.h,c9e6f17d3434177459142f05e81285bd68103535,1,0,,,,historical deletion; review reason; do not restore automatically,,0,PLAT/BASE,support/dependency/history routing; review before import
MacOSX/SDL2.framework/Versions/A/Headers/SDL_pixels.h,feef30a68a39f197a14f9d5b84fce4d11c99c519,1,0,,,,historical deletion; review reason; do not restore automatically,,0,PLAT/BASE,support/dependency/history routing; review before import
MacOSX/SDL2.framework/Versions/A/Headers/SDL_platform.h,90f525407a8136eff431d8d4f61b22a7d0e031c3,1,0,,,,historical deletion; review reason; do not restore automatically,,0,PLAT/BASE,support/dependency/history routing; review before import
MacOSX/SDL2.framework/Versions/A/Headers/SDL_power.h,ecb3f4b023439623531d011421b493f47e8dd018,1,0,,,,historical deletion; review reason; do not restore automatically,,0,PLAT/BASE,support/dependency/history routing; review before import
MacOSX/SDL2.framework/Versions/A/Headers/SDL_quit.h,4090f7f19ba249403f14dfb8416ac63bb7ac86aa,1,0,,,,historical deletion; review reason; do not restore automatically,,0,PLAT/BASE,support/dependency/history routing; review before import
MacOSX/SDL2.framework/Versions/A/Headers/SDL_rect.h,6c641c581c5210451efa525add7aa291ab4ffaab,1,0,,,,historical deletion; review reason; do not restore automatically,,0,PLAT/BASE,support/dependency/history routing; review before import
MacOSX/SDL2.framework/Versions/A/Headers/SDL_render.h,d859e3fd627949bf508cf7a5e5491cc7d19791fe,1,0,,,,historical deletion; review reason; do not restore automatically,,0,PLAT/BASE,support/dependency/history routing; review before import
MacOSX/SDL2.framework/Versions/A/Headers/SDL_revision.h,578d0b820ca418ee50f35e004abf7423554c9b34,1,0,,,,historical deletion; review reason; do not restore automatically,,0,PLAT/BASE,support/dependency/history routing; review before import
MacOSX/SDL2.framework/Versions/A/Headers/SDL_rwops.h,71e5c8db825a451964c811a78e3c4c13e35015b9,1,0,,,,historical deletion; review reason; do not restore automatically,,0,PLAT/BASE,support/dependency/history routing; review before import
MacOSX/SDL2.framework/Versions/A/Headers/SDL_scancode.h,5b2c67c8fc0fce2f10c3d489e39ea00b07b566d2,1,0,,,,historical deletion; review reason; do not restore automatically,,0,PLAT/BASE,support/dependency/history routing; review before import
MacOSX/SDL2.framework/Versions/A/Headers/SDL_sensor.h,a2f30e0f8f6f1760c3260c87aead8e8cee79015c,1,0,,,,historical deletion; review reason; do not restore automatically,,0,PLAT/BASE,support/dependency/history routing; review before import
MacOSX/SDL2.framework/Versions/A/Headers/SDL_shape.h,1bca9270e5cfe7718f3bdca81a4e22f61f1767ea,1,0,,,,historical deletion; review reason; do not restore automatically,,0,PLAT/BASE,support/dependency/history routing; review before import
MacOSX/SDL2.framework/Versions/A/Headers/SDL_stdinc.h,cc20e09133e74344bc033bd147dcab9d16c1dcbc,1,0,,,,historical deletion; review reason; do not restore automatically,,0,PLAT/BASE,support/dependency/history routing; review before import
MacOSX/SDL2.framework/Versions/A/Headers/SDL_surface.h,838de654eed7615790da5c6a02b9d790d66f6dfa,1,0,,,,historical deletion; review reason; do not restore automatically,,0,PLAT/BASE,support/dependency/history routing; review before import
MacOSX/SDL2.framework/Versions/A/Headers/SDL_system.h,c540e4748519b6f37f0cafdef23bf39c4d013da3,1,0,,,,historical deletion; review reason; do not restore automatically,,0,PLAT/BASE,support/dependency/history routing; review before import
MacOSX/SDL2.framework/Versions/A/Headers/SDL_syswm.h,45f8e7540d4fdc99a4d2c96356131b887d230c0b,1,0,,,,historical deletion; review reason; do not restore automatically,,0,PLAT/BASE,support/dependency/history routing; review before import
MacOSX/SDL2.framework/Versions/A/Headers/SDL_thread.h,6d4fb53f5b5b9c1aaf3366f0d84e65d08ccf9131,1,0,,,,historical deletion; review reason; do not restore automatically,,0,PLAT/BASE,support/dependency/history routing; review before import
MacOSX/SDL2.framework/Versions/A/Headers/SDL_timer.h,62f81d42db442392edb921bc232750ff4e923cd6,1,0,,,,historical deletion; review reason; do not restore automatically,,0,PLAT/BASE,support/dependency/history routing; review before import
MacOSX/SDL2.framework/Versions/A/Headers/SDL_touch.h,95924135e18eeebb8b9549327b1eeb41a68995d4,1,0,,,,historical deletion; review reason; do not restore automatically,,0,PLAT/BASE,support/dependency/history routing; review before import
MacOSX/SDL2.framework/Versions/A/Headers/SDL_types.h,355fb501a8dd6a2d6958b85686d34ba27a7cb80c,1,0,,,,historical deletion; review reason; do not restore automatically,,0,PLAT/BASE,support/dependency/history routing; review before import
MacOSX/SDL2.framework/Versions/A/Headers/SDL_version.h,3df4e041aa38a7072eacb31621d29bb7c4684b75,1,0,,,,historical deletion; review reason; do not restore automatically,,0,PLAT/BASE,support/dependency/history routing; review before import
MacOSX/SDL2.framework/Versions/A/Headers/SDL_video.h,c62e0891ac9844d2c6ccf16c42744aa6d5333243,1,0,,,,historical deletion; review reason; do not restore automatically,,0,PLAT/BASE,support/dependency/history routing; review before import
MacOSX/SDL2.framework/Versions/A/Headers/SDL_vulkan.h,ab86a0b8656a1a183b40d194b9f5bf41260f586f,1,0,,,,historical deletion; review reason; do not restore automatically,,0,PLAT/BASE,support/dependency/history routing; review before import
MacOSX/SDL2.framework/Versions/A/Headers/begin_code.h,670556780f1ecdbf090067cc4443e64ec9882e4c,1,0,,,,historical deletion; review reason; do not restore automatically,,0,UI/BASE/VR,module routing only; behavior closure pending
MacOSX/SDL2.framework/Versions/A/Headers/close_code.h,dc73432f622866db5c1fff64dc2676e3f50f75d2,1,0,,,,historical deletion; review reason; do not restore automatically,,0,PLAT/BASE,support/dependency/history routing; review before import
MacOSX/SDL2.framework/Versions/A/Resources/Info.plist,fbd71c508b51265e09678e5e02c2178278fff174,1,0,,,,historical deletion; review reason; do not restore automatically,,0,PLAT/BASE,support/dependency/history routing; review before import
MacOSX/SDL2.framework/Versions/A/Resources/License.txt,d2785a68158cedc69fb79be0dbb64323d566df04,1,0,,,,historical deletion; review reason; do not restore automatically,,0,PLAT/BASE,support/dependency/history routing; review before import
MacOSX/SDL2.framework/Versions/A/Resources/ReadMe.txt,40ac3a14c1cd5aa9e8f3af02d341589b61740656,1,0,,,,historical deletion; review reason; do not restore automatically,,0,PLAT/BASE,support/dependency/history routing; review before import
MacOSX/SDL2.framework/Versions/A/Resources/default.metallib,0aba653abab6dc3afed05f3837bcc1783cf27e0e,1,0,,,,historical deletion; review reason; do not restore automatically,,0,UI/BASE/VR,module routing only; behavior closure pending
MacOSX/SDL2.framework/Versions/A/SDL2,84248cbd370671a5c97f50d6d1ac0979bcaa3837,1,0,,,,historical deletion; review reason; do not restore automatically,,0,PLAT/BASE,support/dependency/history routing; review before import
MacOSX/SDL2.framework/Versions/Current,8c7e5a667f1b771847fe88c01c3de34413a1b220,1,0,,,,historical deletion; review reason; do not restore automatically,,0,PLAT/BASE,support/dependency/history routing; review before import
MacOSX/SDLApplication.h,6dfc605091af939dc682213ada37acb2ace6aa0e,1,0,,,,historical deletion; review reason; do not restore automatically,,0,PLAT/BASE,support/dependency/history routing; review before import
MacOSX/SDLApplication.m,c316bda470b5a0f8a76ebd86aa3c89e568e7d27f,1,0,,,,historical deletion; review reason; do not restore automatically,,0,PLAT/BASE,support/dependency/history routing; review before import
MacOSX/SDLMain.h,7493210e0dd9c359bc462ace885714ec1163a959,1,0,,,,historical deletion; review reason; do not restore automatically,,0,PLAT/BASE,support/dependency/history routing; review before import
MacOSX/SDLMain.m,a48066a6549ff70603216e03b859aeb0040a117e,1,0,,,,historical deletion; review reason; do not restore automatically,,0,PLAT/BASE,support/dependency/history routing; review before import
MacOSX/ScreenInfo.h,fdb2abbd2c3840ca86e5db56f5b3b9f87d82ad5e,1,0,,,,historical deletion; review reason; do not restore automatically,,0,UI/BASE/VR,module routing only; behavior closure pending
MacOSX/ScreenInfo.m,783e8a8fa9a29be261e890c9482756ca74e53bfc,1,0,,,,historical deletion; review reason; do not restore automatically,,0,UI/BASE/VR,module routing only; behavior closure pending
MacOSX/codecs/include/FLAC/callback.h,71bbaec6d1482c1bd2b9440574450d5d9026ac72,1,0,,,,historical deletion; review reason; do not restore automatically,,0,PLAT/BASE,support/dependency/history routing; review before import
MacOSX/codecs/include/FLAC/export.h,4b2418f05520c8db59a5961ee5262b6819e8c9ae,1,0,,,,historical deletion; review reason; do not restore automatically,,0,PLAT/BASE,support/dependency/history routing; review before import
MacOSX/codecs/include/FLAC/format.h,e4c1c1a613212802d4aed241f4b23f166a4525ec,1,0,,,,historical deletion; review reason; do not restore automatically,,0,PLAT/BASE,support/dependency/history routing; review before import
MacOSX/codecs/include/FLAC/ordinals.h,a057299738e27cd3da8c985a1ee2ee0cdb074d6d,1,0,,,,historical deletion; review reason; do not restore automatically,,0,PLAT/BASE,support/dependency/history routing; review before import
MacOSX/codecs/include/FLAC/stream_decoder.h,99a12a31044aa1afcd8fe06568fa25f02154232b,1,0,,,,historical deletion; review reason; do not restore automatically,,0,PLAT/BASE,support/dependency/history routing; review before import
MacOSX/codecs/include/flac_config.txt,7fd42c36f7bbd1865f713fd4f482df500940d884,1,0,,,,historical deletion; review reason; do not restore automatically,,0,AUDIO,module routing only; behavior closure pending
MacOSX/codecs/include/mad.h,34a8e6fcb7f8f56dbd13ec4a47af926a146d4c89,1,0,,,,historical deletion; review reason; do not restore automatically,,0,AUDIO,module routing only; behavior closure pending
MacOSX/codecs/include/mikmod.h,59b65e1eace533af10632920bffc5199954a97a9,1,0,,,,historical deletion; review reason; do not restore automatically,,0,AUDIO,module routing only; behavior closure pending
MacOSX/codecs/include/mikmod_config.txt,370825b557ad637f49bb9f36b97d1b17e723a79b,1,0,,,,historical deletion; review reason; do not restore automatically,,0,AUDIO,module routing only; behavior closure pending
MacOSX/codecs/include/mpg123.h,f5c5b66d1ecbf28a24452490becd7232342216ec,1,0,,,,historical deletion; review reason; do not restore automatically,,0,PLAT/BASE,support/dependency/history routing; review before import
MacOSX/codecs/include/mpg123_config.txt,2e82553ffd29072a64f758a2ce77210ea2bbe166,1,0,,,,historical deletion; review reason; do not restore automatically,,0,UI/BASE/VR,module routing only; behavior closure pending
MacOSX/codecs/include/ogg/config_types.h,4b00047a0dea82fefb54f5e5912d72e5c41cc740,1,0,,,,historical deletion; review reason; do not restore automatically,,0,UI/BASE/VR,module routing only; behavior closure pending
MacOSX/codecs/include/ogg/ogg.h,cea4ebed75d26b42605304287911a320ec0a1014,1,0,,,,historical deletion; review reason; do not restore automatically,,0,PLAT/BASE,support/dependency/history routing; review before import
MacOSX/codecs/include/ogg/os_types.h,8bf82107e57c01a487a87f49bb48035105a760d8,1,0,,,,historical deletion; review reason; do not restore automatically,,0,PLAT/BASE,support/dependency/history routing; review before import
MacOSX/codecs/include/opus/opus.h,462e63991740459ea4c3e0066f8bc9d3016c6f7a,1,0,,,,historical deletion; review reason; do not restore automatically,,0,AUDIO,module routing only; behavior closure pending
MacOSX/codecs/include/opus/opus_defines.h,bf983f947147b7318119c2677091f49a79991a1c,1,0,,,,historical deletion; review reason; do not restore automatically,,0,AUDIO,module routing only; behavior closure pending
MacOSX/codecs/include/opus/opus_multistream.h,965d54ab9e979b902de3d14d2bf3ee645201edc1,1,0,,,,historical deletion; review reason; do not restore automatically,,0,AUDIO,module routing only; behavior closure pending
MacOSX/codecs/include/opus/opus_types.h,b28e03aea202d97fe71cf58afc90dac2084144a9,1,0,,,,historical deletion; review reason; do not restore automatically,,0,AUDIO,module routing only; behavior closure pending
MacOSX/codecs/include/opus/opusfile.h,296d8d9a77b32b3c57a48bcd02e93aa7e927a137,1,0,,,,historical deletion; review reason; do not restore automatically,,0,AUDIO,module routing only; behavior closure pending
MacOSX/codecs/include/opusfile.h,e74eda2f2fd2a9cc5854e4c410329ff130c609c1,1,0,,,,historical deletion; review reason; do not restore automatically,,0,AUDIO,module routing only; behavior closure pending
MacOSX/codecs/include/vorbis/codec.h,42aa29138e52a2eb4b240d20d025595ba60b40c4,1,0,,,,historical deletion; review reason; do not restore automatically,,0,PLAT/BASE,support/dependency/history routing; review before import
MacOSX/codecs/include/vorbis/vorbisfile.h,56626119bbd6f34c23ee00b423b1df80fbf5ef61,1,0,,,,historical deletion; review reason; do not restore automatically,,0,AUDIO,module routing only; behavior closure pending
MacOSX/codecs/include/xmp.h,22db2a3da5381ad21fd103ae74f15906439c8ff5,1,0,,,,historical deletion; review reason; do not restore automatically,,0,PLAT/BASE,support/dependency/history routing; review before import
MacOSX/codecs/lib/libFLAC.dylib,cb9d9c6009d6e1e2f6ce75a57faf72d624cb603b,1,0,,,,historical deletion; review reason; do not restore automatically,,0,AUDIO,module routing only; behavior closure pending
MacOSX/codecs/lib/libmad.dylib,21f532e998b555cad4ce4023cd15dfb5e2185770,1,0,,,,historical deletion; review reason; do not restore automatically,,0,AUDIO,module routing only; behavior closure pending
MacOSX/codecs/lib/libmikmod.dylib,74487a1d009b0f7a635406cb559e3dbd4ccf42b5,1,0,,,,historical deletion; review reason; do not restore automatically,,0,AUDIO,module routing only; behavior closure pending
MacOSX/codecs/lib/libmpg123.dylib,da24b3b06843ccc2d4ac5a4de4f10820d1450505,1,0,,,,historical deletion; review reason; do not restore automatically,,0,PLAT/BASE,support/dependency/history routing; review before import
MacOSX/codecs/lib/libogg.dylib,c871163ab5d6c7e437815613019c519e064337fb,1,0,,,,historical deletion; review reason; do not restore automatically,,0,PLAT/BASE,support/dependency/history routing; review before import
MacOSX/codecs/lib/libopus.dylib,deab0724aa863a1e8910fd494e608d6f20080dac,1,0,,,,historical deletion; review reason; do not restore automatically,,0,AUDIO,module routing only; behavior closure pending
MacOSX/codecs/lib/libopusfile.dylib,9940498cae2764df92d8c2d756e58dfe4b86a586,1,0,,,,historical deletion; review reason; do not restore automatically,,0,AUDIO,module routing only; behavior closure pending
MacOSX/codecs/lib/libvorbis.dylib,6ff42c55f8eb1b7c9a879b42b1b694be37ae11f6,1,0,,,,historical deletion; review reason; do not restore automatically,,0,AUDIO,module routing only; behavior closure pending
MacOSX/codecs/lib/libvorbisfile.dylib,06f5a322bde7ea3d00e221ded26d383974b5ba79,1,0,,,,historical deletion; review reason; do not restore automatically,,0,AUDIO,module routing only; behavior closure pending
MacOSX/codecs/lib/libxmp.dylib,2ae67a721cd4607799b1779a92102969aa726bdd,1,0,,,,historical deletion; review reason; do not restore automatically,,0,PLAT/BASE,support/dependency/history routing; review before import
Misc/QuakeSpasm_512.png,ae4d01a4d1e70f495c12538faca75fc1e3616e1a,0,0,ae4d01a4d1e70f495c12538faca75fc1e3616e1a,,,mapped to feature owner; behavioral integration/acceptance pending,ae4d01a4d1e70f495c12538faca75fc1e3616e1a,0,PLAT/BASE,support/dependency/history routing; review before import
Misc/fitzquake080.txt,025f250b73ad34d6fa4a57c1edca3749a786654c,0,0,025f250b73ad34d6fa4a57c1edca3749a786654c,025f250b73ad34d6fa4a57c1edca3749a786654c,,mapped to feature owner; behavioral integration/acceptance pending,025f250b73ad34d6fa4a57c1edca3749a786654c,0,PLAT/BASE,support/dependency/history routing; review before import
Misc/fitzquake080sdl.txt,5808c7287d3cc34d24ab83276aa33a63cc33ace6,0,0,5808c7287d3cc34d24ab83276aa33a63cc33ace6,5808c7287d3cc34d24ab83276aa33a63cc33ace6,,mapped to feature owner; behavioral integration/acceptance pending,5808c7287d3cc34d24ab83276aa33a63cc33ace6,0,PLAT/BASE,support/dependency/history routing; review before import
Misc/fitzquake085.txt,ad3a468832a602fc26ac39f76945a132a4da1195,0,0,ad3a468832a602fc26ac39f76945a132a4da1195,ad3a468832a602fc26ac39f76945a132a4da1195,,mapped to feature owner; behavioral integration/acceptance pending,ad3a468832a602fc26ac39f76945a132a4da1195,0,PLAT/BASE,support/dependency/history routing; review before import
Misc/fix_externaltex.patch,d18ac0f364075801d913c9e87af5ef4a3e8f318a,0,0,d18ac0f364075801d913c9e87af5ef4a3e8f318a,,,mapped to feature owner; behavioral integration/acceptance pending,d18ac0f364075801d913c9e87af5ef4a3e8f318a,0,PLAT/BASE,support/dependency/history routing; review before import
Misc/fs_search_order.patch,78180793783319c495a7381accee644b84c23063,0,0,78180793783319c495a7381accee644b84c23063,121fdf6a60dc20ff1d146fd6102ce3ce1dfd0f57,,mapped to feature owner; behavioral integration/acceptance pending,78180793783319c495a7381accee644b84c23063,0,PLAT/BASE,support/dependency/history routing; review before import
Misc/mk_header.c,de155dcf8fd54d8bbf57d45cdf22e187f5975996,0,0,de155dcf8fd54d8bbf57d45cdf22e187f5975996,de155dcf8fd54d8bbf57d45cdf22e187f5975996,,mapped to feature owner; behavioral integration/acceptance pending,de155dcf8fd54d8bbf57d45cdf22e187f5975996,0,PLAT/BASE,support/dependency/history routing; review before import
Misc/qs_pak/Makefile,ea51a26d118c101979a8f7d5974e31825ba8ce04,1,0,460df69d59ba93f6106518498b57d4babc77d3e4,,,mapped to feature owner; behavioral integration/acceptance pending,460df69d59ba93f6106518498b57d4babc77d3e4,0,PLAT/BASE,support/dependency/history routing; review before import
Misc/qs_pak/default.cfg,0ba946fca433250981a897d021c8caef1a9c37d3,1,0,20c53d21f5080ef9c29d057f85cb2391c03a9418,,,mapped to feature owner; behavioral integration/acceptance pending,20c53d21f5080ef9c29d057f85cb2391c03a9418,0,UI/BASE/VR,module routing only; behavior closure pending
Misc/qs_pak/default.cfg.diff,085513ff62c777ed96399b2649a3990ea829525f,1,0,a090735a75758183b14eceb0b405d55adbd406f8,,,mapped to feature owner; behavioral integration/acceptance pending,a090735a75758183b14eceb0b405d55adbd406f8,0,UI/BASE/VR,module routing only; behavior closure pending
Misc/qs_pak/gfx/conback.lmp,09d68e6f3accbb56bef4450e07ba905597042848,0,0,09d68e6f3accbb56bef4450e07ba905597042848,,,mapped to feature owner; behavioral integration/acceptance pending,09d68e6f3accbb56bef4450e07ba905597042848,0,PLAT/BASE,support/dependency/history routing; review before import
Misc/qs_pak/gfx/menumods.lmp,,1,0,f5e096d89a64a5efbcfe471db012cffeb65b0b46,,,mapped to feature owner; behavioral integration/acceptance pending,f5e096d89a64a5efbcfe471db012cffeb65b0b46,0,UI/BASE/VR,module routing only; behavior closure pending
Misc/qs_pak/maps/e1m1.diff,f834b9ccab69b33467da08fb737cb36a7451015a,0,0,f834b9ccab69b33467da08fb737cb36a7451015a,,,mapped to feature owner; behavioral integration/acceptance pending,f834b9ccab69b33467da08fb737cb36a7451015a,0,PLAT/BASE,support/dependency/history routing; review before import
Misc/qs_pak/maps/e1m1@c49d.ent,3b22d6f860502c670a3583f28cf802e126f889fe,0,0,3b22d6f860502c670a3583f28cf802e126f889fe,,,mapped to feature owner; behavioral integration/acceptance pending,3b22d6f860502c670a3583f28cf802e126f889fe,0,PLAT/BASE,support/dependency/history routing; review before import
Misc/qs_pak/maps/e1m2.diff,408089893e919a64b8e9a4b5f18e60deb116af58,0,0,408089893e919a64b8e9a4b5f18e60deb116af58,,,mapped to feature owner; behavioral integration/acceptance pending,408089893e919a64b8e9a4b5f18e60deb116af58,0,PLAT/BASE,support/dependency/history routing; review before import
Misc/qs_pak/maps/e1m2@0caa.ent,2e04e9ff98b56914837d875fe6c2f4039364f05c,0,0,2e04e9ff98b56914837d875fe6c2f4039364f05c,,,mapped to feature owner; behavioral integration/acceptance pending,2e04e9ff98b56914837d875fe6c2f4039364f05c,0,PLAT/BASE,support/dependency/history routing; review before import
Misc/qs_pak/maps/e1m4.diff,7e420ff89ff7427aa41db45f60e88d39311dedc2,0,0,7e420ff89ff7427aa41db45f60e88d39311dedc2,,,mapped to feature owner; behavioral integration/acceptance pending,7e420ff89ff7427aa41db45f60e88d39311dedc2,0,PLAT/BASE,support/dependency/history routing; review before import
Misc/qs_pak/maps/e1m4@958e.ent,77d4761443950999724324a75a2e9637ac2b0e99,0,0,77d4761443950999724324a75a2e9637ac2b0e99,,,mapped to feature owner; behavioral integration/acceptance pending,77d4761443950999724324a75a2e9637ac2b0e99,0,PLAT/BASE,support/dependency/history routing; review before import
Misc/qs_pak/maps/e2m2.diff,4dbf2dc5b99e367d6ce0a254d609e21d371e2422,0,0,4dbf2dc5b99e367d6ce0a254d609e21d371e2422,,,mapped to feature owner; behavioral integration/acceptance pending,4dbf2dc5b99e367d6ce0a254d609e21d371e2422,0,PLAT/BASE,support/dependency/history routing; review before import
Misc/qs_pak/maps/e2m2@fbfe.ent,82dc0dab02812ad4796af2567eb672a3407ae3f7,0,0,82dc0dab02812ad4796af2567eb672a3407ae3f7,,,mapped to feature owner; behavioral integration/acceptance pending,82dc0dab02812ad4796af2567eb672a3407ae3f7,0,PLAT/BASE,support/dependency/history routing; review before import
Misc/qs_pak/maps/e2m3.diff,4d51967d77219d43356576c4283fdc09d4fedd80,0,0,4d51967d77219d43356576c4283fdc09d4fedd80,,,mapped to feature owner; behavioral integration/acceptance pending,4d51967d77219d43356576c4283fdc09d4fedd80,0,PLAT/BASE,support/dependency/history routing; review before import
Misc/qs_pak/maps/e2m3@237a.ent,da83d17fbd6770d8463ca8c9863a0919229219cf,0,0,da83d17fbd6770d8463ca8c9863a0919229219cf,,,mapped to feature owner; behavioral integration/acceptance pending,da83d17fbd6770d8463ca8c9863a0919229219cf,0,PLAT/BASE,support/dependency/history routing; review before import
Misc/qs_pak/maps/e2m7.diff,badaf2ef8c311a3ebfa192dc1418bf53e1ed39bc,0,0,badaf2ef8c311a3ebfa192dc1418bf53e1ed39bc,,,mapped to feature owner; behavioral integration/acceptance pending,badaf2ef8c311a3ebfa192dc1418bf53e1ed39bc,0,PLAT/BASE,support/dependency/history routing; review before import
Misc/qs_pak/maps/e2m7@10a8.ent,cd2c6fd43c6509310a66e88fecf1538247d0ed33,0,0,cd2c6fd43c6509310a66e88fecf1538247d0ed33,,,mapped to feature owner; behavioral integration/acceptance pending,cd2c6fd43c6509310a66e88fecf1538247d0ed33,0,PLAT/BASE,support/dependency/history routing; review before import
Misc/qs_pak/mkpak.sh,e6562bf92c6ab83d4524300539f2f9280c5a5ce8,0,0,e6562bf92c6ab83d4524300539f2f9280c5a5ce8,,,mapped to feature owner; behavioral integration/acceptance pending,e6562bf92c6ab83d4524300539f2f9280c5a5ce8,0,PLAT/BASE,support/dependency/history routing; review before import
Misc/systest.c,2b512cb02f201b2b4fa1bf8a1406e7633bc41409,0,0,2b512cb02f201b2b4fa1bf8a1406e7633bc41409,,,mapped to feature owner; behavioral integration/acceptance pending,2b512cb02f201b2b4fa1bf8a1406e7633bc41409,0,PLAT/BASE,support/dependency/history routing; review before import
Quake/Makefile,3979a4900a8e955a0c5c0809ce813b3a1f170d8a,1,0,0526bba5dccb4961b5986b7b2b0da6c0a4d4360a,af64f5f7adca54b63cde39b9c6d9609595c16d4d,,mapped to feature owner; behavioral integration/acceptance pending,0526bba5dccb4961b5986b7b2b0da6c0a4d4360a,0,PLAT/BASE,support/dependency/history routing; review before import
Quake/Makefile.darwin,777c9ff109b0af9e7373ccecc3d785b57c27b039,1,0,,,,historical deletion; review reason; do not restore automatically,,0,PLAT/BASE,support/dependency/history routing; review before import
Quake/Makefile.linux,,1,1,5705da8651702589d8db71de0c6acf9e1233756d,,,mapped to feature owner; behavioral integration/acceptance pending,2e2a454f306e3cc1fc5743721368904d8412373c,1,PLAT/BASE,support/dependency/history routing; review before import
Quake/Makefile.w32,1a01ef8334a77a18669154f855716dd3dc71ad80,1,0,b52a3e15d6a31a2ddfcb65507456244d5d87439b,,,mapped to feature owner; behavioral integration/acceptance pending,b52a3e15d6a31a2ddfcb65507456244d5d87439b,0,PLAT/BASE,support/dependency/history routing; review before import
Quake/Makefile.w64,5c9e62c57b4cdb13f2aa327ec1faee8955384a60,1,0,8dac3b493fe9421362b920953183e9f16a3284d0,395d6eb9370093243c17f68ee16ae1cbcf155dc7,,mapped to feature owner; behavioral integration/acceptance pending,8dac3b493fe9421362b920953183e9f16a3284d0,0,PLAT/BASE,support/dependency/history routing; review before import
Quake/Makefile.wat,b1390402753326627492c5bc2bf74baff5f1b927,1,0,98f7e09e2d68e26087cdfef90527b0918a9a800b,,,mapped to feature owner; behavioral integration/acceptance pending,98f7e09e2d68e26087cdfef90527b0918a9a800b,0,PLAT/BASE,support/dependency/history routing; review before import
Quake/addon_catalog.c,,1,0,310e606c140092a042b8cafba7fddc06296383b9,,,mapped to feature owner; behavioral integration/acceptance pending,310e606c140092a042b8cafba7fddc06296383b9,0,UI-003,explicit source anchors
Quake/addon_catalog.h,,1,0,9f80bdd62d87698a1401c29f4a4aa9825a6960a8,,,mapped to feature owner; behavioral integration/acceptance pending,9f80bdd62d87698a1401c29f4a4aa9825a6960a8,0,UI-003,explicit source anchors
Quake/anorm_dots.h,21e6853683fe14cafab944033ef3d40b614adf95,0,0,21e6853683fe14cafab944033ef3d40b614adf95,,,mapped to feature owner; behavioral integration/acceptance pending,21e6853683fe14cafab944033ef3d40b614adf95,0,PLAT/BASE,support/dependency/history routing; review before import
Quake/anorms.h,35a903eed04fa8963d09983a9858b650882e12ca,0,0,35a903eed04fa8963d09983a9858b650882e12ca,a9f4d0a310026e0de1b59777511fb3782b51942a,,mapped to feature owner; behavioral integration/acceptance pending,35a903eed04fa8963d09983a9858b650882e12ca,0,PLAT/BASE,support/dependency/history routing; review before import
Quake/arch_def.h,8dd5b86dd439dbfddbacb80f860d864f272ec929,0,0,8dd5b86dd439dbfddbacb80f860d864f272ec929,2544b37ce9a9d0ecf76eedb4522c0e52896bd5f4,,mapped to feature owner; behavioral integration/acceptance pending,8dd5b86dd439dbfddbacb80f860d864f272ec929,0,PLAT/BASE,support/dependency/history routing; review before import
Quake/bgmusic.c,03dba8bafeda0b6ff2f78c3f3b0a05ce1c8f79d9,1,0,26bcaff3b3733eedb2f2ec3fe574eaf055c3b8a3,0ebffd099c98d210de24bb805e473979fdf30cc6,,mapped to feature owner; behavioral integration/acceptance pending,26bcaff3b3733eedb2f2ec3fe574eaf055c3b8a3,0,AUDIO-011,explicit source anchors
Quake/bgmusic.h,ec3082083b589b805f975e781182b645d507b468,0,0,ec3082083b589b805f975e781182b645d507b468,4af9ac0f04b344517dc1c0c97851e9e33cbef6eb,,mapped to feature owner; behavioral integration/acceptance pending,ec3082083b589b805f975e781182b645d507b468,0,AUDIO,module routing only; behavior closure pending
Quake/bspfile.h,9803b57912e81e0dae4f1eec88a1fdf7e4c85c86,0,0,9803b57912e81e0dae4f1eec88a1fdf7e4c85c86,00b4bb5c68011f3f29965fc2fe25ad4919d89207,,mapped to feature owner; behavioral integration/acceptance pending,9803b57912e81e0dae4f1eec88a1fdf7e4c85c86,0,PLAT/BASE,support/dependency/history routing; review before import
Quake/build_cross_haiku32-sdl2.sh,d6c5e559ce0f292fb85a639e7b5ce31be5f2e143,0,0,d6c5e559ce0f292fb85a639e7b5ce31be5f2e143,,,mapped to feature owner; behavioral integration/acceptance pending,d6c5e559ce0f292fb85a639e7b5ce31be5f2e143,0,PLAT/BASE,support/dependency/history routing; review before import
Quake/build_cross_haiku64-sdl2.sh,8090528331d4d63429768657c023bbf04b52b62b,0,0,8090528331d4d63429768657c023bbf04b52b62b,,,mapped to feature owner; behavioral integration/acceptance pending,8090528331d4d63429768657c023bbf04b52b62b,0,PLAT/BASE,support/dependency/history routing; review before import
Quake/build_cross_osx-sdl2.sh,5d791c76d098ee05a690b5438976d577e3cc1633,1,0,,,,historical deletion; review reason; do not restore automatically,,0,PLAT/BASE,support/dependency/history routing; review before import
Quake/build_cross_osx.sh,85e9bd93bbd21170e905405ff28e4e6964797288,1,0,,,,historical deletion; review reason; do not restore automatically,,0,PLAT/BASE,support/dependency/history routing; review before import
Quake/build_cross_win32-sdl2.sh,bc698d8a372309e3e1ff60185f692a07356495ff,1,0,f63274a37cc90666f397600cf923e21248854d88,,,mapped to feature owner; behavioral integration/acceptance pending,f63274a37cc90666f397600cf923e21248854d88,0,PLAT/BASE,support/dependency/history routing; review before import
Quake/build_cross_win32.sh,59957967a1319a7f4533c7796bcf39f0fe461715,0,0,59957967a1319a7f4533c7796bcf39f0fe461715,,,mapped to feature owner; behavioral integration/acceptance pending,59957967a1319a7f4533c7796bcf39f0fe461715,0,PLAT/BASE,support/dependency/history routing; review before import
Quake/build_cross_win64-openvr.sh,,1,0,80addb3ff3a69d20d39834867beef00527ef3455,,,mapped to feature owner; behavioral integration/acceptance pending,80addb3ff3a69d20d39834867beef00527ef3455,0,VR/WPN/FBT,module routing only; behavior closure pending
Quake/build_cross_win64-sdl2.sh,312c7badcf19a485bcc5c5ef523797195ab16cb2,1,0,7df12140a1169cef89bcaf788605bd99bdc101bb,,,mapped to feature owner; behavioral integration/acceptance pending,7df12140a1169cef89bcaf788605bd99bdc101bb,0,PLAT/BASE,support/dependency/history routing; review before import
Quake/build_cross_win64.sh,877077abea169322678bbd89d526721662ee5f1e,1,0,37a422bb6e6074d437eca8a69547076453340158,877077abea169322678bbd89d526721662ee5f1e,,mapped to feature owner; behavioral integration/acceptance pending,37a422bb6e6074d437eca8a69547076453340158,0,PLAT/BASE,support/dependency/history routing; review before import
Quake/cd_null.c,87afc7b0e25230a260ee037a248c4942df4521a2,0,0,87afc7b0e25230a260ee037a248c4942df4521a2,77a170523ce4ab136452db3c7c8bf5c745d8a35c,,mapped to feature owner; behavioral integration/acceptance pending,87afc7b0e25230a260ee037a248c4942df4521a2,0,PLAT/BASE,support/dependency/history routing; review before import
Quake/cd_sdl.c,69bd3fae76cf01ed425f8fb67e48ac70f2ac7d30,0,0,69bd3fae76cf01ed425f8fb67e48ac70f2ac7d30,d76abcc5684e7b1a8d6a4e1b25ea447e63158f62,,mapped to feature owner; behavioral integration/acceptance pending,69bd3fae76cf01ed425f8fb67e48ac70f2ac7d30,0,PLAT/BASE,support/dependency/history routing; review before import
Quake/cdaudio.h,7c8477fa923f600f6887d8cb5daafaf310a2356f,0,0,7c8477fa923f600f6887d8cb5daafaf310a2356f,251fc32d067a9f25c10f2de42081fd794b909225,,mapped to feature owner; behavioral integration/acceptance pending,7c8477fa923f600f6887d8cb5daafaf310a2356f,0,AUDIO,module routing only; behavior closure pending
Quake/cfgfile.c,3373db4dcae475ec8dee0e512731a6f637de3f9f,0,0,3373db4dcae475ec8dee0e512731a6f637de3f9f,a527eb15eea06b28fac80de24863046ab2555e4b,,mapped to feature owner; behavioral integration/acceptance pending,3373db4dcae475ec8dee0e512731a6f637de3f9f,0,BASE-002,explicit source anchors
Quake/cfgfile.h,dbe8f39f80986f654098b1ba4b763f8fe437064b,0,0,dbe8f39f80986f654098b1ba4b763f8fe437064b,2da0ede7835c0116af524789f1624fcea8fb645e,,mapped to feature owner; behavioral integration/acceptance pending,dbe8f39f80986f654098b1ba4b763f8fe437064b,0,PLAT/BASE,support/dependency/history routing; review before import
Quake/chase.c,c3622442b2dea0d0121de3476e77132bfe134825,1,0,85059140f838e15c111a34a3c78c410e821f977a,891dd344560946b66e3c06b41160b81d884c8680,,mapped to feature owner; behavioral integration/acceptance pending,85059140f838e15c111a34a3c78c410e821f977a,0,PLAT/BASE,support/dependency/history routing; review before import
Quake/cl_demo.c,6bc667f4cb62d341005a367bc33d4f416ff8380c,1,0,bc71ac4e8db46c9452deb010ad92af741846f2d7,32b385713cda22230657b6c58e02f6ef9d961a6e,,mapped to feature owner; behavioral integration/acceptance pending,bc71ac4e8db46c9452deb010ad92af741846f2d7,0,BASE-001,explicit source anchors
Quake/cl_input.c,8badfddc5289e0849c02b05790681693a589434a,1,0,7a33055b1751bbaadb545978e72ae2c844a60782,a57103d5df73a384e28147afd1f2f19396e8cc3a,,mapped to feature owner; behavioral integration/acceptance pending,7a33055b1751bbaadb545978e72ae2c844a60782,0,MOD-013;NET-010;NET-011;NET-015;NET-023;NET-024;NET-025;NET-026,feature/report source anchors; per-file behavior closure pending
Quake/cl_main.c,a579a78d0ace690df1ab789c7ec2755fe6fa7040,1,0,d97aa55ab7dd7f1fad5279da7b8da46e6f07c4f6,0203fe4a7f8a347d501c47d5562cc65e4b9e742b,,mapped to feature owner; behavioral integration/acceptance pending,d97aa55ab7dd7f1fad5279da7b8da46e6f07c4f6,0,MOD-002;NET-013;NET-014;NET-021;NET-022;NET-028;UI-004,feature/report source anchors; per-file behavior closure pending
Quake/cl_parse.c,f076e93240828894236816ec845ff2500c109539,1,1,ed318c29021404ec710f6127d75da405d90ad046,a7dba7771aa90ae6dd1bc8b0f3ff9558350c832c,,mapped to feature owner; behavioral integration/acceptance pending,e555ceba077158f197090359c55fd7d93fc43e95,0,MOD-008;NET-001;NET-002;NET-003;NET-004;NET-005;NET-006;NET-007;NET-008;NET-009;NET-014;NET-022;NET-026;NET-027;UI-004,feature/report source anchors; per-file behavior closure pending
Quake/cl_tent.c,71af2601bfacf77ee08dbd5bf8656b90e8b2949f,1,0,00e727b1ad37300dfc339ec9d6ec9240f91d3985,d995d8a3bbd71eb4785542179bcd7aa877b4670a,,mapped to feature owner; behavioral integration/acceptance pending,00e727b1ad37300dfc339ec9d6ec9240f91d3985,0,MOD-010,explicit source anchors
Quake/client.h,7479e5ec286f77920c9b259328c3c67ad211e7fc,1,0,8f90515a988cacd796d70dd20d9188390f139c37,be4b923b3790cb23251bdf850196abbcdee1eaee,,mapped to feature owner; behavioral integration/acceptance pending,8f90515a988cacd796d70dd20d9188390f139c37,0,NET/VR/COOP,shared interface routing; behavior closure pending
Quake/cmd.c,0e028459ce567335f8132b8f2e1d967cd7beca74,1,0,7df08a27e9857f25671ffb445f94d86d8c101cd9,6d7cbb8a756b1d55055f220c208eebe9782cbb4b,,mapped to feature owner; behavioral integration/acceptance pending,7df08a27e9857f25671ffb445f94d86d8c101cd9,0,BASE-002,explicit source anchors
Quake/cmd.h,9f688e2187ccea855b5ea13992bc1637853c5b5c,1,0,2d40346d90d47f1a05117771d7c5bd01573c85f7,7d5e35e7a663a6c61392ca4c4708332dd3459c2d,,mapped to feature owner; behavioral integration/acceptance pending,2d40346d90d47f1a05117771d7c5bd01573c85f7,0,BASE/MOD/COOP,module routing only; behavior closure pending
Quake/common.c,b4d1afd8c48e17d07eb911c560fcfc2ee9a170a3,1,1,4065b46ca6bb2efa51d665cbf76896bb467134cc,340d5c31ec45ff58270af6796247b88d242b493c,,mapped to feature owner; behavioral integration/acceptance pending,7bd1c0442d77a538b7e965c944374a52aabf4478,0,MOD-006;UI-001;UI-005,explicit source anchors
Quake/common.h,02b5d51463efb77de336de921d6fa317c9c582fc,1,0,5ba7b35e06de8b71c16c611b8b60ee8b58825061,2a1567933c37ab7288dd7fe7f1431faffe296df4,,mapped to feature owner; behavioral integration/acceptance pending,5ba7b35e06de8b71c16c611b8b60ee8b58825061,0,BASE/MOD/COOP,module routing only; behavior closure pending
Quake/connect.bat,,1,0,e42278d2404c48825852f0e7f6b074e38d6a13d1,,,mapped to feature owner; behavioral integration/acceptance pending,e42278d2404c48825852f0e7f6b074e38d6a13d1,0,PLAT/BASE,support/dependency/history routing; review before import
Quake/console.c,d1ab0d8290822edd71fa9c8bf4965923d81a787b,1,0,af5a914848947c7f998d96ba81b26a6e1f644dcb,cb50aeaa2a48ffc6b2888b5cdd34b5b91a265b25,,mapped to feature owner; behavioral integration/acceptance pending,af5a914848947c7f998d96ba81b26a6e1f644dcb,0,UI/BASE/VR,module routing only; behavior closure pending
Quake/console.h,0fa4a8c1468255b3dec56d3e69e299e953e12d7b,0,0,0fa4a8c1468255b3dec56d3e69e299e953e12d7b,124b48a02fa7789a66815f264e745f32ad4251ca,,mapped to feature owner; behavioral integration/acceptance pending,0fa4a8c1468255b3dec56d3e69e299e953e12d7b,0,UI/BASE/VR,shared interface routing; behavior closure pending
Quake/coop_inventory_policy.h,,1,0,d1a96a31a06dac41febf286e728fda9566e3fccb,,,mapped to feature owner; behavioral integration/acceptance pending,d1a96a31a06dac41febf286e728fda9566e3fccb,0,COOP-003,explicit source anchors
Quake/crc.c,7da96b3f26415590552bfdb0f034e9a330b7b814,0,0,7da96b3f26415590552bfdb0f034e9a330b7b814,1328bd6b1c504c5178c293418fd33441690f02e2,,mapped to feature owner; behavioral integration/acceptance pending,7da96b3f26415590552bfdb0f034e9a330b7b814,0,BASE/MOD/COOP,module routing only; behavior closure pending
Quake/crc.h,421f522b1fa2dbedf66354bf500528c47111af26,0,0,421f522b1fa2dbedf66354bf500528c47111af26,afe95e5f9d016d5a12b10c0c4bdc9eb48b74e76e,,mapped to feature owner; behavioral integration/acceptance pending,421f522b1fa2dbedf66354bf500528c47111af26,0,BASE/MOD/COOP,module routing only; behavior closure pending
Quake/custom_avatar.c,,1,1,714c07a29e453e245008856d4668b9d3d635b575,,,mapped to feature owner; behavioral integration/acceptance pending,c615f009dfa8a4e25aa77bac0ad23081f7bf01ee,0,AV-004;AV-005,explicit source anchors
Quake/custom_avatar.h,,1,0,f4b301cc33baff7ac6f09cb8dc72e06432452a4c,,,mapped to feature owner; behavioral integration/acceptance pending,f4b301cc33baff7ac6f09cb8dc72e06432452a4c,0,AV/FBT,module routing only; behavior closure pending
Quake/cvar.c,aaa8089a4ea5b8948a862084d23f4d8cb8bbb570,1,0,cac35959fbfd48d61c3f2898717e8b9d2d761662,e7131753e4c63af0b37caff902f6091ecd1b2f16,,mapped to feature owner; behavioral integration/acceptance pending,cac35959fbfd48d61c3f2898717e8b9d2d761662,0,BASE-002,explicit source anchors
Quake/cvar.h,495be2e8a88846540a4a04929fe1732e41ce7104,1,0,019b2db7e1fc40ffedb17b93ae2785195af758bb,021b7fe3998a04975eeca0a3a73d8628d8f3526e,,mapped to feature owner; behavioral integration/acceptance pending,019b2db7e1fc40ffedb17b93ae2785195af758bb,0,BASE/MOD/COOP,module routing only; behavior closure pending
Quake/debug_log.c,,1,0,1379c59c93b2d2951429244cb85ef74d144faf44,,,mapped to feature owner; behavioral integration/acceptance pending,1379c59c93b2d2951429244cb85ef74d144faf44,0,PLAT/BASE,support/dependency/history routing; review before import
Quake/debug_log.h,,1,0,c7c05300d7d3b18c33604e182f8939b7ab946812,,,mapped to feature owner; behavioral integration/acceptance pending,c7c05300d7d3b18c33604e182f8939b7ab946812,0,PLAT/BASE,support/dependency/history routing; review before import
Quake/default_cfg.h,10bf79cb3897c902751f8b032d507e58bb41bed6,1,0,8e3b4660d492244560b4b2c2d146cec1ee011b1c,,,mapped to feature owner; behavioral integration/acceptance pending,8e3b4660d492244560b4b2c2d146cec1ee011b1c,0,BASE-003;PLAT-005;UI-006;VR-009,explicit source anchors
Quake/detect.sh,94fc8dcf0429fc2600a416e8baea7a12e7d53d9a,0,0,94fc8dcf0429fc2600a416e8baea7a12e7d53d9a,94fc8dcf0429fc2600a416e8baea7a12e7d53d9a,,mapped to feature owner; behavioral integration/acceptance pending,94fc8dcf0429fc2600a416e8baea7a12e7d53d9a,0,PLAT/BASE,support/dependency/history routing; review before import
Quake/draw.h,396f57e11e41c867f8bc278332f9f3227e3684c8,1,1,3f99b563a9e92db0e80643c5a9d913bbef83542f,746b16dc57dd3ceffe0a88243eac19e55d98b031,,mapped to feature owner; behavioral integration/acceptance pending,3a1443d9b0a06ca0eac263db4fa9ef40a295ca77,0,UI/BASE/VR,shared interface routing; behavior closure pending
Quake/external/libFLAC.a,,1,0,6a2f6654cf066d609c91859b29c83ec43c83d0a4,,,mapped to feature owner; behavioral integration/acceptance pending,6a2f6654cf066d609c91859b29c83ec43c83d0a4,0,AUDIO,module routing only; behavior closure pending
Quake/filenames.h,9e4c78ff6b9ea035a8d8b6ce85b80c8727b3ed9c,1,0,4389e6ba0f3b00cc50d0055c9d6b1352c80c6494,8b507f7ad2c8a29728e8a66df7420ce77d789ef5,,mapped to feature owner; behavioral integration/acceptance pending,4389e6ba0f3b00cc50d0055c9d6b1352c80c6494,0,PLAT/BASE,support/dependency/history routing; review before import
Quake/gl_draw.c,356e66f9e626cdf87a6cebfb534f1868b99585fc,1,1,615369f3fb7cb795d6d8328cdfb7677225fa1870,3e211a78bc3f8145ed5534b1cd0cbbd29e142b6d,,mapped to feature owner; behavioral integration/acceptance pending,40c7207f16c21023f5a577f65117e2fd7bfba429,0,MOD-003,explicit source anchors
Quake/gl_fog.c,fb505414dc7cfdf10eb536a7b6f7c992fac45f3a,1,0,0298ea08f1c4e45c05f5c6fe32b9fad448171775,78c994490159f505959bda9bf56daa802c86fd4a,,mapped to feature owner; behavioral integration/acceptance pending,0298ea08f1c4e45c05f5c6fe32b9fad448171775,0,PERF/ASSET,module routing only; behavior closure pending
Quake/gl_mesh.c,03b79ef551c255afd27ae3ebdec0b72413ef5c0d,1,1,3b80f4ab396d2138205db2b2843287ac5ab18e29,bdcc8879a107bed45d4b1288920976ce39f89db0,,mapped to feature owner; behavioral integration/acceptance pending,79f6968dc2dd1c23e632c6d4d0d9f565e5c183c2,0,PERF/ASSET,module routing only; behavior closure pending
Quake/gl_model.c,c443942ea0268a1c66f6708bcf033d2af88aa370,1,1,e2d8eda10af4d53359c902fe6ca8807764b61322,d1aaab13861432fd22867fd2b7aee235032314fc,,mapped to feature owner; behavioral integration/acceptance pending,dd486ddf59940c31ddb3d2a83409ba94194a24f6,0,AV-007;PERF-F002,explicit source anchors
Quake/gl_model.h,976310a42c9ed7d8451f4178837fde13644297f8,1,1,f76ed225c9320823b5fdbcc0b018a58f5822bcfb,4b0019f3fcd4ad193ed3e156a86c29bb309e2099,,mapped to feature owner; behavioral integration/acceptance pending,d4af14edef599cddac8387a8303e5cfb40467f0f,0,PERF-F002,explicit source anchors
Quake/gl_refrag.c,ed54489f121a88d15403aea24d2de9328e99a0db,0,0,ed54489f121a88d15403aea24d2de9328e99a0db,7aa864fd4fa9cb638a0fd09eb34b3016fe7f8757,,mapped to feature owner; behavioral integration/acceptance pending,ed54489f121a88d15403aea24d2de9328e99a0db,0,PERF/ASSET,module routing only; behavior closure pending
Quake/gl_rlight.c,1f9f84fa18ee24a9c5fba912dd34b868d9bf9a1f,1,1,a3ae7b65c171da32d4df14945546e70ab313f0fc,d6f1235bd2864e8f3ebb88bc18b0c24f59f85102,,mapped to feature owner; behavioral integration/acceptance pending,b0d9457697529f3687103e0fa6047c0c2ae1e2ee,0,PERF/ASSET,module routing only; behavior closure pending
Quake/gl_rmain.c,75140c5bdd9ccdfe752b47680ab4842cad1e8346,1,1,5966d0876c4ce7b10c0165bfe980da1db54c8270,49f12d3236733f0b50f61fe130ae7440c3d976fb,,mapped to feature owner; behavioral integration/acceptance pending,071f267955519cfff3caac4030cf6479b18ee266,0,COOP-009;MOD-014;PERF-F001;PERF-F003;XR-010,explicit source anchors
Quake/gl_rmisc.c,44145363c45cedd00ba6fc3aebeeaa3033901224,1,1,ad393cb65461729d12c0c82999bfe0855d7491a1,f5bf08a1438047c2ada887c407daf1af339c2217,,mapped to feature owner; behavioral integration/acceptance pending,1b315131b3c98c0c8f645c57d6ee47ed254920a3,0,PERF/ASSET,module routing only; behavior closure pending
Quake/gl_screen.c,a249fe803bb796a02b292b64c0fccb5454d1d25c,1,1,1f2f2b67b08637176c625d3acb63da54a109753e,60d5ae1a434c6c10adf7dec7b5cb7a9dc9f6b6e6,,mapped to feature owner; behavioral integration/acceptance pending,4a63ce0bb68027c32d9e5b49ad47a09d7e6edd37,0,UI-005,explicit source anchors
Quake/gl_sky.c,9d0f325c7a6dfc9e223cbe96a0d7421e1996047b,1,1,9367b6b6305c47854ed3e663b2b665fda724d0a3,c02c83629472eef7cfbf2d4d50959ae515492147,,mapped to feature owner; behavioral integration/acceptance pending,66051ff624733b79f926dc074d6941e42bc704f8,0,MOD-007,explicit source anchors
Quake/gl_texmgr.c,b862096ac78b0042aacf66e51c9205b49fd43a40,1,1,89ef61cf1f000166138f14dce0c0c93b8da9d3b5,23b6e727915a55458b3322110e88c4d98941578e,,mapped to feature owner; behavioral integration/acceptance pending,175fbf65f35dcc5d9495fe311b17f957d3c6fd3f,0,PERF/ASSET,module routing only; behavior closure pending
Quake/gl_texmgr.h,91d0562ee7f1b3ee8416e007d9d0bf7c59831bd1,1,1,7e8b49f5a82490265522a96dc725f3a9b22a3dee,56d8a960fb17b9439647c99a77dc80bce6d44fcd,,mapped to feature owner; behavioral integration/acceptance pending,9f1c8403164007e7ee6f027fbae72de626beed50,0,PERF/ASSET,module routing only; behavior closure pending
Quake/gl_vidsdl.c,cc3146b8fdf90103eac9e6e1f7c69b1c6a50c609,1,1,652a51fbf9086ea0d9eb258123645d9bdaf0b2aa,5057cfcb64d220bdd643b004484b4567aa99b724,,mapped to feature owner; behavioral integration/acceptance pending,a6ab89229807f9ceb2f234483c87f7285ef20490,0,PERF/ASSET,module routing only; behavior closure pending
Quake/gl_warp.c,1df8a28d4ade1e279372dd1b5ee9d5b94b39bd29,1,1,00a23e035586d7b6a0d13f89c27355c6aae1d91d,2efe5d8cfc674c8c0a60f17ff5f0a47d584a1fc6,,mapped to feature owner; behavioral integration/acceptance pending,6a16cc9dfab0378d62321729fdc4ed9b9615bd6a,0,PERF/ASSET,module routing only; behavior closure pending
Quake/gl_warp_sin.h,313ab4edbb054ce7d7460bdab86ad933861d6954,0,1,9b33632354e492a2ec398a38f02ac7121b9cea1e,be8d0e02c1240363a35d0b4f24676704bdd6dd51,,mapped to feature owner; behavioral integration/acceptance pending,313ab4edbb054ce7d7460bdab86ad933861d6954,0,PERF/ASSET,module routing only; behavior closure pending
Quake/glquake.h,49f918d25e400054c3567057dec6b6f6721e7a2c,1,1,0b2c5cde085ce1374b3ffd4b131d617ad231599d,3dae70a6d3635ceda2457544b08bdb94171f74ba,,mapped to feature owner; behavioral integration/acceptance pending,dfc4a7f5b685f9adb83b27869748e47f5fae0238,0,PERF/ASSET/VR,shared interface routing; behavior closure pending
Quake/host.c,f223589115ff9f1d317f85aaac13bd3f41168b11,1,1,471858629d890f3c09783beccd69436bf22c073f,c7e484ba3a9f5f661182747cc93f7ce54966eb56,,mapped to feature owner; behavioral integration/acceptance pending,9707e03a7905dd652e7b2c6c91083b017ac15b5f,0,BASE-001;COOP-002;COOP-010;MOD-002;MOD-006,explicit source anchors
Quake/host_cmd.c,14a241c3f564de90ce5dbaeaca3457d03da200b5,1,0,67620f4c70f561152754a011ee7a33ac7812729c,b3c60f1fb3cb196e04d3166a707232d82ca72c41,,mapped to feature owner; behavioral integration/acceptance pending,67620f4c70f561152754a011ee7a33ac7812729c,0,COOP-008;COOP-010;COOP-011,explicit source anchors
Quake/image.c,0adbbf8293da3973f8d5ad622460dcc12e88ffe4,1,0,0bad9f1c41ac83eef1a92fa5088dfa89a98904d5,368a3a688f7d84e201df8b823ce56481b6b06bfe,,mapped to feature owner; behavioral integration/acceptance pending,0bad9f1c41ac83eef1a92fa5088dfa89a98904d5,0,PERF/ASSET,module routing only; behavior closure pending
Quake/image.h,0b89abb61c059185728ab237848152086f94683c,1,0,a62f9b44aa7cbb717e09f06bc138f3f817f48fff,c8f1ed4c79d6b7b854fc4bb27a82132362b8e071,,mapped to feature owner; behavioral integration/acceptance pending,a62f9b44aa7cbb717e09f06bc138f3f817f48fff,0,PERF/ASSET,module routing only; behavior closure pending
Quake/in_sdl.c,fc145db5fd1a06548b5966d05fa1391b1b5b8b68,1,1,c88165462e279bf2c979a9bf882cacbf54c960d8,4144e0904c5c72c78613900d1f7edfc31de27412,,mapped to feature owner; behavioral integration/acceptance pending,0dfed6fd65b9be43d7ab367f00802243adf6f56a,0,BASE-003,explicit source anchors
Quake/input.h,212d4cb95b60ad6bbf7017429892f2cc664e04bd,0,0,212d4cb95b60ad6bbf7017429892f2cc664e04bd,e80e7bcd9f390364dd1641b2e4f0a28df7eab406,,mapped to feature owner; behavioral integration/acceptance pending,212d4cb95b60ad6bbf7017429892f2cc664e04bd,0,PLAT/BASE,support/dependency/history routing; review before import
Quake/jsmn.h,,1,0,dca2bb592be90c77685176618695d972c7cd3ffc,dcd37721cc51ba44bda31271159c53fcf9dcdcba,,mapped to feature owner; behavioral integration/acceptance pending,dca2bb592be90c77685176618695d972c7cd3ffc,0,PLAT/BASE,support/dependency/history routing; review before import
Quake/json.c,,1,0,8751ee2e7651aaf1a0d30d40863fbd902ee688e1,ed12ec57df8bb52d512a72cc75911c8e8c21f72e,,mapped to feature owner; behavioral integration/acceptance pending,8751ee2e7651aaf1a0d30d40863fbd902ee688e1,0,PLAT/BASE,support/dependency/history routing; review before import
Quake/json.h,,1,0,7935ba0ea1f29486976c168af4638d4b7d7ded5b,036eab109542016ee077e37e3d5b9231f31e365a,,mapped to feature owner; behavioral integration/acceptance pending,7935ba0ea1f29486976c168af4638d4b7d7ded5b,0,PLAT/BASE,support/dependency/history routing; review before import
Quake/keys.c,c6262d399135d1b3d7ec6b60a9d953b74aab94c6,1,0,78fd414d3595af86133a90e361eade16413a9682,52acf14c0c5f77b895bc35805fdaa7fb8e57183f,,mapped to feature owner; behavioral integration/acceptance pending,78fd414d3595af86133a90e361eade16413a9682,0,UI/BASE/VR,module routing only; behavior closure pending
Quake/keys.h,29beddd86922418752eb91ec5268d0699a937d86,1,0,19876c58c13e9852fb29d549ffbafd00c8bed7b4,4ae37d64a0d36d0e0139c69444502adca7722712,,mapped to feature owner; behavioral integration/acceptance pending,19876c58c13e9852fb29d549ffbafd00c8bed7b4,0,UI/BASE/VR,module routing only; behavior closure pending
Quake/lodepng.c,0f991b74461292c84a53d12fe3c13763fc089f63,0,0,0f991b74461292c84a53d12fe3c13763fc089f63,f6154651f9d568987b68cded91c8838125cb3d36,,mapped to feature owner; behavioral integration/acceptance pending,0f991b74461292c84a53d12fe3c13763fc089f63,0,PLAT/BASE,support/dependency/history routing; review before import
Quake/lodepng.h,fdafc770e441e8826eaf6e91ce88f88f1d91c5e1,0,0,fdafc770e441e8826eaf6e91ce88f88f1d91c5e1,9186861e144fecc7cee704b35b111efb5561793c,,mapped to feature owner; behavioral integration/acceptance pending,fdafc770e441e8826eaf6e91ce88f88f1d91c5e1,0,PLAT/BASE,support/dependency/history routing; review before import
Quake/main_sdl.c,353cc2c8eadeb90ddde5687cd25a2235adb5791b,1,0,2e1e7f929c60e7b977bbf21d8ea36195c5d60f72,6e1ea44820f93b650f597fd0bebb747fecf51989,,mapped to feature owner; behavioral integration/acceptance pending,2e1e7f929c60e7b977bbf21d8ea36195c5d60f72,0,UI/BASE/VR,module routing only; behavior closure pending
Quake/mathlib.c,fc2ceb2b7264245e1b6b03eafd144ae422cea135,1,0,c4b6239c0449a0c4a37e854252249761f65e2318,b59f50419b3965d9a362f6f0886819cd95b0d7e4,,mapped to feature owner; behavioral integration/acceptance pending,c4b6239c0449a0c4a37e854252249761f65e2318,0,BASE/MOD/COOP,module routing only; behavior closure pending
Quake/mathlib.h,ef56b3264e1121b772b8e16326605879b799fe0b,1,0,572bbbe05b93e6eef400383e8c0886482d265865,21fcb05bfc982162047cdf69caa00e7ae7843f27,,mapped to feature owner; behavioral integration/acceptance pending,572bbbe05b93e6eef400383e8c0886482d265865,0,BASE/MOD/COOP,module routing only; behavior closure pending
Quake/menu.c,3660d81cc860d814a3b7f8a018aaf60bbee7dbde,1,1,a587fa2b9b4ce28fe362835aba8be419dba30168,4f641ec34cf1c7967fe18ac2897a8e71c61c37b6,,mapped to feature owner; behavioral integration/acceptance pending,25c81fa29d8d8cf9f0f1199487f4389455458eb3,0,MOD-013;MOD-014;UI-002;UI-005,explicit source anchors
Quake/menu.h,6bdc086264f28a8d1add35f8e5e915cdfd6ad776,1,1,e6a9153e3f24fec224a52eadb1a831d5ef961145,4397b924b0da99658b17edd35db950a3400523b3,,mapped to feature owner; behavioral integration/acceptance pending,6470521c88c44ece0c8f5608a3189ec79098b0e1,0,UI/BASE/VR,shared interface routing; behavior closure pending
Quake/miniz.c,a9318862dca7cc27e2d51237e30985cece7cf048,0,0,a9318862dca7cc27e2d51237e30985cece7cf048,3fca36143a98aa47242f84864fa1c77be17f2ca2,,mapped to feature owner; behavioral integration/acceptance pending,a9318862dca7cc27e2d51237e30985cece7cf048,0,PLAT/BASE,support/dependency/history routing; review before import
Quake/miniz.h,362a8ca3fb163e731a721e9670010c51da5d6bb4,0,0,362a8ca3fb163e731a721e9670010c51da5d6bb4,136413edd6ffefb2ec748dbb4ce3e7b8cf08501a,,mapped to feature owner; behavioral integration/acceptance pending,362a8ca3fb163e731a721e9670010c51da5d6bb4,0,PLAT/BASE,support/dependency/history routing; review before import
Quake/mod_browser_layout.h,,1,1,629ca5135e10d3cf39abd3ba4f0fa8d72d918edc,,,mapped to feature owner; behavioral integration/acceptance pending,10b0dff8a0902e9acd9ee5da439f1f0e5e5fd251,0,UI-002,explicit source anchors
Quake/modelgen.h,92dbcf4cc9f7f8320c7c13a5161da6f5c64f3300,1,0,aad80175159533413b128591a7d229054d63a4e5,6f2c2d7d9b22490b5fc3b9a57de2aff9d4f299b4,,mapped to feature owner; behavioral integration/acceptance pending,aad80175159533413b128591a7d229054d63a4e5,0,PERF/ASSET,module routing only; behavior closure pending
Quake/net.h,a07849055720d155b8c2c8e8aabd5c1681407294,1,0,4c622d2ac806778fb24b58a9ba1202f3e5261140,246f233b427ca9c8998093adb83e7c88886315e1,,mapped to feature owner; behavioral integration/acceptance pending,4c622d2ac806778fb24b58a9ba1202f3e5261140,0,NET/COOP/MOVE,module routing only; behavior closure pending
Quake/net_bsd.c,52d99a32234c141f411693c84f4a9388ea2ab0a6,1,0,8ef3c410a1882f1f615a480d2b807775fc19416a,faf9d990eeb2aed0e339e3de5ff19938c7481966,,mapped to feature owner; behavioral integration/acceptance pending,8ef3c410a1882f1f615a480d2b807775fc19416a,0,NET-019,feature/report source anchors; per-file behavior closure pending
Quake/net_defs.h,424b85dd271715858ca50ce5264493ad65745102,1,0,373ad6f1f4724b03ba5d7be06bdaad957861f02f,8fbbc553edd5055103d53e4ae02e5fbcfd84a49a,,mapped to feature owner; behavioral integration/acceptance pending,373ad6f1f4724b03ba5d7be06bdaad957861f02f,0,NET/COOP/MOVE,module routing only; behavior closure pending
Quake/net_dgrm.c,778717d8d6d1b16711454c15f6b42b4f3455571b,1,0,b9674d3b3d597e2d2bd44259ae4331511f58f676,98394a4c8bd6c07030d06d471e3555aabaf4a980,,mapped to feature owner; behavioral integration/acceptance pending,b9674d3b3d597e2d2bd44259ae4331511f58f676,0,NET-016;NET-017;NET-020,feature/report source anchors; per-file behavior closure pending
Quake/net_dgrm.h,357a829ab4f55ef01128dc9539a0a00e7ae7ac18,1,0,436a1916a70be86fdfffc30db996e3b7d6144277,552e293605daa1687473061fa03b85084cc5b650,,mapped to feature owner; behavioral integration/acceptance pending,436a1916a70be86fdfffc30db996e3b7d6144277,0,NET/COOP/MOVE,module routing only; behavior closure pending
Quake/net_loop.c,8cb22db603ddb02e15334e589e074466b41e4e72,1,0,f9b15a2e02e883acd575ac97fa896bc9056bd262,504e04f4a5e062025e939a92f2843f26a9e022a5,,mapped to feature owner; behavioral integration/acceptance pending,f9b15a2e02e883acd575ac97fa896bc9056bd262,0,NET-018,feature/report source anchors; per-file behavior closure pending
Quake/net_loop.h,267193d98ab928c0f7971b543612fdf4897a4c36,1,0,60347f8b80a300c5570367ddb1f1f9f27478fb81,647fe9e5671e28c570a7f082a01790abecba44ab,,mapped to feature owner; behavioral integration/acceptance pending,60347f8b80a300c5570367ddb1f1f9f27478fb81,0,NET/COOP/MOVE,module routing only; behavior closure pending
Quake/net_main.c,bbd599af5b06248786d91afa37a75f7f3564f5a5,1,0,44ea53694f626fbae241026d484a994f60b10ff7,8a6d16343886cba79b397cd187fc2d8508dbf9b7,,mapped to feature owner; behavioral integration/acceptance pending,44ea53694f626fbae241026d484a994f60b10ff7,0,NET-016;NET-017;NET-020,feature/report source anchors; per-file behavior closure pending
Quake/net_sys.h,bc334dc1cd386d4fe090db393be1f5fdd7c6b1d1,1,0,3212c665b8fb5b5ad3ca81826e770bcd902edf32,1423833b2930ba9b5f673ee7847ce0e4560e28ce,,mapped to feature owner; behavioral integration/acceptance pending,3212c665b8fb5b5ad3ca81826e770bcd902edf32,0,NET/COOP/MOVE,module routing only; behavior closure pending
Quake/net_udp.c,1f3644bf7bc802c8471891a7190a903fdfba2853,1,0,441c816674b8a5dc6697ce452f52f714faaeed6d,af81b88444ffb2f9a87a244729e9d9d5a3fe80ae,,mapped to feature owner; behavioral integration/acceptance pending,441c816674b8a5dc6697ce452f52f714faaeed6d,0,NET-019,feature/report source anchors; per-file behavior closure pending
Quake/net_udp.h,5df71dfe389f47da72faf3de286d5a1fdcf17769,1,0,ccca970aabca0247a27ce0d45301329a8e861b6c,26b46679f3568d35efe95ce2c97c9c7e4b16b117,,mapped to feature owner; behavioral integration/acceptance pending,ccca970aabca0247a27ce0d45301329a8e861b6c,0,NET/COOP/MOVE,module routing only; behavior closure pending
Quake/net_win.c,3029659f6353083f7eb9ed28c11e09662328e2e6,1,0,330e2ddf17c0efcd1ebba5019ba5a5d32dd65ab0,8dc236c5fd69037ec9a39cdff0813e226bc2d341,,mapped to feature owner; behavioral integration/acceptance pending,330e2ddf17c0efcd1ebba5019ba5a5d32dd65ab0,0,NET-019,feature/report source anchors; per-file behavior closure pending
Quake/net_wins.c,6be7454f0fbbbefdd0abc91597b07ecce78638e3,1,0,b29eb6cb12cb45cd578cacd8158a026436e5c254,2bcdd6a7fdb4d77912b68ee49dd6c1bff0cd1c1a,,mapped to feature owner; behavioral integration/acceptance pending,b29eb6cb12cb45cd578cacd8158a026436e5c254,0,NET-019,feature/report source anchors; per-file behavior closure pending
Quake/net_wins.h,59abda432a3886880a5743e06889b0c27307e0fd,1,0,edc09494a151926467176d688bd14e373557a01e,a761d3311076aeffc5c9aae7888bdaa9c8485c2b,,mapped to feature owner; behavioral integration/acceptance pending,edc09494a151926467176d688bd14e373557a01e,0,NET/COOP/MOVE,module routing only; behavior closure pending
Quake/net_wipx.c,bd375d1816a88984d48baf760033224384b45ed6,1,0,372e6ab29d3fb0ee7de73dfffc225610c8509950,8a91c7734ee038d72344d602225472e72e5f9a25,,mapped to feature owner; behavioral integration/acceptance pending,372e6ab29d3fb0ee7de73dfffc225610c8509950,0,NET/COOP/MOVE,module routing only; behavior closure pending
Quake/net_wipx.h,e8a24d3ceede58fcc4e63b6feb151888be373105,1,0,99a44f036ca19043c68a21455f1ed1c4c209033e,0bd385b3aef58be96a8b76f9ae40ab8b02f99dba,,mapped to feature owner; behavioral integration/acceptance pending,99a44f036ca19043c68a21455f1ed1c4c209033e,0,NET/COOP/MOVE,module routing only; behavior closure pending
Quake/openvr.h,ff6d1fe23526260837dbd5d563cd53f727d03842,0,0,ff6d1fe23526260837dbd5d563cd53f727d03842,,,mapped to feature owner; behavioral integration/acceptance pending,ff6d1fe23526260837dbd5d563cd53f727d03842,0,VR-009,explicit source anchors
Quake/pl_linux.c,5995b4bb8a1dad05d2eba6e6eb8646cec9172bf6,0,0,5995b4bb8a1dad05d2eba6e6eb8646cec9172bf6,e5c76ddcd6f650f005d25608a8e7a429ef5bd9d8,,mapped to feature owner; behavioral integration/acceptance pending,5995b4bb8a1dad05d2eba6e6eb8646cec9172bf6,0,PLAT/BASE,support/dependency/history routing; review before import
Quake/pl_osx.m,792afd1b1f81b134aa5b0d8fb4c8aa2d3fd50d3f,0,0,792afd1b1f81b134aa5b0d8fb4c8aa2d3fd50d3f,5fb7065c05c019bc4e9c9f4c20e4a2ba9758c245,,mapped to feature owner; behavioral integration/acceptance pending,792afd1b1f81b134aa5b0d8fb4c8aa2d3fd50d3f,0,PLAT/BASE,support/dependency/history routing; review before import
Quake/pl_win.c,486e3fcb2ff30efe5401514bdede02e750672d02,0,0,486e3fcb2ff30efe5401514bdede02e750672d02,e1ee415a4bd4ead9f5eacfc44e4a9e2d23aa2539,,mapped to feature owner; behavioral integration/acceptance pending,486e3fcb2ff30efe5401514bdede02e750672d02,0,PLAT/BASE,support/dependency/history routing; review before import
Quake/platform.h,5927a000515fe60f40d40a0c082a82cb3d8523e9,0,0,5927a000515fe60f40d40a0c082a82cb3d8523e9,bb0473f03a05bf85ba53f2f06b042d5984ed6766,,mapped to feature owner; behavioral integration/acceptance pending,5927a000515fe60f40d40a0c082a82cb3d8523e9,0,PLAT/BASE,support/dependency/history routing; review before import
Quake/player_avatar.c,,1,0,d05c78d27179e57b54051e93b33e17e5a972f2bb,,,mapped to feature owner; behavioral integration/acceptance pending,d05c78d27179e57b54051e93b33e17e5a972f2bb,0,AV-001;AV-003;AV-004,explicit source anchors
Quake/player_avatar.h,,1,0,a4f40bd0f5ed1c065d86f38efb80d51faf538302,,,mapped to feature owner; behavioral integration/acceptance pending,a4f40bd0f5ed1c065d86f38efb80d51faf538302,0,AV/FBT,module routing only; behavior closure pending
Quake/pmove.c,,1,0,50fa4dbb08006372fb8f20e0c472e275d9abea99,,14a32e27888436a49c5bd4622ed3d1c26e1bc59173b19b49d7270fa0e55c33ea,preserved local WIP; reconcile with current master and XR; not accepted parity,50fa4dbb08006372fb8f20e0c472e275d9abea99,0,MOD-011;NET-005;NET-006;NET-013;NET-028,feature/report source anchors; per-file behavior closure pending
Quake/pmove.h,,1,0,72634e6c4c14b8b692a414facde082e1bee56805,,,mapped to feature owner; behavioral integration/acceptance pending,72634e6c4c14b8b692a414facde082e1bee56805,0,MOVE/NET,module routing only; behavior closure pending
Quake/pr_cmds.c,57c9f12a9ffcccc08174ccb3ebc1175912da5dbd,1,0,0d4c4baaea627f41ed1e8c67400568e3b3b7418a,427bf4508c637af072e37e812543d3a1be28d858,,mapped to feature owner; behavioral integration/acceptance pending,0d4c4baaea627f41ed1e8c67400568e3b3b7418a,0,MOD-001;MOD-003;MOD-004;MOD-005;MOD-006;MOD-009;MOD-010;WPN-010,explicit source anchors
Quake/pr_comp.h,bc6c62e191d268605d5e376ee7cb6974c681efa2,1,0,c922b52f6157251d0203c305024f1f6f4129ba2a,0fbad91cf0ab5b3a1fd821adc773fa4ec25d17fd,,mapped to feature owner; behavioral integration/acceptance pending,c922b52f6157251d0203c305024f1f6f4129ba2a,0,MOD/NET,module routing only; behavior closure pending
Quake/pr_edict.c,4888482af6c00b88d78a258a9df2333a8f06fcff,1,0,c49b502298de68d439fa4aab0b24175e6ae799d0,036bd8efc040bba9aa0634d6680a3ec96618912e,,mapped to feature owner; behavioral integration/acceptance pending,9ccee4f9ee1eaff46276c47897fb599f5ccd1846,1,MOD-007;MOD-012;MOD-014;NET-029,feature/report source anchors; per-file behavior closure pending
Quake/pr_exec.c,55efd7e78155e24ff1cac14f56042937f1c9e466,1,0,e6ab23fd5443542a2493980390cc13a2e4518267,08672d7e338e6d288666020eb89bd104f9c14f68,,mapped to feature owner; behavioral integration/acceptance pending,e6ab23fd5443542a2493980390cc13a2e4518267,0,MOD/NET,module routing only; behavior closure pending
Quake/progdefs.h,5a806f56bef8db97ee178857703e8da2a18d82db,0,0,5a806f56bef8db97ee178857703e8da2a18d82db,46ca81beaa1d81de2ce641cf6043406d3c0c579e,,mapped to feature owner; behavioral integration/acceptance pending,5a806f56bef8db97ee178857703e8da2a18d82db,0,PLAT/BASE,support/dependency/history routing; review before import
Quake/progdefs.q1,eb15c45c6535945e4c3b6baf358c747a87e486dc,0,0,eb15c45c6535945e4c3b6baf358c747a87e486dc,eb15c45c6535945e4c3b6baf358c747a87e486dc,,mapped to feature owner; behavioral integration/acceptance pending,eb15c45c6535945e4c3b6baf358c747a87e486dc,0,PLAT/BASE,support/dependency/history routing; review before import
Quake/progs.h,73f207ffaf8e55156ae57d14274f2ecb6443553d,1,0,c4ddac5b98025605a6e96670919a1184b42a7fc5,b9be0c2a7f3b1eae6be2b8232b1a9213974fb99d,,mapped to feature owner; behavioral integration/acceptance pending,c4ddac5b98025605a6e96670919a1184b42a7fc5,0,MOD-001,explicit source anchors
Quake/protocol.h,a155eee68fc2e81222a4709127aa028c9bd1da16,1,0,f107542339b5415c347580ce9144287fb0e91cb9,cbc05aa8ae2e5c0541298f0857e439f87c4dbd4e,,mapped to feature owner; behavioral integration/acceptance pending,f107542339b5415c347580ce9144287fb0e91cb9,0,NET-001;NET-002;NET-003;NET-005;NET-015;NET-023;NET-024;NET-026;NET-027,feature/report source anchors; per-file behavior closure pending
Quake/q_ctype.h,729f79678760eb54936ff65ba808b192f8616a0a,0,0,729f79678760eb54936ff65ba808b192f8616a0a,3b5172b85b52983bf33481c26f37fb3f3104b5ba,,mapped to feature owner; behavioral integration/acceptance pending,729f79678760eb54936ff65ba808b192f8616a0a,0,PLAT/BASE,support/dependency/history routing; review before import
Quake/q_sound.h,ded7b5dafde9b37edb48b10f15bb1cfc32a9fd01,1,0,c3de0c7f57e6ec71df1291935be6912dfe2f6946,18b5e362d3aaa26957552889def0437e7d6aad3a,,mapped to feature owner; behavioral integration/acceptance pending,c3de0c7f57e6ec71df1291935be6912dfe2f6946,0,AUDIO,module routing only; behavior closure pending
Quake/q_stdinc.h,b0b141b6d52467d4fb1a77b0abf144698ae6e2fd,1,0,0166e2b4894d06970cf3a8bcd6d16d4bf8e8d0aa,75119f84589386ffeedc8f0459c4962e9f424911,,mapped to feature owner; behavioral integration/acceptance pending,0166e2b4894d06970cf3a8bcd6d16d4bf8e8d0aa,0,PLAT/BASE,support/dependency/history routing; review before import
Quake/qs_bmp.h,fd2b2b58f154020f9ff6d387d85c8a1ea5629e95,0,0,fd2b2b58f154020f9ff6d387d85c8a1ea5629e95,578e3be77c66ef16a2a71bd1a360895d7030cd64,,mapped to feature owner; behavioral integration/acceptance pending,fd2b2b58f154020f9ff6d387d85c8a1ea5629e95,0,PLAT/BASE,support/dependency/history routing; review before import
Quake/quakedef.h,d11f2e8ae53b63ae3f757a4e02c04b8a2da2e0cb,1,0,31e9ef1a220e75f2d12161648b65553e50b7f42b,b0a16bc0c39a6fd657fc279a3aa00a02cda74109,,mapped to feature owner; behavioral integration/acceptance pending,31e9ef1a220e75f2d12161648b65553e50b7f42b,0,BASE/MOD/NET,shared interface routing; behavior closure pending
Quake/quakespasm.pak,820524b51a4b81d78ccc68f96079cd3542812efd,1,0,05e5215891d1c2f02528eb5bb34d979ff5979ddd,,,mapped to feature owner; behavioral integration/acceptance pending,05e5215891d1c2f02528eb5bb34d979ff5979ddd,0,PLAT/BASE,support/dependency/history routing; review before import
Quake/r_alias.c,f179976f80c663935731f0ee8c809ca0afac01d8,1,1,741981af0bc95b9c6ff0c270a3709ee85b14baef,3765e7fe75a504ed8bf9dcc28b6f591cbd4ad093,,mapped to feature owner; behavioral integration/acceptance pending,e489389821645d3bf16c17da4cbd9613d52a7196,0,AV-006;MOD-008,explicit source anchors
Quake/r_alicia_spike.c,,1,0,b08b56c6493d5b09d19eaa44ce491ae72c65a0ec,,,mapped to feature owner; behavioral integration/acceptance pending,b08b56c6493d5b09d19eaa44ce491ae72c65a0ec,0,AV-009,explicit source anchors
Quake/r_alicia_spike.h,,1,0,5b9bb1a4fe1d45640d1e691e433757eb76a39262,,,mapped to feature owner; behavioral integration/acceptance pending,5b9bb1a4fe1d45640d1e691e433757eb76a39262,0,PERF/ASSET,module routing only; behavior closure pending
Quake/r_avatar.c,,1,0,0e4b0daada8322e5371cbf270a34c270ff10cea5,,,mapped to feature owner; behavioral integration/acceptance pending,0e4b0daada8322e5371cbf270a34c270ff10cea5,0,AV-003,explicit source anchors
Quake/r_avatar.h,,1,0,d71de13a081511a0902cbff325ddfe66d876f1a4,,,mapped to feature owner; behavioral integration/acceptance pending,d71de13a081511a0902cbff325ddfe66d876f1a4,0,AV/FBT,module routing only; behavior closure pending
Quake/r_brush.c,89936facf88ecacb50a830ae4544bdbeec8d77ed,1,1,270b2edd62c5d51ff5f26bd05bda6843c12e8eb6,e7fe70904e28b6ff64d9bf3b444cb76b44cce236,8520221738901e95085d75a59507b6da6c881ad424eaae691442141aabd9c589,preserved local WIP; reconcile with current master and XR; not accepted parity,8ed1d7288b3de440d6e28cffc690ae63538f9815,0,PERF-F003,explicit source anchors
Quake/r_gputimer.c,,1,0,b8f82d2c6999edf06881d636c51dfbef0298ccc9,,,mapped to feature owner; behavioral integration/acceptance pending,b8f82d2c6999edf06881d636c51dfbef0298ccc9,0,PERF-F001,explicit source anchors
Quake/r_gputimer.h,,1,0,c50dcbffdb800dbf2b9d39fc5d96f3af5e48f9bc,,,mapped to feature owner; behavioral integration/acceptance pending,c50dcbffdb800dbf2b9d39fc5d96f3af5e48f9bc,0,PERF/ASSET,module routing only; behavior closure pending
Quake/r_part.c,32e067ac33db6949381f65bec2574a212c168536,1,1,aa952452c3be97b10f627f39a1e5b67a757b97e4,8d4cf2149c84ba913d42d6dbb29e399cf2418612,,mapped to feature owner; behavioral integration/acceptance pending,e20a17779259b45fc072f032b1fdaf880f978842,0,PERF/ASSET,module routing only; behavior closure pending
Quake/r_part_fte.c,,1,1,6cb75fb76d2d5df03713502384d21469349eccb2,c6d512d083d0d8555781c850fd797611d7a4cae5,,mapped to feature owner; behavioral integration/acceptance pending,704a0f91f2be29453b5bb3890985edd9eddc7153,0,MOD-009,explicit source anchors
Quake/r_sprite.c,cca9aadc288ecffaee5427f402bcaa3855eea03b,0,1,b3fa61010c35415781dc6ba79c20c9deba8073e4,4512d9501e5316bd90ed1a073525adbf5f02d074,,mapped to feature owner; behavioral integration/acceptance pending,cca9aadc288ecffaee5427f402bcaa3855eea03b,0,PERF/ASSET,module routing only; behavior closure pending
Quake/r_vrik.c,,1,0,e44c772848d2c38a4d77274d2d5c13104a599a58,,,mapped to feature owner; behavioral integration/acceptance pending,e44c772848d2c38a4d77274d2d5c13104a599a58,0,AV-001;AV-002;AV-007;AV-008,explicit source anchors
Quake/r_vrik.h,,1,0,f5b617b2220df4e909ada7106a1beb18774902bf,,,mapped to feature owner; behavioral integration/acceptance pending,f5b617b2220df4e909ada7106a1beb18774902bf,0,AV/FBT,module routing only; behavior closure pending
Quake/r_world.c,22dd5748df1ac5b22849103a17937f6fba4d5a5d,1,1,071e06f8c35408424553e44f25246403762b402a,7451190c2dcde4e732bdebe9ffed375e45a491da,,mapped to feature owner; behavioral integration/acceptance pending,15ea16f2855b47cc9597afb828e508e5425b88f0,0,PERF/ASSET,module routing only; behavior closure pending
Quake/render.h,1382db0429710e9bff0d92533cc0cb5770a0598e,1,0,50c43c8e9335960a6e6a6ff748f5b9f9bbb1a83f,bbbecc0c3a4e7e8b083fd367010d745bd1fb8d6e,,mapped to feature owner; behavioral integration/acceptance pending,50c43c8e9335960a6e6a6ff748f5b9f9bbb1a83f,0,PERF/ASSET/VR,shared interface routing; behavior closure pending
Quake/resource.h,d31f0fa89924b81301ef900cd9869a7efb29059e,0,0,d31f0fa89924b81301ef900cd9869a7efb29059e,bb167cb8c46a79fc5b67428f97fb23f6e17cf76c,,mapped to feature owner; behavioral integration/acceptance pending,d31f0fa89924b81301ef900cd9869a7efb29059e,0,PLAT/BASE,support/dependency/history routing; review before import
Quake/sbar.c,1f48e53e284f86b8597acbaba1b899089d22f803,1,1,16baf00c6b3f48148a5000026392e9abf35e0df7,1973a630b2710c29647d392dce91ed3e090909c7,,mapped to feature owner; behavioral integration/acceptance pending,996456febe2aed51016692944fff9116a4220664,0,AUDIO-005;COOP-009;MOD-002,explicit source anchors
Quake/sbar.h,bce73b5251f1358dc601e9be239b644850f32377,1,0,512644922e1d633676df98520f31858edae216d7,3155bb7a03eff1d47e2b1a5a9518629cde8021b7,,mapped to feature owner; behavioral integration/acceptance pending,512644922e1d633676df98520f31858edae216d7,0,UI/BASE/VR,shared interface routing; behavior closure pending
Quake/screen.h,73c888c82cc57872d8d27188964da55c3141aa61,1,1,86015b17ee127c28dc09b2a1dd8e270bf01a9a4f,50c8b96d80169ec368c2d44e5e3991f9fc5692b9,,mapped to feature owner; behavioral integration/acceptance pending,5416cf5a893f9336544c0259943d30e2fc386ca4,0,UI/BASE/VR,module routing only; behavior closure pending
Quake/server.h,2842a2758aa1df524c34b6c205e7b7ba34385070,1,0,007286922b573078cbd0b21e5695d5ec7e926f64,57264ef824407feb099bc308515ea6cc01487f74,,mapped to feature owner; behavioral integration/acceptance pending,720dd90d6c787ca9f91a169cd401ae825e8b7dbe,1,NET/COOP/MOVE,shared interface routing; behavior closure pending
Quake/sha256.h,,0,1,a72d9bc7a720d9aa4ce02764145627ea416660be,,,mapped to feature owner; behavioral integration/acceptance pending,,0,PLAT/BASE,support/dependency/history routing; review before import
Quake/shaders/vk_alias.frag,,0,1,fca562fae26e05fe69151792f6f67fd70b15c880,,,mapped to feature owner; behavioral integration/acceptance pending,,0,XR/PERF/ASSET,shader interface routing; behavior closure pending
Quake/shaders/vk_alias.vert,,0,1,c5e52b36e403eabb742e1b2cf0143319e05a3e77,,,mapped to feature owner; behavioral integration/acceptance pending,,0,XR/PERF/ASSET,shader interface routing; behavior closure pending
Quake/shaders/vk_basic.frag,,0,1,eb0e0f8130bdcb7db89230946b02d03edf02bd79,,,mapped to feature owner; behavioral integration/acceptance pending,,0,XR/PERF/ASSET,shader interface routing; behavior closure pending
Quake/shaders/vk_basic.vert,,0,1,41f9cafc5509c6717557c95adae52d9e7361b04b,,,mapped to feature owner; behavioral integration/acceptance pending,,0,XR/PERF/ASSET,shader interface routing; behavior closure pending
Quake/shaders/vk_basic_alphatest.frag,,0,1,eb86dc292dea03e9748f9340f99b529546358090,,,mapped to feature owner; behavioral integration/acceptance pending,,0,XR/PERF/ASSET,shader interface routing; behavior closure pending
Quake/shaders/vk_camera.glsl,,0,1,596d402622d1512fc03ed25065c5f5f6aa4b2b8d,,,mapped to feature owner; behavioral integration/acceptance pending,,0,XR/PERF/ASSET,shader interface routing; behavior closure pending
Quake/shaders/vk_hiddenmask.frag,,0,1,ad3010e6eeced4830bc36911595e374b35014583,,,mapped to feature owner; behavioral integration/acceptance pending,,0,XR/PERF/ASSET,shader interface routing; behavior closure pending
Quake/shaders/vk_hiddenmask.vert,,0,1,2e6602ccc0a60a16ae12f9faae9c45ffb26cd32e,,,mapped to feature owner; behavioral integration/acceptance pending,,0,XR/PERF/ASSET,shader interface routing; behavior closure pending
Quake/shaders/vk_lightmap.comp,,0,1,35ae8c16227a27a2ce18dc6152e9d58ac11c0da7,,e66b8c65625335a6704382845ce5e51d31d752341c1d37b799caa637b997daf9,preserved local WIP; reconcile with current master and XR; not accepted parity,,0,XR/PERF/ASSET,shader interface routing; behavior closure pending
Quake/shaders/vk_md3.vert,,0,1,d910c7a429d1b264dff0fe7382305f5b64aca2ce,,,mapped to feature owner; behavioral integration/acceptance pending,,0,XR/PERF/ASSET,shader interface routing; behavior closure pending
Quake/shaders/vk_md5.vert,,0,1,af86cbb974cbfe65ef9ef71cc91fdd7f1fa1fdbe,,,mapped to feature owner; behavioral integration/acceptance pending,,0,XR/PERF/ASSET,shader interface routing; behavior closure pending
Quake/shaders/vk_pointer.frag,,0,1,2618ead51a619f90cbcbe263a4f2b854afba7d98,,,mapped to feature owner; behavioral integration/acceptance pending,,0,XR/PERF/ASSET,shader interface routing; behavior closure pending
Quake/shaders/vk_pointer.vert,,0,1,d9f4da2fc93151d4e578113b22799d494d023013,,,mapped to feature owner; behavioral integration/acceptance pending,,0,XR/PERF/ASSET,shader interface routing; behavior closure pending
Quake/shaders/vk_posed.frag,,0,1,11fb057374ede0faa0702eb4d4b20374743d6023,,,mapped to feature owner; behavioral integration/acceptance pending,,0,XR/PERF/ASSET,shader interface routing; behavior closure pending
Quake/shaders/vk_quad.frag,,0,1,34b44df7a8e675bfec28085de433c8b7fa5837d8,,,mapped to feature owner; behavioral integration/acceptance pending,,0,XR/PERF/ASSET,shader interface routing; behavior closure pending
Quake/shaders/vk_quad.vert,,0,1,44b6f949dd71bae6dcdcd84db3f70b6867166f92,,,mapped to feature owner; behavioral integration/acceptance pending,,0,XR/PERF/ASSET,shader interface routing; behavior closure pending
Quake/shaders/vk_sky.frag,,0,1,1297a96676390da436cb78a2c85d64370f439739,,,mapped to feature owner; behavioral integration/acceptance pending,,0,XR/PERF/ASSET,shader interface routing; behavior closure pending
Quake/shaders/vk_sky.vert,,0,1,51a83ddeb3e7bcf881afc289af98206b02fb005f,,,mapped to feature owner; behavioral integration/acceptance pending,,0,XR/PERF/ASSET,shader interface routing; behavior closure pending
Quake/shaders/vk_warp.comp,,0,1,c7b8f579c77451bc6645d794d3aa375dbef08905,,,mapped to feature owner; behavioral integration/acceptance pending,,0,XR/PERF/ASSET,shader interface routing; behavior closure pending
Quake/shaders/vk_world.frag,,0,1,0509ec04cea793df74d9d11dbc1f89310deb5258,,,mapped to feature owner; behavioral integration/acceptance pending,,0,XR/PERF/ASSET,shader interface routing; behavior closure pending
Quake/shaders/vk_world.vert,,0,1,4234b862adbd5f608ab2efaabc468e6469f74a1d,,,mapped to feature owner; behavioral integration/acceptance pending,,0,XR/PERF/ASSET,shader interface routing; behavior closure pending
Quake/snd_codec.c,7c332e7f5a6e91093f5bf6a0fbf5b7a10bd06d82,0,0,7c332e7f5a6e91093f5bf6a0fbf5b7a10bd06d82,2ceb6426688634de909751b9c8ab7b6889a8d3d3,,mapped to feature owner; behavioral integration/acceptance pending,7c332e7f5a6e91093f5bf6a0fbf5b7a10bd06d82,0,AUDIO-011,explicit source anchors
Quake/snd_codec.h,fcc9f8644d89892f9351dcc5d0a41b8d34ea66f6,0,0,fcc9f8644d89892f9351dcc5d0a41b8d34ea66f6,0fa3b91c041c2eff120b5156ab0715ad8de74546,,mapped to feature owner; behavioral integration/acceptance pending,fcc9f8644d89892f9351dcc5d0a41b8d34ea66f6,0,AUDIO,module routing only; behavior closure pending
Quake/snd_codeci.h,4df703154a629cff31ecff67105a9a4e6cd166a3,0,0,4df703154a629cff31ecff67105a9a4e6cd166a3,caf47746326ad84f68171e3ebcc677dace052d46,,mapped to feature owner; behavioral integration/acceptance pending,4df703154a629cff31ecff67105a9a4e6cd166a3,0,AUDIO,module routing only; behavior closure pending
Quake/snd_dma.c,1049a50a467260e0f2fcbd92fe8debfa2a26e306,1,0,120d8af01406c3bfcc8b03bac8c94e9014247631,b6bd3356ea8f161b7d983c8e6cd27ab2642abb94,,mapped to feature owner; behavioral integration/acceptance pending,120d8af01406c3bfcc8b03bac8c94e9014247631,0,AUDIO-011,explicit source anchors
Quake/snd_flac.c,838404b3b432b97d8896a6c3a746ca18f150aa72,0,0,838404b3b432b97d8896a6c3a746ca18f150aa72,d7612519ccda5d03cc0c00584fe8789ae27df185,,mapped to feature owner; behavioral integration/acceptance pending,838404b3b432b97d8896a6c3a746ca18f150aa72,0,AUDIO,module routing only; behavior closure pending
Quake/snd_flac.h,4cedf8245cba052cdd7f33cf2de7f0c8129ab9db,0,0,4cedf8245cba052cdd7f33cf2de7f0c8129ab9db,05546418f96bf19c4c4a34c2b1a3cfe196ca77c3,,mapped to feature owner; behavioral integration/acceptance pending,4cedf8245cba052cdd7f33cf2de7f0c8129ab9db,0,AUDIO,module routing only; behavior closure pending
Quake/snd_mem.c,43a29ecedc140a396b049a5732586ccfb5b0a3f6,1,0,32d204b4256721e7e39d78117440f27b5b251933,11c5f5692535c141abcc5be18c7d6e4df2bf24b4,,mapped to feature owner; behavioral integration/acceptance pending,32d204b4256721e7e39d78117440f27b5b251933,0,AUDIO,module routing only; behavior closure pending
Quake/snd_mikmod.c,bc0859b2d84f2c31af37dd4300ea1ac2e30d4e1b,0,0,bc0859b2d84f2c31af37dd4300ea1ac2e30d4e1b,86bb65c5ad2c306ca4b06f5cc328e8bbf9bde2e5,,mapped to feature owner; behavioral integration/acceptance pending,bc0859b2d84f2c31af37dd4300ea1ac2e30d4e1b,0,AUDIO,module routing only; behavior closure pending
Quake/snd_mikmod.h,9f0338bcb83df02354d208c12f701dedf9f3a73a,0,0,9f0338bcb83df02354d208c12f701dedf9f3a73a,789cdb90f6d9c88bb70083400677dc134302f13f,,mapped to feature owner; behavioral integration/acceptance pending,9f0338bcb83df02354d208c12f701dedf9f3a73a,0,AUDIO,module routing only; behavior closure pending
Quake/snd_mix.c,8dc3e02fdec72a2b5b7d8ca324d391e97aaaae6c,0,0,8dc3e02fdec72a2b5b7d8ca324d391e97aaaae6c,1ae4c02faa818c4b341ed263c6905f91a22fd41c,,mapped to feature owner; behavioral integration/acceptance pending,8dc3e02fdec72a2b5b7d8ca324d391e97aaaae6c,0,AUDIO,module routing only; behavior closure pending
Quake/snd_modplug.c,806c09a795e3f78ce3f367bae26d53cc48d4a3e6,0,0,806c09a795e3f78ce3f367bae26d53cc48d4a3e6,94db653564d720a36fb7bccdfef8c99c79c63e3f,,mapped to feature owner; behavioral integration/acceptance pending,806c09a795e3f78ce3f367bae26d53cc48d4a3e6,0,AUDIO,module routing only; behavior closure pending
Quake/snd_modplug.h,40f6397ba01028b0a1f3bade3d8f90df5a1d7158,0,0,40f6397ba01028b0a1f3bade3d8f90df5a1d7158,230fc1ae95f688473445f72b5732b3c9b0530033,,mapped to feature owner; behavioral integration/acceptance pending,40f6397ba01028b0a1f3bade3d8f90df5a1d7158,0,AUDIO,module routing only; behavior closure pending
Quake/snd_mp3.c,b3bf9a145c4e61c53906c890d4f939e66c639732,0,0,b3bf9a145c4e61c53906c890d4f939e66c639732,cc95eee3bfe3a76d2e6d3c6ae6dd97732e61421e,,mapped to feature owner; behavioral integration/acceptance pending,b3bf9a145c4e61c53906c890d4f939e66c639732,0,AUDIO,module routing only; behavior closure pending
Quake/snd_mp3.h,b519a9d12b5de3c968f94454c87e2e2ed062ce2d,0,0,b519a9d12b5de3c968f94454c87e2e2ed062ce2d,284d73e9932832e98bd50c3c001fc2f75108538a,,mapped to feature owner; behavioral integration/acceptance pending,b519a9d12b5de3c968f94454c87e2e2ed062ce2d,0,AUDIO,module routing only; behavior closure pending
Quake/snd_mp3tag.c,d778d10af012a93709ad190820b8eaac56ba11e9,0,0,d778d10af012a93709ad190820b8eaac56ba11e9,f34fb4feecde8bf4c78c4db7468772ea5c3a8fb2,,mapped to feature owner; behavioral integration/acceptance pending,d778d10af012a93709ad190820b8eaac56ba11e9,0,AUDIO,module routing only; behavior closure pending
Quake/snd_mpg123.c,74508f23d66764285285e101d5e62d2e08b0b7e2,1,0,08ddfd78119718e8da1d684fde4d55e40b67d8a9,a6b3620906df534f411516417a50b32c983d5a7f,,mapped to feature owner; behavioral integration/acceptance pending,08ddfd78119718e8da1d684fde4d55e40b67d8a9,0,AUDIO,module routing only; behavior closure pending
Quake/snd_opus.c,ea5e4f2487aa8234feabf0013d3b84d1d972a545,0,0,ea5e4f2487aa8234feabf0013d3b84d1d972a545,4de17b300df3d6f7099bcecdd12598422dae105f,,mapped to feature owner; behavioral integration/acceptance pending,ea5e4f2487aa8234feabf0013d3b84d1d972a545,0,AUDIO,module routing only; behavior closure pending
Quake/snd_opus.h,4c2a25febcca20aab2fbbff159ea23dea6745fde,0,0,4c2a25febcca20aab2fbbff159ea23dea6745fde,fac5604112da32cb49792b7878ce7ec6e578144d,,mapped to feature owner; behavioral integration/acceptance pending,4c2a25febcca20aab2fbbff159ea23dea6745fde,0,AUDIO,module routing only; behavior closure pending
Quake/snd_room.c,,1,0,757df2c7631bd1739998bbe709f225fce3b1b1ab,,,mapped to feature owner; behavioral integration/acceptance pending,757df2c7631bd1739998bbe709f225fce3b1b1ab,0,AUDIO-009,explicit source anchors
Quake/snd_room.h,,1,0,92492976c9cf4cdeeec2c9bca82c829c0439fed4,,,mapped to feature owner; behavioral integration/acceptance pending,92492976c9cf4cdeeec2c9bca82c829c0439fed4,0,AUDIO,module routing only; behavior closure pending
Quake/snd_sdl.c,6e0791b2f46ae08bbbb45738ebeafd732a3cfdcb,1,0,5362d7b6671ec23c75eb599f3947f6edb01a0e5a,77036b8274b135870e59bea1962d7191ad34357a,,mapped to feature owner; behavioral integration/acceptance pending,5362d7b6671ec23c75eb599f3947f6edb01a0e5a,0,AUDIO,module routing only; behavior closure pending
Quake/snd_spatial.c,,1,0,3c52ef34cd93ab79ac405c23acb81fa1d3571ea2,,,mapped to feature owner; behavioral integration/acceptance pending,3c52ef34cd93ab79ac405c23acb81fa1d3571ea2,0,AUDIO-006;AUDIO-007;AUDIO-008;AUDIO-009,explicit source anchors
Quake/snd_spatial.h,,1,0,01a8c1529cc3affe640cd563d5d2f51fe98f9c60,,,mapped to feature owner; behavioral integration/acceptance pending,01a8c1529cc3affe640cd563d5d2f51fe98f9c60,0,AUDIO,module routing only; behavior closure pending
Quake/snd_steamaudio.c,,1,0,ceff832ca4c878814eb8af26c112722d669e0a48,,,mapped to feature owner; behavioral integration/acceptance pending,ceff832ca4c878814eb8af26c112722d669e0a48,0,AUDIO-006,explicit source anchors
Quake/snd_steamaudio.h,,1,0,f952aae1de9f5cfc4594c72f08a535bc84ff1440,,,mapped to feature owner; behavioral integration/acceptance pending,f952aae1de9f5cfc4594c72f08a535bc84ff1440,0,AUDIO,module routing only; behavior closure pending
Quake/snd_umx.c,11bfbcd356ab7a3ae96139c5861aacf2826d6b9c,0,0,11bfbcd356ab7a3ae96139c5861aacf2826d6b9c,a41798cfb8318541590a19e8c9c0e7ea0ada52a3,,mapped to feature owner; behavioral integration/acceptance pending,11bfbcd356ab7a3ae96139c5861aacf2826d6b9c,0,AUDIO,module routing only; behavior closure pending
Quake/snd_umx.h,da3107d22b546a7f2e36343adfc900b6416cdcc7,0,0,da3107d22b546a7f2e36343adfc900b6416cdcc7,7c77015063b8eafa98a985b771fb4b7104cc014f,,mapped to feature owner; behavioral integration/acceptance pending,da3107d22b546a7f2e36343adfc900b6416cdcc7,0,AUDIO,module routing only; behavior closure pending
Quake/snd_vorbis.c,7ea02bd9ae820d80867aded8183442dfe2684057,0,0,7ea02bd9ae820d80867aded8183442dfe2684057,14b48885b9ca4fa05fe8039bfd39e48ae276b878,,mapped to feature owner; behavioral integration/acceptance pending,7ea02bd9ae820d80867aded8183442dfe2684057,0,AUDIO,module routing only; behavior closure pending
Quake/snd_vorbis.h,0f1cc9e0f0e01329314ad629fde55cf821563d3b,0,0,0f1cc9e0f0e01329314ad629fde55cf821563d3b,1ef49496eefa6e9066276506ad3809169bf7bdd9,,mapped to feature owner; behavioral integration/acceptance pending,0f1cc9e0f0e01329314ad629fde55cf821563d3b,0,AUDIO,module routing only; behavior closure pending
Quake/snd_wave.c,35e3ccf98dacca4105ad5dd390062142ff394d8f,0,0,35e3ccf98dacca4105ad5dd390062142ff394d8f,6157f407e3a809df54e4f00e6e1c1ecbf8a0835d,,mapped to feature owner; behavioral integration/acceptance pending,35e3ccf98dacca4105ad5dd390062142ff394d8f,0,AUDIO,module routing only; behavior closure pending
Quake/snd_wave.h,7f7f50bd6afd9c56062926e87d18862c5fd06228,0,0,7f7f50bd6afd9c56062926e87d18862c5fd06228,e27dd6a4374171405a80b3286037d63f96da853e,,mapped to feature owner; behavioral integration/acceptance pending,7f7f50bd6afd9c56062926e87d18862c5fd06228,0,AUDIO,module routing only; behavior closure pending
Quake/snd_xmp.c,3e9fd9b4a40de91ade529e33bc0652a3268810aa,1,0,f5d56516a0af67abee9ba87ecfd68f314e6af2f7,fac545117b904908b8e6fd857f0d0d9ce57127b4,,mapped to feature owner; behavioral integration/acceptance pending,f5d56516a0af67abee9ba87ecfd68f314e6af2f7,0,AUDIO,module routing only; behavior closure pending
Quake/snd_xmp.h,9516a4982a6c33500e501d82aba52cf2b95ae934,0,0,9516a4982a6c33500e501d82aba52cf2b95ae934,16b99ca37f17e89dac595597fb6a4e11c6e92ecb,,mapped to feature owner; behavioral integration/acceptance pending,9516a4982a6c33500e501d82aba52cf2b95ae934,0,AUDIO,module routing only; behavior closure pending
Quake/spritegn.h,817484286da470127b85f57428d6a3fad2fb8690,0,0,817484286da470127b85f57428d6a3fad2fb8690,83fe00ef5835c005ff840a5546478b5e06992b31,,mapped to feature owner; behavioral integration/acceptance pending,817484286da470127b85f57428d6a3fad2fb8690,0,PLAT/BASE,support/dependency/history routing; review before import
Quake/stb_image.h,,1,0,a632d543510ebf4410f124369b07a303e1d096d6,f8c9860a099e5e7091c7009f5734845609e081db,,mapped to feature owner; behavioral integration/acceptance pending,a632d543510ebf4410f124369b07a303e1d096d6,0,PERF/ASSET,module routing only; behavior closure pending
Quake/stb_image_write.h,260b0b4285c1496b0553bcee3e8b6e239be2036b,0,0,260b0b4285c1496b0553bcee3e8b6e239be2036b,566573ba4dcc8fa1e256ea7139ba5f394e30972d,,mapped to feature owner; behavioral integration/acceptance pending,260b0b4285c1496b0553bcee3e8b6e239be2036b,0,PERF/ASSET,module routing only; behavior closure pending
Quake/steam.c,,1,0,da3e4c7c2f7e68f887a0915af2c7c75f54b50626,e4f53889c70a064a0d1e7533d7bd4fbcd3ee9c1d,,mapped to feature owner; behavioral integration/acceptance pending,da3e4c7c2f7e68f887a0915af2c7c75f54b50626,0,UI-001,explicit source anchors
Quake/steam.h,,1,0,d2461234dc3d7ab052c2ae938334893c54e64bde,60b06e8dbc1db0b8b392af48de5236033380c74a,,mapped to feature owner; behavioral integration/acceptance pending,d2461234dc3d7ab052c2ae938334893c54e64bde,0,PLAT/BASE,support/dependency/history routing; review before import
Quake/steam_appid.txt,,1,0,087819fec476b2a8aabca2e93247ab74680b4aa6,,,mapped to feature owner; behavioral integration/acceptance pending,087819fec476b2a8aabca2e93247ab74680b4aa6,0,PLAT/BASE,support/dependency/history routing; review before import
Quake/strl_fn.h,3be2a32a10e4353adac0013fa2a9e368a2069957,0,0,3be2a32a10e4353adac0013fa2a9e368a2069957,fcb7aeaf03ed9cce919c2ec4ff9b2b7eed945baa,,mapped to feature owner; behavioral integration/acceptance pending,3be2a32a10e4353adac0013fa2a9e368a2069957,0,PLAT/BASE,support/dependency/history routing; review before import
Quake/strlcat.c,48b91f696e9bf6bd1d08867d6dda7db7080bde2c,0,0,48b91f696e9bf6bd1d08867d6dda7db7080bde2c,7e89a73f2d0d9c3b09df5f36f6e5540248adf8c6,,mapped to feature owner; behavioral integration/acceptance pending,48b91f696e9bf6bd1d08867d6dda7db7080bde2c,0,PLAT/BASE,support/dependency/history routing; review before import
Quake/strlcpy.c,754e70d0446254d51df2cfdf91b3e05b6b059bff,0,0,754e70d0446254d51df2cfdf91b3e05b6b059bff,0794b9a175546c17ed56c7617270bdaaa62078ec,,mapped to feature owner; behavioral integration/acceptance pending,754e70d0446254d51df2cfdf91b3e05b6b059bff,0,PLAT/BASE,support/dependency/history routing; review before import
Quake/sv_main.c,19454ed4be0dce33a3623513d4e4d38de7b17239,1,1,3d7581ba51c08f418517ef51f15d7087a7100b01,98001424b7ab342780df5c150609152576a18716,,mapped to feature owner; behavioral integration/acceptance pending,8eec9d310373feb96e59cd517e491a500480d30c,0,AUDIO-001;COOP-001;COOP-002;COOP-003;COOP-004;COOP-005;COOP-006;COOP-007;COOP-008;COOP-011;COOP-012;MOD-007;MOVE-002;MOVE-003;MOVE-009;MOVE-012;NET-001;NET-002;NET-003;NET-004;NET-006;NET-007;NET-009;NET-014;NET-021;NET-024;NET-026;NET-027,feature/report source anchors; per-file behavior closure pending
Quake/sv_move.c,78817e19e77b7ab00f6caff77485fb1b271a26e5,1,0,ec91462732c12efbde69b5933c24d8e8d19cb4e3,89a244358c45ed9bafd9a0e465ef6954dd7fd990,,mapped to feature owner; behavioral integration/acceptance pending,ec91462732c12efbde69b5933c24d8e8d19cb4e3,0,NET/COOP/MOVE,module routing only; behavior closure pending
Quake/sv_phys.c,8d958185e923acde2e8397e1e4e7fa4413d580aa,1,0,1fbc095df1982f02c957444e496ae7fd3055c79e,ba3f72ff44ca1c25cda102ce43825b479742a0db,,mapped to feature owner; behavioral integration/acceptance pending,9b463d93275bdf78c986aecf50913f791f6415bd,1,COOP-013;MOD-011;MOD-012;NET-028;NET-029,feature/report source anchors; per-file behavior closure pending
Quake/sv_pmove_policy.h,,1,0,5fac40933ec556af09e84f688129b2b40a59041a,,,mapped to feature owner; behavioral integration/acceptance pending,5fac40933ec556af09e84f688129b2b40a59041a,0,MOD-011,explicit source anchors
Quake/sv_user.c,a2e530c95592c700dd0f21f983132811fe1d93d3,1,0,5d63914516945801d4573247551c0e03600c1b2a,e137f3f5411ff1c2e2fd464b49c24a84d7ac2f37,,mapped to feature owner; behavioral integration/acceptance pending,5d63914516945801d4573247551c0e03600c1b2a,0,NET-010;NET-011;NET-015;NET-017;NET-023;NET-024;NET-025;NET-026;NET-028,feature/report source anchors; per-file behavior closure pending
Quake/sys.h,05d1055c6c3bbeb284de41c3d181eb1eaf6e30f9,1,0,58364f9e83a7c2b2d0fbe4c6f1623571c9fbff71,c98311ea29a0df17af932bf53a80b13f64aa946f,,mapped to feature owner; behavioral integration/acceptance pending,58364f9e83a7c2b2d0fbe4c6f1623571c9fbff71,0,PLAT/BASE,support/dependency/history routing; review before import
Quake/sys_sdl_unix.c,58f7316b5b452480477b8be60f1ae988ca5dcbd4,1,0,694ae2e477fea1a38684b91d4e2b3c31a50a13c1,14c73a3b463f77791c7b5589993f5853d79940d2,,mapped to feature owner; behavioral integration/acceptance pending,694ae2e477fea1a38684b91d4e2b3c31a50a13c1,0,PLAT/BASE,support/dependency/history routing; review before import
Quake/sys_sdl_win.c,2f6f7367a7e15c005fd2ac07c7c9494fecaa6d66,1,0,ffead99032940bb9b774a7e678ffb47b5925b964,aad3947252e0d6646cd2a88a76d0e9252dd6afc0,,mapped to feature owner; behavioral integration/acceptance pending,ffead99032940bb9b774a7e678ffb47b5925b964,0,UI-001,explicit source anchors
Quake/thirdparty/openxr/LICENSE,,0,1,d645695673349e3947e8e5ae42332d0ac3164cd7,,,mapped to feature owner; behavioral integration/acceptance pending,,0,PLAT/BASE,support/dependency/history routing; review before import
Quake/thirdparty/openxr/MONADO-BSL-1.0.txt,,0,1,9c35012cb9247d7e8daaa3cc3a69ed112395a8b2,,,mapped to feature owner; behavioral integration/acceptance pending,,0,PLAT/BASE,support/dependency/history routing; review before import
Quake/thirdparty/openxr/PROVENANCE.md,,0,1,8e9a7bb34113457927ff2fa5242a5ecfa81c4558,,,mapped to feature owner; behavioral integration/acceptance pending,,0,PLAT/BASE,support/dependency/history routing; review before import
Quake/thirdparty/openxr/XR_MNDX_xdev_space.h,,0,1,a53b681ca89b1c9f31aed7b60e2c8fe176d33ff7,,,mapped to feature owner; behavioral integration/acceptance pending,,0,PLAT/BASE,support/dependency/history routing; review before import
Quake/thirdparty/openxr/openxr.h,,0,1,5b3c5424cd4af0dc3c7880ae03260de5d1750424,,,mapped to feature owner; behavioral integration/acceptance pending,,0,XR/PERF,module routing only; behavior closure pending
Quake/thirdparty/openxr/openxr_extension_helpers.h,,0,1,f6df96b3cad93ad20d36531693cd68d3921c4b31,,,mapped to feature owner; behavioral integration/acceptance pending,,0,XR/PERF,module routing only; behavior closure pending
Quake/thirdparty/openxr/openxr_platform.h,,0,1,9de27ad14a934fe7a751416d2312b84e9b163e7c,,,mapped to feature owner; behavioral integration/acceptance pending,,0,XR/PERF,module routing only; behavior closure pending
Quake/thirdparty/openxr/openxr_platform_defines.h,,0,1,79c5b2cfc2ff09d8afec806965c84ca27c5f090f,,,mapped to feature owner; behavioral integration/acceptance pending,,0,XR/PERF,module routing only; behavior closure pending
Quake/ucrt_shim.c,,1,0,fab355c493ef380ce92d7372cc62fd4e1dd2562d,,,mapped to feature owner; behavioral integration/acceptance pending,fab355c493ef380ce92d7372cc62fd4e1dd2562d,0,PLAT/BASE,support/dependency/history routing; review before import
Quake/vid.h,46ae8d658fe2d2456b133de5f50ab6bdc3ba688b,0,0,46ae8d658fe2d2456b133de5f50ab6bdc3ba688b,a35094e19d05cb5b7298799553ea8d3789f5cdb0,,mapped to feature owner; behavioral integration/acceptance pending,46ae8d658fe2d2456b133de5f50ab6bdc3ba688b,0,PLAT/BASE,support/dependency/history routing; review before import
Quake/view.c,319a8a0d98e14d6eec62d4bc96e8584d9ec0beb9,1,1,04df933f4f3aa18dc20f40f187bfae1fa432de6b,5472f15b057d5f884bd16304ceeec67b554b02c7,,mapped to feature owner; behavioral integration/acceptance pending,fb9f1b01881e36429afe7880554870697b7afad2,0,VR-014,explicit source anchors
Quake/view.h,32d683bee56235446af1aa332e8e86d370d62341,1,1,5573d82fd3796b7230c828cd9dd7ee6b75d50a49,b1e85e49fd681f9348a2b0c1358bec5299ae2491,,mapped to feature owner; behavioral integration/acceptance pending,d9d32e03d9f08e18380272694aa6bd1c16808f70,0,BASE/MOD/COOP,module routing only; behavior closure pending
Quake/vk_heap.c,,0,1,7457cf2cd82da5e4d94b5ecac5ff89836611661e,,,mapped to feature owner; behavioral integration/acceptance pending,,0,PLAT/BASE,support/dependency/history routing; review before import
Quake/vk_heap.h,,0,1,6abed181959e8419f16076f1777e3666b8441c74,,,mapped to feature owner; behavioral integration/acceptance pending,,0,PLAT/BASE,support/dependency/history routing; review before import
Quake/vk_lightmap.h,,0,1,d2d6626b6c4a0573b344e8ca5f956428f9a5a796,,e73d4cd2ca451874177c03fdbcf67f75ec5279d07b4c26e62e99526118fe6ede,preserved local WIP; reconcile with current master and XR; not accepted parity,,0,PERF/ASSET,module routing only; behavior closure pending
Quake/vk_renderer.cpp,,0,1,da68b66b504706dd65df88d5f81a4c5aa8a63b8a,,b2c89a4def7247ff92fa78344b0790b1c3e4164afb1564525df60fadda861a55,preserved local WIP; reconcile with current master and XR; not accepted parity,,0,XR-012,explicit source anchors
Quake/vk_renderer.h,,0,1,c4d910d9e3fa97ef959da000897e7fdf64b56108,,,mapped to feature owner; behavioral integration/acceptance pending,,0,PLAT/BASE,support/dependency/history routing; review before import
Quake/vk_resources.c,,0,1,b33691a3ec35a21ad8f2dc7217e62f9bf84b7ef6,,,mapped to feature owner; behavioral integration/acceptance pending,,0,PLAT/BASE,support/dependency/history routing; review before import
Quake/vk_resources.h,,0,1,ec7e2bb994c1422d5a5728b215de2a1b145d7cf5,,,mapped to feature owner; behavioral integration/acceptance pending,,0,PLAT/BASE,support/dependency/history routing; review before import
Quake/vk_texmgr.c,,0,1,2f52806a8bffebbd197e8f7d9c9e169f7e0ba4cb,,,mapped to feature owner; behavioral integration/acceptance pending,,0,PLAT/BASE,support/dependency/history routing; review before import
Quake/vk_texmgr.h,,0,1,410e9cd61feb12335acb169ec4f71085f88b1929,,,mapped to feature owner; behavioral integration/acceptance pending,,0,PLAT/BASE,support/dependency/history routing; review before import
Quake/vk_upload.c,,0,1,4d2dbf75928d41fadd2dd930bdb7ab0e2651e816,,,mapped to feature owner; behavioral integration/acceptance pending,,0,PLAT/BASE,support/dependency/history routing; review before import
Quake/vk_upload.h,,0,1,292a9de99e2f7916585c0971e5df18c4853bf33f,,,mapped to feature owner; behavioral integration/acceptance pending,,0,PLAT/BASE,support/dependency/history routing; review before import
Quake/voice.c,,1,0,690ae40c36ae9e25aa581eac687a9a121862a91a,,,mapped to feature owner; behavioral integration/acceptance pending,690ae40c36ae9e25aa581eac687a9a121862a91a,0,AUDIO-001;AUDIO-002;AUDIO-003;AUDIO-004;AUDIO-005;AUDIO-007;AUDIO-010,explicit source anchors
Quake/voice.h,,1,0,cf9896c48eaba06cba5662255ac302a71c024a6e,,,mapped to feature owner; behavioral integration/acceptance pending,cf9896c48eaba06cba5662255ac302a71c024a6e,0,AUDIO,module routing only; behavior closure pending
Quake/voice_capture.h,,1,0,c6612fe0adf5f331431afe9eca14526b80da4cdb,,,mapped to feature owner; behavioral integration/acceptance pending,c6612fe0adf5f331431afe9eca14526b80da4cdb,0,AUDIO,module routing only; behavior closure pending
Quake/voice_jitter.c,,1,0,8ddbe80127a3d83c9263cb0c4c0840593325f34e,,,mapped to feature owner; behavioral integration/acceptance pending,8ddbe80127a3d83c9263cb0c4c0840593325f34e,0,AUDIO-004,explicit source anchors
Quake/voice_jitter.h,,1,0,02ef8308456a0394053f1418c202f4740e7d8f80,,,mapped to feature owner; behavioral integration/acceptance pending,02ef8308456a0394053f1418c202f4740e7d8f80,0,AUDIO,module routing only; behavior closure pending
Quake/voice_protocol.h,,1,0,86b5e9f073955ebf429b3e7d0c9b9e3ff4a07b35,,,mapped to feature owner; behavioral integration/acceptance pending,86b5e9f073955ebf429b3e7d0c9b9e3ff4a07b35,0,AUDIO-001,explicit source anchors
Quake/voice_settings.c,,1,0,8e1223310ad5ff169c7f4815b46da87e07abd575,,,mapped to feature owner; behavioral integration/acceptance pending,8e1223310ad5ff169c7f4815b46da87e07abd575,0,AUDIO-002,explicit source anchors
Quake/voice_settings.h,,1,0,351e1cdaa20d71e0630c84de6363f7b8f15d9f10,,,mapped to feature owner; behavioral integration/acceptance pending,351e1cdaa20d71e0630c84de6363f7b8f15d9f10,0,AUDIO,module routing only; behavior closure pending
Quake/voice_vad.c,,1,0,7e033e821928f6569b9aba99f31186373fa938b4,,,mapped to feature owner; behavioral integration/acceptance pending,7e033e821928f6569b9aba99f31186373fa938b4,0,AUDIO,module routing only; behavior closure pending
Quake/voice_vad.h,,1,0,7158737c0b9d84980d83b0e6f0a04dd8ef43d99a,,,mapped to feature owner; behavioral integration/acceptance pending,7158737c0b9d84980d83b0e6f0a04dd8ef43d99a,0,AUDIO,module routing only; behavior closure pending
Quake/vr.c,9ac33403b1af4a2ef09493ae1fbd12f19a582496,1,1,f7cb5a305f7b26b2ef03986960171831e91c8446,,072574900bdc0b5b6ba077be443f564db3d542114e5b97b35af14031d53809d0,preserved local WIP; reconcile with current master and XR; not accepted parity,c494894c556140b5e983bb3e7b555639c4c74316,0,AUDIO-003;AV-002;FBT-002;FBT-003;FBT-005;MOD-013;MOVE-001;MOVE-008;MOVE-009;PERF-F001;UI-006;VR-001;VR-002;VR-003;VR-004;VR-005;VR-006;VR-007;VR-008;VR-009;VR-010;VR-011;VR-012;VR-013;VR-014;VR-015;VR-016;WPN-001;WPN-002;WPN-003;WPN-004;WPN-005;WPN-006;WPN-007;WPN-008;WPN-009;WPN-010;WPN-011;WPN-012;XR-004;XR-009,explicit source anchors
Quake/vr.h,b3c225dcb9484c1c66e0175902e12ca55f3574d3,1,1,73148ee43722e63bdb487eca33223fa16c1134fe,,,mapped to feature owner; behavioral integration/acceptance pending,dffcd4c6b10516b10d37b523a409e0a789a16808,0,VR/WPN/FBT,module routing only; behavior closure pending
Quake/vr_fbt.c,,1,0,066fe83b05463c7395f0da136c9516af803ed38b,,,mapped to feature owner; behavioral integration/acceptance pending,066fe83b05463c7395f0da136c9516af803ed38b,0,FBT-001,explicit source anchors
Quake/vr_fbt.h,,1,0,3725f05426c60a8a3f79b238ba52b81b7901ee1e,,,mapped to feature owner; behavioral integration/acceptance pending,3725f05426c60a8a3f79b238ba52b81b7901ee1e,0,AV/FBT,module routing only; behavior closure pending
Quake/vr_fbt_filter.c,,1,0,163d8b37f7e52c8379c3f8acc564162c1a7df36a,,,mapped to feature owner; behavioral integration/acceptance pending,163d8b37f7e52c8379c3f8acc564162c1a7df36a,0,FBT-002,explicit source anchors
Quake/vr_fbt_filter.h,,1,0,8b85b5ceea5e47491cd1f9fc10b8eac8d2e64f33,,,mapped to feature owner; behavioral integration/acceptance pending,8b85b5ceea5e47491cd1f9fc10b8eac8d2e64f33,0,AV/FBT,module routing only; behavior closure pending
Quake/vr_fbt_profile.c,,1,0,0c0416ee1515d2f128c45419518c5b4a67224683,,,mapped to feature owner; behavioral integration/acceptance pending,0c0416ee1515d2f128c45419518c5b4a67224683,0,FBT-004,explicit source anchors
Quake/vr_fbt_profile.h,,1,0,c64de9593d3f978e76eaa02d64bf6528e5faeb19,,,mapped to feature owner; behavioral integration/acceptance pending,c64de9593d3f978e76eaa02d64bf6528e5faeb19,0,AV/FBT,module routing only; behavior closure pending
Quake/vr_fbt_storage.c,,1,0,3100d7b8f5bc0b24925c945ce24a8950ca2dd77f,,,mapped to feature owner; behavioral integration/acceptance pending,3100d7b8f5bc0b24925c945ce24a8950ca2dd77f,0,FBT-004,explicit source anchors
Quake/vr_fbt_storage.h,,1,0,d7251b886c0a57853523fecad8e870c719823783,,,mapped to feature owner; behavioral integration/acceptance pending,d7251b886c0a57853523fecad8e870c719823783,0,AV/FBT,module routing only; behavior closure pending
Quake/vr_fbt_visual.c,,1,1,90b4f19bb797fcd0eb0358f8e9760b34decf2fc5,,,mapped to feature owner; behavioral integration/acceptance pending,387759406576aebb5db0121b3c5ae307606476c0,0,FBT-003,explicit source anchors
Quake/vr_fbt_visual.h,,1,0,10fbf498c3b5f7d6d98df1c196e95855fabcfae6,,,mapped to feature owner; behavioral integration/acceptance pending,10fbf498c3b5f7d6d98df1c196e95855fabcfae6,0,AV/FBT,module routing only; behavior closure pending
Quake/vr_foveation.cpp,,0,1,ae11e1d22bb12e230d497facad8238834294c594,,,mapped to feature owner; behavioral integration/acceptance pending,,0,XR/PERF,module routing only; behavior closure pending
Quake/vr_foveation.h,,0,1,b20663c7b8f71c4c79253a691df01cb48f0db32f,,,mapped to feature owner; behavioral integration/acceptance pending,,0,XR/PERF,module routing only; behavior closure pending
Quake/vr_foveation_math.h,,0,1,9fd322a7aafcc1d0f6de93985cf1eb2785016f13,,,mapped to feature owner; behavioral integration/acceptance pending,,0,XR-004,explicit source anchors
Quake/vr_foveation_portable.cpp,,0,1,12097d3f81f1964992f7319597f4c2968e5eab91,,,mapped to feature owner; behavioral integration/acceptance pending,,0,XR-005,explicit source anchors
Quake/vr_foveation_portable.h,,0,1,ee79c2859a68c52fb38d139799d580c2f3158278,,,mapped to feature owner; behavioral integration/acceptance pending,,0,XR/PERF,module routing only; behavior closure pending
Quake/vr_foveation_portable_math.h,,0,1,df9c122873d7ba2a3c2b9db688eb3b10e0b3cd5a,,,mapped to feature owner; behavioral integration/acceptance pending,,0,XR-005,explicit source anchors
Quake/vr_gorilla.h,,1,0,c0d63a255fbfc282125cae0abbbe59b0e10e8908,,8638e678f5bf779abadf6fb6db46d5b45ea370731012b6305e94ae14e75a07bb,preserved local WIP; reconcile with current master and XR; not accepted parity,c0d63a255fbfc282125cae0abbbe59b0e10e8908,0,MOVE-009;MOVE-010,explicit source anchors
Quake/vr_gorilla_swim.h,,1,0,a4bac1481a7f70124b1d4bc6175c9f5b425fd400,,,mapped to feature owner; behavioral integration/acceptance pending,a4bac1481a7f70124b1d4bc6175c9f5b425fd400,0,MOVE-011,explicit source anchors
Quake/vr_gorilla_types.h,,1,0,369a7293e0cb7fdfb61aa318e4ea38b0fdec5e71,,,mapped to feature owner; behavioral integration/acceptance pending,369a7293e0cb7fdfb61aa318e4ea38b0fdec5e71,0,MOVE/NET,module routing only; behavior closure pending
Quake/vr_mdl_split.h,,1,0,37ec2fa23e0f63ef3f4ce5806000c2aac8d27ebb,,,mapped to feature owner; behavioral integration/acceptance pending,37ec2fa23e0f63ef3f4ce5806000c2aac8d27ebb,0,WPN-012,explicit source anchors
Quake/vr_melee_ad.h,,1,0,42ed161a15eacafc7657d8607824a3f69ebffd6a,,,mapped to feature owner; behavioral integration/acceptance pending,42ed161a15eacafc7657d8607824a3f69ebffd6a,0,MOVE-004,explicit source anchors
Quake/vr_melee_alk.h,,1,0,a01321ae0051257104a4078dd3a5b85a727748f1,,,mapped to feature owner; behavioral integration/acceptance pending,a01321ae0051257104a4078dd3a5b85a727748f1,0,MOVE-005,explicit source anchors
Quake/vr_melee_copper.h,,1,0,8869bcccb308028d966f5c3f2c5a97350d78376d,,,mapped to feature owner; behavioral integration/acceptance pending,8869bcccb308028d966f5c3f2c5a97350d78376d,0,MOVE-004,explicit source anchors
Quake/vr_melee_drake.h,,1,0,04494d153653791e41c74c7cef78302333848928,,,mapped to feature owner; behavioral integration/acceptance pending,04494d153653791e41c74c7cef78302333848928,0,MOVE-006,explicit source anchors
Quake/vr_melee_drake_hammer.h,,1,0,748c599b24dcf2bb5b1d4337dbc062225b3fb0c6,,,mapped to feature owner; behavioral integration/acceptance pending,748c599b24dcf2bb5b1d4337dbc062225b3fb0c6,0,VR/WPN/FBT,module routing only; behavior closure pending
Quake/vr_melee_gungnir.h,,1,0,f80fd9918feda01b5dd0de23727822149ac5150f,,,mapped to feature owner; behavioral integration/acceptance pending,f80fd9918feda01b5dd0de23727822149ac5150f,0,MOVE-006,explicit source anchors
Quake/vr_melee_hammer.h,,1,0,08419e3061fb684f161ec98f84663f0742f36f1b,,,mapped to feature owner; behavioral integration/acceptance pending,08419e3061fb684f161ec98f84663f0742f36f1b,0,VR/WPN/FBT,module routing only; behavior closure pending
Quake/vr_melee_immortal.h,,1,0,7f1e12328b4841aea26d55395c4606dd9e10979f,,,mapped to feature owner; behavioral integration/acceptance pending,7f1e12328b4841aea26d55395c4606dd9e10979f,0,MOVE-007,explicit source anchors
Quake/vr_melee_mace.h,,1,0,687b0dda1c92a5183953689104381706605a2fd6,,,mapped to feature owner; behavioral integration/acceptance pending,687b0dda1c92a5183953689104381706605a2fd6,0,MOVE-007,explicit source anchors
Quake/vr_melee_mjolnir.h,,1,0,15193347584e0527dd09fd2194437c813ae5ce5f,,,mapped to feature owner; behavioral integration/acceptance pending,15193347584e0527dd09fd2194437c813ae5ce5f,0,MOVE-006,explicit source anchors
Quake/vr_melee_mjolnir_hammer.h,,1,0,2f0af6756317f6f85f243762bfb7c6942ea65f28,,,mapped to feature owner; behavioral integration/acceptance pending,2f0af6756317f6f85f243762bfb7c6942ea65f28,0,VR/WPN/FBT,module routing only; behavior closure pending
Quake/vr_melee_qc.h,,1,0,ceb13ff2bab07af5a03a81e9e72ded89f6144336,,,mapped to feature owner; behavioral integration/acceptance pending,ceb13ff2bab07af5a03a81e9e72ded89f6144336,0,VR/WPN/FBT,module routing only; behavior closure pending
Quake/vr_melee_rapier.h,,1,0,78bbfefeba768c829d6eab5ad760f4d6599a3408,,,mapped to feature owner; behavioral integration/acceptance pending,78bbfefeba768c829d6eab5ad760f4d6599a3408,0,MOVE-007,explicit source anchors
Quake/vr_melee_reach.h,,1,0,2e3d9755ea6464f954b2a3a2acf5287b45d8c520,,,mapped to feature owner; behavioral integration/acceptance pending,2e3d9755ea6464f954b2a3a2acf5287b45d8c520,0,MOVE-002,explicit source anchors
Quake/vr_melee_scimitar.h,,1,0,85bb573d888663bc9020c8bd7a9b0364d0bd7560,,,mapped to feature owner; behavioral integration/acceptance pending,85bb573d888663bc9020c8bd7a9b0364d0bd7560,0,MOVE-007,explicit source anchors
Quake/vr_menu.c,959df7a4207fd0365011b157029ec5ac6a4fe95a,1,1,d424987b1d1100bea70198b1e25215cb99a893eb,,,mapped to feature owner; behavioral integration/acceptance pending,4c6df0d8181e50e93c97a0ad8fa900c097094ac3,0,FBT-004;VR-010;VR-012;VR-013,explicit source anchors
Quake/vr_menu.h,835debf0057a56470611fd802d8dbdd06d1e180c,1,1,ab7a4888752ebcc51e898773fa20f725e064d0fd,,,mapped to feature owner; behavioral integration/acceptance pending,efe14fa4b6503a1be789793285abcda56ca38192,0,VR/WPN/FBT,module routing only; behavior closure pending
Quake/vr_menu_anchor.h,,0,1,f6de7f59c4de1e1b23e5c5ee7eeba1c281bb8aa1,,,mapped to feature owner; behavioral integration/acceptance pending,,0,XR-009,explicit source anchors
Quake/vr_openxr.cpp,,0,1,67e01adfe773ab3edc316618b835dfb163b0baf6,,,mapped to feature owner; behavioral integration/acceptance pending,,0,XR-001;XR-002;XR-003;XR-004;XR-006;XR-007;XR-008,explicit source anchors
Quake/vr_openxr.h,,0,1,49015dd41cb02a2ccace62752d42a4c3310c9a4a,,,mapped to feature owner; behavioral integration/acceptance pending,,0,XR/PERF,module routing only; behavior closure pending
Quake/vr_openxr_math.h,,0,1,fb43567f3056b57cb77dca7aaea4b48cbe032620,,,mapped to feature owner; behavioral integration/acceptance pending,,0,XR/PERF,module routing only; behavior closure pending
Quake/vr_openxr_vulkan.h,,0,1,3fafd0108de565cd0118bf28a97cf6abe3f29cbb,,,mapped to feature owner; behavioral integration/acceptance pending,,0,XR-002,explicit source anchors
Quake/vr_weapon_catalog.h,,1,0,0137d0e0bad61832f4f40a7be08b4cbb518db9ad,,,mapped to feature owner; behavioral integration/acceptance pending,0137d0e0bad61832f4f40a7be08b4cbb518db9ad,0,WPN/MOVE,module routing only; behavior closure pending
Quake/vr_weaponmenu_hit.h,,1,0,4ba7865ecd6e3679d5ec5a7de7a4b92b365e820b,,,mapped to feature owner; behavioral integration/acceptance pending,4ba7865ecd6e3679d5ec5a7de7a4b92b365e820b,0,WPN-001;WPN-011,explicit source anchors
Quake/vrik_codec.c,,1,0,a2cd944565bed31b01316528fcc6c39d4ea1ef6c,,,mapped to feature owner; behavioral integration/acceptance pending,a2cd944565bed31b01316528fcc6c39d4ea1ef6c,0,AV-001,explicit source anchors
Quake/vrik_codec.h,,1,0,3985407015bb8be0da7dea10d159210c8ec48bb8,,,mapped to feature owner; behavioral integration/acceptance pending,3985407015bb8be0da7dea10d159210c8ec48bb8,0,FBT-005,explicit source anchors
Quake/wad.c,aae5f38f1121f4c00fa2ac366901cb50e25076de,1,0,2acc57740ede988a4d2596e89a746dc288aacff2,effb8c3059ca7059f663b4ada76068d7f6429e56,,mapped to feature owner; behavioral integration/acceptance pending,2acc57740ede988a4d2596e89a746dc288aacff2,0,PERF/ASSET,module routing only; behavior closure pending
Quake/wad.h,8838e0eac2f286d51c210a35f4fb49d337ab083b,1,0,b2782fc20dbdbba80781cfcf5e1883c8b57af374,6b5e946a6f817402cc94d0d6cdd5edb776b8d263,,mapped to feature owner; behavioral integration/acceptance pending,b2782fc20dbdbba80781cfcf5e1883c8b57af374,0,PERF/ASSET,module routing only; behavior closure pending
Quake/world.c,4f4f797ef055035bf41778358d676b0838fb7b89,1,0,5d3aec694c7adab6c358e134c09aa87ad06abcaa,a44d242ca1574dd03a79510661d6cdd612c6bfcf,,mapped to feature owner; behavioral integration/acceptance pending,6aefa66172114b0cd294614944808056ef46b2a5,1,COOP-013,explicit source anchors
Quake/world.h,fed90b026611f782d2f172aa19b34bbcbf77908b,1,0,562cde68d5dd07cabaa75d938a9d6327c6293948,bcb73a8dddc018b579928a941f4c0947b25db811,3d34aff3c1819c76ca8247e5208554cdacc2bc75114c58f3537072bdc00a9b3d,preserved local WIP; reconcile with current master and XR; not accepted parity,562cde68d5dd07cabaa75d938a9d6327c6293948,0,BASE/MOD/COOP,module routing only; behavior closure pending
Quake/wsaerror.h,b41a98ea116f29dcece7b518786184c8c01bedcd,0,0,b41a98ea116f29dcece7b518786184c8c01bedcd,1535bba15c7a162c853bf0d151bd18fec2ca55ec,,mapped to feature owner; behavioral integration/acceptance pending,b41a98ea116f29dcece7b518786184c8c01bedcd,0,PLAT/BASE,support/dependency/history routing; review before import
Quake/zone.c,f94a291d59ec86d73ba5a876b2e77b9284351604,1,1,6ccdd9fe78d7703ee6eb725e72740c93e3113c1f,,,mapped to feature owner; behavioral integration/acceptance pending,304be1ff506eb183a8ecbc17c93d43cb63d2b1c2,0,PERF/ASSET,module routing only; behavior closure pending
Quake/zone.h,74da9c741173660522be4da348c5bf7dba19b1bf,1,0,5226e04182c42c7a2e09e3c6ced05b5b1c552a5c,,,mapped to feature owner; behavioral integration/acceptance pending,5226e04182c42c7a2e09e3c6ced05b5b1c552a5c,0,PERF/ASSET,module routing only; behavior closure pending
Quakespasm-Music.txt,e188d8dec504a0f314f52e889e95fecc8b96e159,0,0,e188d8dec504a0f314f52e889e95fecc8b96e159,,,mapped to feature owner; behavioral integration/acceptance pending,e188d8dec504a0f314f52e889e95fecc8b96e159,0,AUDIO,module routing only; behavior closure pending
Quakespasm.html,457957b6039c7ce20b824f27ceaa31b65ddd391f,1,0,87e337290108544afbeed6eec6deeef7d71d904a,,,mapped to feature owner; behavioral integration/acceptance pending,87e337290108544afbeed6eec6deeef7d71d904a,0,PLAT/BASE,support/dependency/history routing; review before import
Quakespasm.txt,94cf2d02a8ae6bd03f6d8a10587caa64f761b1ee,1,0,f225e719a3610be6f4cb807b5fde0f7fc02f689e,,,mapped to feature owner; behavioral integration/acceptance pending,f225e719a3610be6f4cb807b5fde0f7fc02f689e,0,PLAT/BASE,support/dependency/history routing; review before import
README.md,cd0c2339b918b87f6e7f0ce6e2daae317c4207b8,1,0,7726ee95959534f6b95eba0119fed8de6b00dda6,,d10daf5a620185869f81b3a60e1dddc7232d34bbf7be8512143efb47296ad97d,preserved local WIP; reconcile with current master and XR; not accepted parity,16cb1d59cc9b8d12c96f342c477e6653bb16dd7d,1,PLAT-001;PLAT-003;PLAT-005;UI-006,explicit source anchors
SPATIAL_AUDIO.md,,1,0,134630b8473f7754666838b51d64d67506356b0b,,,mapped to feature owner; behavioral integration/acceptance pending,03f8f52362ad556416195f4176845945ba30a6b6,1,AUDIO-006;AUDIO-010;PLAT-004,explicit source anchors
VOICECHAT.md,,1,0,f4b5821c4bd10499b0e844bc7673c723e200031d,,,mapped to feature owner; behavioral integration/acceptance pending,f4b5821c4bd10499b0e844bc7673c723e200031d,0,AUDIO,module routing only; behavior closure pending
Windows/CodeBlocks/QuakeSpasm-SDL2.cbp,0cc03e42df552afa65af41127ef329f96bbd9b7d,1,0,19bdbfe35c31824323eaa0c946cbeb35c733d39d,,,mapped to feature owner; behavioral integration/acceptance pending,19bdbfe35c31824323eaa0c946cbeb35c733d39d,0,PLAT/BASE,support/dependency/history routing; review before import
Windows/CodeBlocks/QuakeSpasm.cbp,f63829eeddce49b566e1d317e2def766d7bed932,1,0,88cbf35028f6d0a6ebc62e289276eae5f2a75759,,,mapped to feature owner; behavioral integration/acceptance pending,88cbf35028f6d0a6ebc62e289276eae5f2a75759,0,PLAT/BASE,support/dependency/history routing; review before import
Windows/OpenVR/bin/win32/openvr_api.dll,089a7adc6e894f7c0d24ffbecf89b760389cb862,0,0,089a7adc6e894f7c0d24ffbecf89b760389cb862,,,mapped to feature owner; behavioral integration/acceptance pending,089a7adc6e894f7c0d24ffbecf89b760389cb862,0,VR/WPN/FBT,module routing only; behavior closure pending
Windows/OpenVR/bin/win64/openvr_api.dll,5c70fd194ab4560f0b0a60b5318f08bf474fcfcc,0,0,5c70fd194ab4560f0b0a60b5318f08bf474fcfcc,,,mapped to feature owner; behavioral integration/acceptance pending,5c70fd194ab4560f0b0a60b5318f08bf474fcfcc,0,VR/WPN/FBT,module routing only; behavior closure pending
Windows/OpenVR/lib/Win32/openvr_api.lib,00f2a00f8dcafab4b6a22197c8e0332496a33918,0,0,00f2a00f8dcafab4b6a22197c8e0332496a33918,,,mapped to feature owner; behavioral integration/acceptance pending,00f2a00f8dcafab4b6a22197c8e0332496a33918,0,VR/WPN/FBT,module routing only; behavior closure pending
Windows/OpenVR/lib/win64/openvr_api.lib,76523aceca8101109014dbb8d17e1ac9b09042e2,0,0,76523aceca8101109014dbb8d17e1ac9b09042e2,,,mapped to feature owner; behavioral integration/acceptance pending,76523aceca8101109014dbb8d17e1ac9b09042e2,0,VR/WPN/FBT,module routing only; behavior closure pending
Windows/QuakeSpasm-old.ico,52e2fa1531ab412142a99e0f69ec337b31a0592c,0,0,52e2fa1531ab412142a99e0f69ec337b31a0592c,52e2fa1531ab412142a99e0f69ec337b31a0592c,,mapped to feature owner; behavioral integration/acceptance pending,52e2fa1531ab412142a99e0f69ec337b31a0592c,0,PLAT/BASE,support/dependency/history routing; review before import
Windows/QuakeSpasm.ico,e9915c32dbfea6b0516611f0580beb77f0f232e4,0,0,e9915c32dbfea6b0516611f0580beb77f0f232e4,,,mapped to feature owner; behavioral integration/acceptance pending,e9915c32dbfea6b0516611f0580beb77f0f232e4,0,PLAT/BASE,support/dependency/history routing; review before import
Windows/QuakeSpasm.rc,a68c1280faa6abdfb60c808ad22d559f32bc6ef3,1,0,d88eae586dd65a0b3c41d3804e77dc0e74967dc4,,,mapped to feature owner; behavioral integration/acceptance pending,d88eae586dd65a0b3c41d3804e77dc0e74967dc4,0,PLAT/BASE,support/dependency/history routing; review before import
Windows/SDL/BUGS,d7058f6209652e755278c634d441965bca2b51e8,0,0,d7058f6209652e755278c634d441965bca2b51e8,,,mapped to feature owner; behavioral integration/acceptance pending,d7058f6209652e755278c634d441965bca2b51e8,0,PLAT/BASE,support/dependency/history routing; review before import
Windows/SDL/COPYING,8904ea404ee3011471006a5b6bbf6eb7e5b4ee07,0,0,8904ea404ee3011471006a5b6bbf6eb7e5b4ee07,,,mapped to feature owner; behavioral integration/acceptance pending,8904ea404ee3011471006a5b6bbf6eb7e5b4ee07,0,PLAT/BASE,support/dependency/history routing; review before import
Windows/SDL/README-SDL.txt,1669736cb52b18cd12ab58171f18886600620b85,0,0,1669736cb52b18cd12ab58171f18886600620b85,,,mapped to feature owner; behavioral integration/acceptance pending,1669736cb52b18cd12ab58171f18886600620b85,0,PLAT/BASE,support/dependency/history routing; review before import
Windows/SDL/bin/sdl-config,d810749dd720cd1d8566971847a781426f872fca,0,0,d810749dd720cd1d8566971847a781426f872fca,,,mapped to feature owner; behavioral integration/acceptance pending,d810749dd720cd1d8566971847a781426f872fca,0,UI/BASE/VR,module routing only; behavior closure pending
Windows/SDL/include/SDL.h,6087b7cdd447742ee304329dc674c8883afe21b7,0,0,6087b7cdd447742ee304329dc674c8883afe21b7,,,mapped to feature owner; behavioral integration/acceptance pending,6087b7cdd447742ee304329dc674c8883afe21b7,0,PLAT/BASE,support/dependency/history routing; review before import
Windows/SDL/include/SDL_active.h,cd854e8928e7223de157eb47bc88fe0ca28c15e0,0,0,cd854e8928e7223de157eb47bc88fe0ca28c15e0,,,mapped to feature owner; behavioral integration/acceptance pending,cd854e8928e7223de157eb47bc88fe0ca28c15e0,0,PLAT/BASE,support/dependency/history routing; review before import
Windows/SDL/include/SDL_audio.h,e879c98966e05a99b7bf5ce3ff6c17efe2db9d18,0,0,e879c98966e05a99b7bf5ce3ff6c17efe2db9d18,,,mapped to feature owner; behavioral integration/acceptance pending,e879c98966e05a99b7bf5ce3ff6c17efe2db9d18,0,AUDIO,module routing only; behavior closure pending
Windows/SDL/include/SDL_byteorder.h,47332c3df7f79484378b8674c651f41b5f90486e,0,0,47332c3df7f79484378b8674c651f41b5f90486e,,,mapped to feature owner; behavioral integration/acceptance pending,47332c3df7f79484378b8674c651f41b5f90486e,0,PLAT/BASE,support/dependency/history routing; review before import
Windows/SDL/include/SDL_cdrom.h,febb19dcc7bb6e147d1a6226e6c534ed6ebf86aa,0,0,febb19dcc7bb6e147d1a6226e6c534ed6ebf86aa,,,mapped to feature owner; behavioral integration/acceptance pending,febb19dcc7bb6e147d1a6226e6c534ed6ebf86aa,0,PLAT/BASE,support/dependency/history routing; review before import
Windows/SDL/include/SDL_config.h,09ba38a7110eb1b78ce767aead610effc10ae240,0,0,09ba38a7110eb1b78ce767aead610effc10ae240,,,mapped to feature owner; behavioral integration/acceptance pending,09ba38a7110eb1b78ce767aead610effc10ae240,0,UI/BASE/VR,module routing only; behavior closure pending
Windows/SDL/include/SDL_config_win32.h,6d2ae2d6737607d27e301461f03ec1df0a4cfcc5,0,0,6d2ae2d6737607d27e301461f03ec1df0a4cfcc5,,,mapped to feature owner; behavioral integration/acceptance pending,6d2ae2d6737607d27e301461f03ec1df0a4cfcc5,0,UI/BASE/VR,module routing only; behavior closure pending
Windows/SDL/include/SDL_copying.h,b5b64f29948548aa20b4981165e2911c18eb423c,0,0,b5b64f29948548aa20b4981165e2911c18eb423c,,,mapped to feature owner; behavioral integration/acceptance pending,b5b64f29948548aa20b4981165e2911c18eb423c,0,PLAT/BASE,support/dependency/history routing; review before import
Windows/SDL/include/SDL_cpuinfo.h,4200d6d1707f6960e4cb38f5783fdb5cbe3fef89,0,0,4200d6d1707f6960e4cb38f5783fdb5cbe3fef89,,,mapped to feature owner; behavioral integration/acceptance pending,4200d6d1707f6960e4cb38f5783fdb5cbe3fef89,0,PLAT/BASE,support/dependency/history routing; review before import
Windows/SDL/include/SDL_endian.h,4a99d0e826466d26fcfd6c2fd526abac3993b38a,0,0,4a99d0e826466d26fcfd6c2fd526abac3993b38a,,,mapped to feature owner; behavioral integration/acceptance pending,4a99d0e826466d26fcfd6c2fd526abac3993b38a,0,PLAT/BASE,support/dependency/history routing; review before import
Windows/SDL/include/SDL_error.h,4e1cce3b177a1bdf7f4937a551d4dda0927ba48a,0,0,4e1cce3b177a1bdf7f4937a551d4dda0927ba48a,,,mapped to feature owner; behavioral integration/acceptance pending,4e1cce3b177a1bdf7f4937a551d4dda0927ba48a,0,PLAT/BASE,support/dependency/history routing; review before import
Windows/SDL/include/SDL_events.h,94b420251874f760abaf7916cac84067eb2dd20f,0,0,94b420251874f760abaf7916cac84067eb2dd20f,,,mapped to feature owner; behavioral integration/acceptance pending,94b420251874f760abaf7916cac84067eb2dd20f,0,PLAT/BASE,support/dependency/history routing; review before import
Windows/SDL/include/SDL_getenv.h,bea630077c13df88797d6b8deb368db8cd338e85,0,0,bea630077c13df88797d6b8deb368db8cd338e85,,,mapped to feature owner; behavioral integration/acceptance pending,bea630077c13df88797d6b8deb368db8cd338e85,0,PLAT/BASE,support/dependency/history routing; review before import
Windows/SDL/include/SDL_joystick.h,708d1a9f09617aae39eb3819c9cb8e2acfd54995,0,0,708d1a9f09617aae39eb3819c9cb8e2acfd54995,,,mapped to feature owner; behavioral integration/acceptance pending,708d1a9f09617aae39eb3819c9cb8e2acfd54995,0,PLAT/BASE,support/dependency/history routing; review before import
Windows/SDL/include/SDL_keyboard.h,9d7129c526f435bc404f9b1dc0d98182c9459ca9,0,0,9d7129c526f435bc404f9b1dc0d98182c9459ca9,,,mapped to feature owner; behavioral integration/acceptance pending,9d7129c526f435bc404f9b1dc0d98182c9459ca9,0,PLAT/BASE,support/dependency/history routing; review before import
Windows/SDL/include/SDL_keysym.h,f2ad12b81ef5725e3d975c9ad3a775fa50aa6cb6,0,0,f2ad12b81ef5725e3d975c9ad3a775fa50aa6cb6,,,mapped to feature owner; behavioral integration/acceptance pending,f2ad12b81ef5725e3d975c9ad3a775fa50aa6cb6,0,UI/BASE/VR,module routing only; behavior closure pending
Windows/SDL/include/SDL_loadso.h,0c5e5362deca1411d6e50ad43b403408a75f7bfe,0,0,0c5e5362deca1411d6e50ad43b403408a75f7bfe,,,mapped to feature owner; behavioral integration/acceptance pending,0c5e5362deca1411d6e50ad43b403408a75f7bfe,0,PLAT/BASE,support/dependency/history routing; review before import
Windows/SDL/include/SDL_main.h,ab50ef1e290b1c947b66b08504e6ef4228e28491,0,0,ab50ef1e290b1c947b66b08504e6ef4228e28491,,,mapped to feature owner; behavioral integration/acceptance pending,ab50ef1e290b1c947b66b08504e6ef4228e28491,0,PLAT/BASE,support/dependency/history routing; review before import
Windows/SDL/include/SDL_mouse.h,7c563b94da51f92a7d78190136a3a68b49958848,0,0,7c563b94da51f92a7d78190136a3a68b49958848,,,mapped to feature owner; behavioral integration/acceptance pending,7c563b94da51f92a7d78190136a3a68b49958848,0,PLAT/BASE,support/dependency/history routing; review before import
Windows/SDL/include/SDL_mutex.h,c8da9b1a00e6ba72270b23d75ebf9bc758077e90,0,0,c8da9b1a00e6ba72270b23d75ebf9bc758077e90,,,mapped to feature owner; behavioral integration/acceptance pending,c8da9b1a00e6ba72270b23d75ebf9bc758077e90,0,PLAT/BASE,support/dependency/history routing; review before import
Windows/SDL/include/SDL_name.h,511619af561713b72b349612ad7d4080aa570525,0,0,511619af561713b72b349612ad7d4080aa570525,,,mapped to feature owner; behavioral integration/acceptance pending,511619af561713b72b349612ad7d4080aa570525,0,PLAT/BASE,support/dependency/history routing; review before import
Windows/SDL/include/SDL_opengl.h,163872a6b063aebee27f103b11fc3a7711266e59,0,0,163872a6b063aebee27f103b11fc3a7711266e59,,,mapped to feature owner; behavioral integration/acceptance pending,163872a6b063aebee27f103b11fc3a7711266e59,0,PLAT/BASE,support/dependency/history routing; review before import
Windows/SDL/include/SDL_platform.h,bcbd7b666c625934101b315c1c516ac1e2a911e9,0,0,bcbd7b666c625934101b315c1c516ac1e2a911e9,,,mapped to feature owner; behavioral integration/acceptance pending,bcbd7b666c625934101b315c1c516ac1e2a911e9,0,PLAT/BASE,support/dependency/history routing; review before import
Windows/SDL/include/SDL_quit.h,abd2ec6c941c49863653b0ae9baf65c7e64d32a1,0,0,abd2ec6c941c49863653b0ae9baf65c7e64d32a1,,,mapped to feature owner; behavioral integration/acceptance pending,abd2ec6c941c49863653b0ae9baf65c7e64d32a1,0,PLAT/BASE,support/dependency/history routing; review before import
Windows/SDL/include/SDL_rwops.h,98361d7e194c20caa26814dab3cfc77503fe2818,0,0,98361d7e194c20caa26814dab3cfc77503fe2818,,,mapped to feature owner; behavioral integration/acceptance pending,98361d7e194c20caa26814dab3cfc77503fe2818,0,PLAT/BASE,support/dependency/history routing; review before import
Windows/SDL/include/SDL_stdinc.h,e8e542f14f6f99bac561357059f069a413353152,0,0,e8e542f14f6f99bac561357059f069a413353152,,,mapped to feature owner; behavioral integration/acceptance pending,e8e542f14f6f99bac561357059f069a413353152,0,PLAT/BASE,support/dependency/history routing; review before import
Windows/SDL/include/SDL_syswm.h,40845b641a5bae58db23395ae41bf9bee809dfd1,0,0,40845b641a5bae58db23395ae41bf9bee809dfd1,,,mapped to feature owner; behavioral integration/acceptance pending,40845b641a5bae58db23395ae41bf9bee809dfd1,0,PLAT/BASE,support/dependency/history routing; review before import
Windows/SDL/include/SDL_thread.h,b7d5a9172ea0abaf9258ebdd412302e6811339de,0,0,b7d5a9172ea0abaf9258ebdd412302e6811339de,,,mapped to feature owner; behavioral integration/acceptance pending,b7d5a9172ea0abaf9258ebdd412302e6811339de,0,PLAT/BASE,support/dependency/history routing; review before import
Windows/SDL/include/SDL_timer.h,d764d5f3813ee938eceeaf223cf0bd3ab2ec78c9,0,0,d764d5f3813ee938eceeaf223cf0bd3ab2ec78c9,,,mapped to feature owner; behavioral integration/acceptance pending,d764d5f3813ee938eceeaf223cf0bd3ab2ec78c9,0,PLAT/BASE,support/dependency/history routing; review before import
Windows/SDL/include/SDL_types.h,79d8b28dd0b195868f80368e8471e1044322e21b,0,0,79d8b28dd0b195868f80368e8471e1044322e21b,,,mapped to feature owner; behavioral integration/acceptance pending,79d8b28dd0b195868f80368e8471e1044322e21b,0,PLAT/BASE,support/dependency/history routing; review before import
Windows/SDL/include/SDL_version.h,4385ebf0bff95884791566f639ee83198ab5b71f,0,0,4385ebf0bff95884791566f639ee83198ab5b71f,,,mapped to feature owner; behavioral integration/acceptance pending,4385ebf0bff95884791566f639ee83198ab5b71f,0,PLAT/BASE,support/dependency/history routing; review before import
Windows/SDL/include/SDL_video.h,aa0459cde0da6745669c711153ba5f2dfd467532,0,0,aa0459cde0da6745669c711153ba5f2dfd467532,,,mapped to feature owner; behavioral integration/acceptance pending,aa0459cde0da6745669c711153ba5f2dfd467532,0,PLAT/BASE,support/dependency/history routing; review before import
Windows/SDL/include/begin_code.h,1c8a2a03a085636cdc2315d025ba30e815ba708b,0,0,1c8a2a03a085636cdc2315d025ba30e815ba708b,,,mapped to feature owner; behavioral integration/acceptance pending,1c8a2a03a085636cdc2315d025ba30e815ba708b,0,UI/BASE/VR,module routing only; behavior closure pending
Windows/SDL/include/close_code.h,7a97d88e8d8af9358042c55b823b2e6b548b296a,0,0,7a97d88e8d8af9358042c55b823b2e6b548b296a,,,mapped to feature owner; behavioral integration/acceptance pending,7a97d88e8d8af9358042c55b823b2e6b548b296a,0,PLAT/BASE,support/dependency/history routing; review before import
Windows/SDL/lib/SDL.dll,7baa081559c5b6b887f0f85ac4124e89ef260b0e,0,0,7baa081559c5b6b887f0f85ac4124e89ef260b0e,,,mapped to feature owner; behavioral integration/acceptance pending,7baa081559c5b6b887f0f85ac4124e89ef260b0e,0,PLAT/BASE,support/dependency/history routing; review before import
Windows/SDL/lib/SDL.lib,317814bc0e66001e035939656dd182733f3a2695,0,0,317814bc0e66001e035939656dd182733f3a2695,,,mapped to feature owner; behavioral integration/acceptance pending,317814bc0e66001e035939656dd182733f3a2695,0,PLAT/BASE,support/dependency/history routing; review before import
Windows/SDL/lib/SDLmain.lib,e2e1426969ee0cc2683d69dc06186c820074ace2,0,0,e2e1426969ee0cc2683d69dc06186c820074ace2,,,mapped to feature owner; behavioral integration/acceptance pending,e2e1426969ee0cc2683d69dc06186c820074ace2,0,PLAT/BASE,support/dependency/history routing; review before import
Windows/SDL/lib/libSDL.dll.a,c4a2b1fe42ecdea754105a25664eb5143258c8d4,0,0,c4a2b1fe42ecdea754105a25664eb5143258c8d4,,,mapped to feature owner; behavioral integration/acceptance pending,c4a2b1fe42ecdea754105a25664eb5143258c8d4,0,PLAT/BASE,support/dependency/history routing; review before import
Windows/SDL/lib/libSDLmain.a,ba7b8e28d47eedbf474fead462f0ad2999086b6e,0,0,ba7b8e28d47eedbf474fead462f0ad2999086b6e,,,mapped to feature owner; behavioral integration/acceptance pending,ba7b8e28d47eedbf474fead462f0ad2999086b6e,0,PLAT/BASE,support/dependency/history routing; review before import
Windows/SDL/lib64/SDL.dll,c2f5487c5479450e03f23eeef7aedd8a77a8129a,0,0,c2f5487c5479450e03f23eeef7aedd8a77a8129a,,,mapped to feature owner; behavioral integration/acceptance pending,c2f5487c5479450e03f23eeef7aedd8a77a8129a,0,PLAT/BASE,support/dependency/history routing; review before import
Windows/SDL/lib64/SDL.lib,9b6c03460c358f2f2a73d8384b890d6e83c881f1,0,0,9b6c03460c358f2f2a73d8384b890d6e83c881f1,,,mapped to feature owner; behavioral integration/acceptance pending,9b6c03460c358f2f2a73d8384b890d6e83c881f1,0,PLAT/BASE,support/dependency/history routing; review before import
Windows/SDL/lib64/SDLmain.lib,0c8e43a32a38a4c50bd12639d18de396facafa27,0,0,0c8e43a32a38a4c50bd12639d18de396facafa27,,,mapped to feature owner; behavioral integration/acceptance pending,0c8e43a32a38a4c50bd12639d18de396facafa27,0,PLAT/BASE,support/dependency/history routing; review before import
Windows/SDL/lib64/libSDL.dll.a,fc63a64fce02496b72500a9146fa09bdc5cece1c,0,0,fc63a64fce02496b72500a9146fa09bdc5cece1c,,,mapped to feature owner; behavioral integration/acceptance pending,fc63a64fce02496b72500a9146fa09bdc5cece1c,0,PLAT/BASE,support/dependency/history routing; review before import
Windows/SDL/lib64/libSDLmain.a,a8136711aac7263f4f71206f5b491d6883f3161d,0,0,a8136711aac7263f4f71206f5b491d6883f3161d,,,mapped to feature owner; behavioral integration/acceptance pending,a8136711aac7263f4f71206f5b491d6883f3161d,0,PLAT/BASE,support/dependency/history routing; review before import
Windows/SDL/main/SDL_win32_main.c,672b48c12e8b4e6b37cfef65a52cad474c2cdecd,0,0,672b48c12e8b4e6b37cfef65a52cad474c2cdecd,,,mapped to feature owner; behavioral integration/acceptance pending,672b48c12e8b4e6b37cfef65a52cad474c2cdecd,0,PLAT/BASE,support/dependency/history routing; review before import
Windows/SDL/watcom/SDL.def,a4c6c311efca513809f5f0709335442bb843ff97,0,0,a4c6c311efca513809f5f0709335442bb843ff97,,,mapped to feature owner; behavioral integration/acceptance pending,a4c6c311efca513809f5f0709335442bb843ff97,0,PLAT/BASE,support/dependency/history routing; review before import
Windows/SDL/watcom/SDL.exp,f79fe749bf94aba393ab9c4ff17610c309103b45,0,0,f79fe749bf94aba393ab9c4ff17610c309103b45,,,mapped to feature owner; behavioral integration/acceptance pending,f79fe749bf94aba393ab9c4ff17610c309103b45,0,PLAT/BASE,support/dependency/history routing; review before import
Windows/SDL/watcom/SDL.lib,ec009eff75dd781fe2a08e2d5a3213c2bec85c76,0,0,ec009eff75dd781fe2a08e2d5a3213c2bec85c76,,,mapped to feature owner; behavioral integration/acceptance pending,ec009eff75dd781fe2a08e2d5a3213c2bec85c76,0,PLAT/BASE,support/dependency/history routing; review before import
Windows/SDL/watcom/def2lbc.awk,84767f60a45555c995d924fb99b385c9de5c3a6c,0,0,84767f60a45555c995d924fb99b385c9de5c3a6c,,,mapped to feature owner; behavioral integration/acceptance pending,84767f60a45555c995d924fb99b385c9de5c3a6c,0,PLAT/BASE,support/dependency/history routing; review before import
Windows/SDL/watcom/makefile,583e827befc5c37428ac1897f929b7ac144a151c,0,0,583e827befc5c37428ac1897f929b7ac144a151c,,,mapped to feature owner; behavioral integration/acceptance pending,583e827befc5c37428ac1897f929b7ac144a151c,0,PLAT/BASE,support/dependency/history routing; review before import
Windows/SDL2/BUGS.txt,eb973d5e6c9f4e8b72d5ceb6cad05cf16277e06c,0,0,eb973d5e6c9f4e8b72d5ceb6cad05cf16277e06c,,,mapped to feature owner; behavioral integration/acceptance pending,eb973d5e6c9f4e8b72d5ceb6cad05cf16277e06c,0,PLAT/BASE,support/dependency/history routing; review before import
Windows/SDL2/LICENSE.txt,728a3d7087fd965ad6c1fd9c8e900d1834dfc70d,0,0,728a3d7087fd965ad6c1fd9c8e900d1834dfc70d,,,mapped to feature owner; behavioral integration/acceptance pending,728a3d7087fd965ad6c1fd9c8e900d1834dfc70d,0,PLAT/BASE,support/dependency/history routing; review before import
Windows/SDL2/README-SDL.txt,2984b145eec100ff3ea9d2633e68b405706c77ac,0,0,2984b145eec100ff3ea9d2633e68b405706c77ac,,,mapped to feature owner; behavioral integration/acceptance pending,2984b145eec100ff3ea9d2633e68b405706c77ac,0,PLAT/BASE,support/dependency/history routing; review before import
Windows/SDL2/README.md,fa7f7ba0b572ea0c98aeba05c7b131f666a54a07,0,0,fa7f7ba0b572ea0c98aeba05c7b131f666a54a07,,,mapped to feature owner; behavioral integration/acceptance pending,fa7f7ba0b572ea0c98aeba05c7b131f666a54a07,0,PLAT/BASE,support/dependency/history routing; review before import
Windows/SDL2/WhatsNew.txt,90d94243db0c405136d376ec5e4de1d139858fce,0,0,90d94243db0c405136d376ec5e4de1d139858fce,,,mapped to feature owner; behavioral integration/acceptance pending,90d94243db0c405136d376ec5e4de1d139858fce,0,PLAT/BASE,support/dependency/history routing; review before import
Windows/SDL2/bin/sdl2-config,164914a2715529c27e5a5745a49ac5ce9d024379,0,0,164914a2715529c27e5a5745a49ac5ce9d024379,,,mapped to feature owner; behavioral integration/acceptance pending,164914a2715529c27e5a5745a49ac5ce9d024379,0,UI/BASE/VR,module routing only; behavior closure pending
Windows/SDL2/include/SDL.h,20c903b2fe4f60836b397cb19af7e07ca19f3071,0,0,20c903b2fe4f60836b397cb19af7e07ca19f3071,,,mapped to feature owner; behavioral integration/acceptance pending,20c903b2fe4f60836b397cb19af7e07ca19f3071,0,PLAT/BASE,support/dependency/history routing; review before import
Windows/SDL2/include/SDL_assert.h,a396d4e02ed20041a742e22ffb4efaa68995db03,0,0,a396d4e02ed20041a742e22ffb4efaa68995db03,,,mapped to feature owner; behavioral integration/acceptance pending,a396d4e02ed20041a742e22ffb4efaa68995db03,0,PLAT/BASE,support/dependency/history routing; review before import
Windows/SDL2/include/SDL_atomic.h,1fa18f49fe078348ec235adca77cbb6374a62e25,0,0,1fa18f49fe078348ec235adca77cbb6374a62e25,,,mapped to feature owner; behavioral integration/acceptance pending,1fa18f49fe078348ec235adca77cbb6374a62e25,0,PLAT/BASE,support/dependency/history routing; review before import
Windows/SDL2/include/SDL_audio.h,bd8e7ab6fa6d8336bf78fe732726782105f65dfe,0,0,bd8e7ab6fa6d8336bf78fe732726782105f65dfe,,,mapped to feature owner; behavioral integration/acceptance pending,bd8e7ab6fa6d8336bf78fe732726782105f65dfe,0,AUDIO,module routing only; behavior closure pending
Windows/SDL2/include/SDL_bits.h,83e8a78c783c473184dd1674279fbdb4caafab8e,0,0,83e8a78c783c473184dd1674279fbdb4caafab8e,,,mapped to feature owner; behavioral integration/acceptance pending,83e8a78c783c473184dd1674279fbdb4caafab8e,0,PLAT/BASE,support/dependency/history routing; review before import
Windows/SDL2/include/SDL_blendmode.h,09d01477d8db63ecf6e9de2483472b9d17641567,0,0,09d01477d8db63ecf6e9de2483472b9d17641567,,,mapped to feature owner; behavioral integration/acceptance pending,09d01477d8db63ecf6e9de2483472b9d17641567,0,PLAT/BASE,support/dependency/history routing; review before import
Windows/SDL2/include/SDL_clipboard.h,bd4b044c6dd4ec0f0ed298f4333d3aed79702001,0,0,bd4b044c6dd4ec0f0ed298f4333d3aed79702001,,,mapped to feature owner; behavioral integration/acceptance pending,bd4b044c6dd4ec0f0ed298f4333d3aed79702001,0,PLAT/BASE,support/dependency/history routing; review before import
Windows/SDL2/include/SDL_config.h,49605b1e8a8c1f2a20998286b47522267b8f0714,0,0,49605b1e8a8c1f2a20998286b47522267b8f0714,,,mapped to feature owner; behavioral integration/acceptance pending,49605b1e8a8c1f2a20998286b47522267b8f0714,0,UI/BASE/VR,module routing only; behavior closure pending
Windows/SDL2/include/SDL_config_windows.h,aae52ebc63de3f3f2ca7d4bfadabf5920ca6cf9e,0,0,aae52ebc63de3f3f2ca7d4bfadabf5920ca6cf9e,,,mapped to feature owner; behavioral integration/acceptance pending,aae52ebc63de3f3f2ca7d4bfadabf5920ca6cf9e,0,UI/BASE/VR,module routing only; behavior closure pending
Windows/SDL2/include/SDL_cpuinfo.h,2a9dd380c2e7b8d4ba5f6e8aec4c13d5becd565d,0,0,2a9dd380c2e7b8d4ba5f6e8aec4c13d5becd565d,,,mapped to feature owner; behavioral integration/acceptance pending,2a9dd380c2e7b8d4ba5f6e8aec4c13d5becd565d,0,PLAT/BASE,support/dependency/history routing; review before import
Windows/SDL2/include/SDL_egl.h,a4276e6810b2fe059720cb2fe81e234e599e663c,0,0,a4276e6810b2fe059720cb2fe81e234e599e663c,,,mapped to feature owner; behavioral integration/acceptance pending,a4276e6810b2fe059720cb2fe81e234e599e663c,0,PLAT/BASE,support/dependency/history routing; review before import
Windows/SDL2/include/SDL_endian.h,591ccac4256adc9f17c7ba0234ff745e1fb71a31,0,0,591ccac4256adc9f17c7ba0234ff745e1fb71a31,,,mapped to feature owner; behavioral integration/acceptance pending,591ccac4256adc9f17c7ba0234ff745e1fb71a31,0,PLAT/BASE,support/dependency/history routing; review before import
Windows/SDL2/include/SDL_error.h,2df6463ad92f2183c0ac3c936bf1277bdef02e22,0,0,2df6463ad92f2183c0ac3c936bf1277bdef02e22,,,mapped to feature owner; behavioral integration/acceptance pending,2df6463ad92f2183c0ac3c936bf1277bdef02e22,0,PLAT/BASE,support/dependency/history routing; review before import
Windows/SDL2/include/SDL_events.h,eccbba2553b4fce528c41741b15d7419597afcf6,0,0,eccbba2553b4fce528c41741b15d7419597afcf6,,,mapped to feature owner; behavioral integration/acceptance pending,eccbba2553b4fce528c41741b15d7419597afcf6,0,PLAT/BASE,support/dependency/history routing; review before import
Windows/SDL2/include/SDL_filesystem.h,07498898d3238d6b7c824761c46421e46991c84d,0,0,07498898d3238d6b7c824761c46421e46991c84d,,,mapped to feature owner; behavioral integration/acceptance pending,07498898d3238d6b7c824761c46421e46991c84d,0,PLAT/BASE,support/dependency/history routing; review before import
Windows/SDL2/include/SDL_gamecontroller.h,281fa356c63f58cfa5701ff6ae80f1d83c0f6aa8,0,0,281fa356c63f58cfa5701ff6ae80f1d83c0f6aa8,,,mapped to feature owner; behavioral integration/acceptance pending,281fa356c63f58cfa5701ff6ae80f1d83c0f6aa8,0,PLAT/BASE,support/dependency/history routing; review before import
Windows/SDL2/include/SDL_gesture.h,4fffa5f3e87df75d287da5c6ed0e795ab49d7768,0,0,4fffa5f3e87df75d287da5c6ed0e795ab49d7768,,,mapped to feature owner; behavioral integration/acceptance pending,4fffa5f3e87df75d287da5c6ed0e795ab49d7768,0,PLAT/BASE,support/dependency/history routing; review before import
Windows/SDL2/include/SDL_guid.h,7daa5f1f585c3d7482108e915ea0ea8fa263751b,0,0,7daa5f1f585c3d7482108e915ea0ea8fa263751b,,,mapped to feature owner; behavioral integration/acceptance pending,7daa5f1f585c3d7482108e915ea0ea8fa263751b,0,PLAT/BASE,support/dependency/history routing; review before import
Windows/SDL2/include/SDL_haptic.h,c9ed847df02387a5f4d5f5fd02055695cd46a5e6,0,0,c9ed847df02387a5f4d5f5fd02055695cd46a5e6,,,mapped to feature owner; behavioral integration/acceptance pending,c9ed847df02387a5f4d5f5fd02055695cd46a5e6,0,PLAT/BASE,support/dependency/history routing; review before import
Windows/SDL2/include/SDL_hidapi.h,b9d8ffac3881e2a297da348e8afb832b0b4afea9,0,0,b9d8ffac3881e2a297da348e8afb832b0b4afea9,,,mapped to feature owner; behavioral integration/acceptance pending,b9d8ffac3881e2a297da348e8afb832b0b4afea9,0,PLAT/BASE,support/dependency/history routing; review before import
Windows/SDL2/include/SDL_hints.h,e775a6509bc0e4834be32411ddadd1cfd0f2a99b,0,0,e775a6509bc0e4834be32411ddadd1cfd0f2a99b,,,mapped to feature owner; behavioral integration/acceptance pending,e775a6509bc0e4834be32411ddadd1cfd0f2a99b,0,PLAT/BASE,support/dependency/history routing; review before import
Windows/SDL2/include/SDL_joystick.h,561e01099cede911e349969024f9b84bad658c2d,0,0,561e01099cede911e349969024f9b84bad658c2d,,,mapped to feature owner; behavioral integration/acceptance pending,561e01099cede911e349969024f9b84bad658c2d,0,PLAT/BASE,support/dependency/history routing; review before import
Windows/SDL2/include/SDL_keyboard.h,03c7b5a3705af4eb25d296049af1fe23ffd0b7d3,0,0,03c7b5a3705af4eb25d296049af1fe23ffd0b7d3,,,mapped to feature owner; behavioral integration/acceptance pending,03c7b5a3705af4eb25d296049af1fe23ffd0b7d3,0,PLAT/BASE,support/dependency/history routing; review before import
Windows/SDL2/include/SDL_keycode.h,57a71bd79694d749d3702af58f3813540fb678d8,0,0,57a71bd79694d749d3702af58f3813540fb678d8,,,mapped to feature owner; behavioral integration/acceptance pending,57a71bd79694d749d3702af58f3813540fb678d8,0,PLAT/BASE,support/dependency/history routing; review before import
Windows/SDL2/include/SDL_loadso.h,4edc22e9e756c9f69fde1aced4679b63dc228e37,0,0,4edc22e9e756c9f69fde1aced4679b63dc228e37,,,mapped to feature owner; behavioral integration/acceptance pending,4edc22e9e756c9f69fde1aced4679b63dc228e37,0,PLAT/BASE,support/dependency/history routing; review before import
Windows/SDL2/include/SDL_locale.h,0b6118f0ef8669930b2ce0aa5d4e9628381ae2df,0,0,0b6118f0ef8669930b2ce0aa5d4e9628381ae2df,,,mapped to feature owner; behavioral integration/acceptance pending,0b6118f0ef8669930b2ce0aa5d4e9628381ae2df,0,PLAT/BASE,support/dependency/history routing; review before import
Windows/SDL2/include/SDL_log.h,bd030c6d2d5f27ece4b3a74bd80d8f9b5708d05b,0,0,bd030c6d2d5f27ece4b3a74bd80d8f9b5708d05b,,,mapped to feature owner; behavioral integration/acceptance pending,bd030c6d2d5f27ece4b3a74bd80d8f9b5708d05b,0,PLAT/BASE,support/dependency/history routing; review before import
Windows/SDL2/include/SDL_main.h,a66c84b4e5fbc2b45a5deca02e42b08e00ef1c66,0,0,a66c84b4e5fbc2b45a5deca02e42b08e00ef1c66,,,mapped to feature owner; behavioral integration/acceptance pending,a66c84b4e5fbc2b45a5deca02e42b08e00ef1c66,0,PLAT/BASE,support/dependency/history routing; review before import
Windows/SDL2/include/SDL_messagebox.h,5ace6f2ddee1f8172416650c6fbdcd77e0a11ba9,0,0,5ace6f2ddee1f8172416650c6fbdcd77e0a11ba9,,,mapped to feature owner; behavioral integration/acceptance pending,5ace6f2ddee1f8172416650c6fbdcd77e0a11ba9,0,PLAT/BASE,support/dependency/history routing; review before import
Windows/SDL2/include/SDL_metal.h,50f7b2aeb45211ce457bf9c6dc268eb86caa6be6,0,0,50f7b2aeb45211ce457bf9c6dc268eb86caa6be6,,,mapped to feature owner; behavioral integration/acceptance pending,50f7b2aeb45211ce457bf9c6dc268eb86caa6be6,0,PLAT/BASE,support/dependency/history routing; review before import
Windows/SDL2/include/SDL_misc.h,113ba7a15693dea7e8fd65d4000fd0fb5ca75c18,0,0,113ba7a15693dea7e8fd65d4000fd0fb5ca75c18,,,mapped to feature owner; behavioral integration/acceptance pending,113ba7a15693dea7e8fd65d4000fd0fb5ca75c18,0,PLAT/BASE,support/dependency/history routing; review before import
Windows/SDL2/include/SDL_mouse.h,687ff122d2c4fc2ba8616dc9fe30fb9764690100,0,0,687ff122d2c4fc2ba8616dc9fe30fb9764690100,,,mapped to feature owner; behavioral integration/acceptance pending,687ff122d2c4fc2ba8616dc9fe30fb9764690100,0,PLAT/BASE,support/dependency/history routing; review before import
Windows/SDL2/include/SDL_mutex.h,eaa21f293f51721c44eb07d1623fb291f3fb7ada,0,0,eaa21f293f51721c44eb07d1623fb291f3fb7ada,,,mapped to feature owner; behavioral integration/acceptance pending,eaa21f293f51721c44eb07d1623fb291f3fb7ada,0,PLAT/BASE,support/dependency/history routing; review before import
Windows/SDL2/include/SDL_name.h,71e9354550f913f1b76dccb0386a19d51dcd164a,0,0,71e9354550f913f1b76dccb0386a19d51dcd164a,,,mapped to feature owner; behavioral integration/acceptance pending,71e9354550f913f1b76dccb0386a19d51dcd164a,0,PLAT/BASE,support/dependency/history routing; review before import
Windows/SDL2/include/SDL_opengl.h,2bb38c5c0e994443e99ce7b2ac3888d4beed435a,0,0,2bb38c5c0e994443e99ce7b2ac3888d4beed435a,,,mapped to feature owner; behavioral integration/acceptance pending,2bb38c5c0e994443e99ce7b2ac3888d4beed435a,0,PLAT/BASE,support/dependency/history routing; review before import
Windows/SDL2/include/SDL_opengl_glext.h,ff6ad12cef0436aa89bec4a6c7cc169071dc5575,0,0,ff6ad12cef0436aa89bec4a6c7cc169071dc5575,,,mapped to feature owner; behavioral integration/acceptance pending,ff6ad12cef0436aa89bec4a6c7cc169071dc5575,0,PLAT/BASE,support/dependency/history routing; review before import
Windows/SDL2/include/SDL_opengles.h,7e9a1ab8d4d037d06954b6ddd0df8684fb1a3db4,0,0,7e9a1ab8d4d037d06954b6ddd0df8684fb1a3db4,,,mapped to feature owner; behavioral integration/acceptance pending,7e9a1ab8d4d037d06954b6ddd0df8684fb1a3db4,0,PLAT/BASE,support/dependency/history routing; review before import
Windows/SDL2/include/SDL_opengles2.h,96971344d1b863777ef6a567d321167ebeff4765,0,0,96971344d1b863777ef6a567d321167ebeff4765,,,mapped to feature owner; behavioral integration/acceptance pending,96971344d1b863777ef6a567d321167ebeff4765,0,PLAT/BASE,support/dependency/history routing; review before import
Windows/SDL2/include/SDL_opengles2_gl2.h,d13622aae912aa244792cf26e8d05e4bd38e00fe,0,0,d13622aae912aa244792cf26e8d05e4bd38e00fe,,,mapped to feature owner; behavioral integration/acceptance pending,d13622aae912aa244792cf26e8d05e4bd38e00fe,0,PLAT/BASE,support/dependency/history routing; review before import
Windows/SDL2/include/SDL_opengles2_gl2ext.h,9448ce09fc705784b8da023633daeaf99ef2fa1b,0,0,9448ce09fc705784b8da023633daeaf99ef2fa1b,,,mapped to feature owner; behavioral integration/acceptance pending,9448ce09fc705784b8da023633daeaf99ef2fa1b,0,PLAT/BASE,support/dependency/history routing; review before import
Windows/SDL2/include/SDL_opengles2_gl2platform.h,426796ef2a7eaf278d3f8580490c23c9640b69c8,0,0,426796ef2a7eaf278d3f8580490c23c9640b69c8,,,mapped to feature owner; behavioral integration/acceptance pending,426796ef2a7eaf278d3f8580490c23c9640b69c8,0,PLAT/BASE,support/dependency/history routing; review before import
Windows/SDL2/include/SDL_opengles2_khrplatform.h,01646449caedc958effc3b450360aefd260671ab,0,0,01646449caedc958effc3b450360aefd260671ab,,,mapped to feature owner; behavioral integration/acceptance pending,01646449caedc958effc3b450360aefd260671ab,0,PLAT/BASE,support/dependency/history routing; review before import
Windows/SDL2/include/SDL_pixels.h,44757cdcf4b7fdae9c499d8c773c2c5fe28e60d7,0,0,44757cdcf4b7fdae9c499d8c773c2c5fe28e60d7,,,mapped to feature owner; behavioral integration/acceptance pending,44757cdcf4b7fdae9c499d8c773c2c5fe28e60d7,0,PLAT/BASE,support/dependency/history routing; review before import
Windows/SDL2/include/SDL_platform.h,2b11bf201685ea8cbc60497e3d6bb07560564325,0,0,2b11bf201685ea8cbc60497e3d6bb07560564325,,,mapped to feature owner; behavioral integration/acceptance pending,2b11bf201685ea8cbc60497e3d6bb07560564325,0,PLAT/BASE,support/dependency/history routing; review before import
Windows/SDL2/include/SDL_power.h,0520065cebbb135035665cf95402a2b15b381d1a,0,0,0520065cebbb135035665cf95402a2b15b381d1a,,,mapped to feature owner; behavioral integration/acceptance pending,0520065cebbb135035665cf95402a2b15b381d1a,0,PLAT/BASE,support/dependency/history routing; review before import
Windows/SDL2/include/SDL_quit.h,3f69dc9f26011db121417874daa9ccbb1043f708,0,0,3f69dc9f26011db121417874daa9ccbb1043f708,,,mapped to feature owner; behavioral integration/acceptance pending,3f69dc9f26011db121417874daa9ccbb1043f708,0,PLAT/BASE,support/dependency/history routing; review before import
Windows/SDL2/include/SDL_rect.h,5ce1f0b4517fa856ad7ee07e8c14fdf2f33f7c7a,0,0,5ce1f0b4517fa856ad7ee07e8c14fdf2f33f7c7a,,,mapped to feature owner; behavioral integration/acceptance pending,5ce1f0b4517fa856ad7ee07e8c14fdf2f33f7c7a,0,PLAT/BASE,support/dependency/history routing; review before import
Windows/SDL2/include/SDL_render.h,b7135bb9dd46e73b4de07762cda78cc6b292bf3e,0,0,b7135bb9dd46e73b4de07762cda78cc6b292bf3e,,,mapped to feature owner; behavioral integration/acceptance pending,b7135bb9dd46e73b4de07762cda78cc6b292bf3e,0,PLAT/BASE,support/dependency/history routing; review before import
Windows/SDL2/include/SDL_revision.h,2e71f9d95a306e07712f04193efc153e0d8f4dd5,0,0,2e71f9d95a306e07712f04193efc153e0d8f4dd5,,,mapped to feature owner; behavioral integration/acceptance pending,2e71f9d95a306e07712f04193efc153e0d8f4dd5,0,PLAT/BASE,support/dependency/history routing; review before import
Windows/SDL2/include/SDL_rwops.h,9dd99f92b1541ba73386aeed906b16d4db415d17,0,0,9dd99f92b1541ba73386aeed906b16d4db415d17,,,mapped to feature owner; behavioral integration/acceptance pending,9dd99f92b1541ba73386aeed906b16d4db415d17,0,PLAT/BASE,support/dependency/history routing; review before import
Windows/SDL2/include/SDL_scancode.h,fe13d5b7aaad9378e49005640b0c7641cf0512dc,0,0,fe13d5b7aaad9378e49005640b0c7641cf0512dc,,,mapped to feature owner; behavioral integration/acceptance pending,fe13d5b7aaad9378e49005640b0c7641cf0512dc,0,PLAT/BASE,support/dependency/history routing; review before import
Windows/SDL2/include/SDL_sensor.h,8b89ef6a526d45f11d7b3ac64234519df2164b22,0,0,8b89ef6a526d45f11d7b3ac64234519df2164b22,,,mapped to feature owner; behavioral integration/acceptance pending,8b89ef6a526d45f11d7b3ac64234519df2164b22,0,PLAT/BASE,support/dependency/history routing; review before import
Windows/SDL2/include/SDL_shape.h,4783cf290e95eec1a2e5b3f3a2ee5b7f94dcbf33,0,0,4783cf290e95eec1a2e5b3f3a2ee5b7f94dcbf33,,,mapped to feature owner; behavioral integration/acceptance pending,4783cf290e95eec1a2e5b3f3a2ee5b7f94dcbf33,0,PLAT/BASE,support/dependency/history routing; review before import
Windows/SDL2/include/SDL_stdinc.h,8113f453f3b37d3e4b157cd9f99245c378a9e542,0,0,8113f453f3b37d3e4b157cd9f99245c378a9e542,,,mapped to feature owner; behavioral integration/acceptance pending,8113f453f3b37d3e4b157cd9f99245c378a9e542,0,PLAT/BASE,support/dependency/history routing; review before import
Windows/SDL2/include/SDL_surface.h,ceeb86bd867e8a657626b20ed45f89cd5637f798,0,0,ceeb86bd867e8a657626b20ed45f89cd5637f798,,,mapped to feature owner; behavioral integration/acceptance pending,ceeb86bd867e8a657626b20ed45f89cd5637f798,0,PLAT/BASE,support/dependency/history routing; review before import
Windows/SDL2/include/SDL_system.h,ddae4f8cc1f9ca980837f403101aca74fd7ddd5d,0,0,ddae4f8cc1f9ca980837f403101aca74fd7ddd5d,,,mapped to feature owner; behavioral integration/acceptance pending,ddae4f8cc1f9ca980837f403101aca74fd7ddd5d,0,PLAT/BASE,support/dependency/history routing; review before import
Windows/SDL2/include/SDL_syswm.h,7b8bd6ef996571bbba2e5f1e139a0c9292c88146,0,0,7b8bd6ef996571bbba2e5f1e139a0c9292c88146,,,mapped to feature owner; behavioral integration/acceptance pending,7b8bd6ef996571bbba2e5f1e139a0c9292c88146,0,PLAT/BASE,support/dependency/history routing; review before import
Windows/SDL2/include/SDL_thread.h,dc7f5363aadce39089dd1399963e541d416028b8,0,0,dc7f5363aadce39089dd1399963e541d416028b8,,,mapped to feature owner; behavioral integration/acceptance pending,dc7f5363aadce39089dd1399963e541d416028b8,0,PLAT/BASE,support/dependency/history routing; review before import
Windows/SDL2/include/SDL_timer.h,8123e432f1e5065b67bf51277110fbd7caf886fd,0,0,8123e432f1e5065b67bf51277110fbd7caf886fd,,,mapped to feature owner; behavioral integration/acceptance pending,8123e432f1e5065b67bf51277110fbd7caf886fd,0,PLAT/BASE,support/dependency/history routing; review before import
Windows/SDL2/include/SDL_touch.h,f6a5db413df92d8b253614ef723f546b581354b9,0,0,f6a5db413df92d8b253614ef723f546b581354b9,,,mapped to feature owner; behavioral integration/acceptance pending,f6a5db413df92d8b253614ef723f546b581354b9,0,PLAT/BASE,support/dependency/history routing; review before import
Windows/SDL2/include/SDL_types.h,e8d33c651371bd2fd29b155f135461f66f6681bb,0,0,e8d33c651371bd2fd29b155f135461f66f6681bb,,,mapped to feature owner; behavioral integration/acceptance pending,e8d33c651371bd2fd29b155f135461f66f6681bb,0,PLAT/BASE,support/dependency/history routing; review before import
Windows/SDL2/include/SDL_version.h,d05fed77c22074c70d8d857c59f72426f84c6c21,0,0,d05fed77c22074c70d8d857c59f72426f84c6c21,,,mapped to feature owner; behavioral integration/acceptance pending,d05fed77c22074c70d8d857c59f72426f84c6c21,0,PLAT/BASE,support/dependency/history routing; review before import
Windows/SDL2/include/SDL_video.h,fa47d30991df03867c400da2fe80bb32d93457a8,0,0,fa47d30991df03867c400da2fe80bb32d93457a8,,,mapped to feature owner; behavioral integration/acceptance pending,fa47d30991df03867c400da2fe80bb32d93457a8,0,PLAT/BASE,support/dependency/history routing; review before import
Windows/SDL2/include/SDL_vulkan.h,ab86a0b8656a1a183b40d194b9f5bf41260f586f,0,0,ab86a0b8656a1a183b40d194b9f5bf41260f586f,,,mapped to feature owner; behavioral integration/acceptance pending,ab86a0b8656a1a183b40d194b9f5bf41260f586f,0,PLAT/BASE,support/dependency/history routing; review before import
Windows/SDL2/include/begin_code.h,a47a7d2b6413cbb4f5dcd7534123477697ef71a3,0,0,a47a7d2b6413cbb4f5dcd7534123477697ef71a3,,,mapped to feature owner; behavioral integration/acceptance pending,a47a7d2b6413cbb4f5dcd7534123477697ef71a3,0,UI/BASE/VR,module routing only; behavior closure pending
Windows/SDL2/include/close_code.h,50a0e6f3b4462c5197bd15d7d22e6a8f36204b46,0,0,50a0e6f3b4462c5197bd15d7d22e6a8f36204b46,,,mapped to feature owner; behavioral integration/acceptance pending,50a0e6f3b4462c5197bd15d7d22e6a8f36204b46,0,PLAT/BASE,support/dependency/history routing; review before import
Windows/SDL2/lib/SDL2.dll,40ce1fb5bcb15b4178722b7902b48e20daf80e01,0,0,40ce1fb5bcb15b4178722b7902b48e20daf80e01,,,mapped to feature owner; behavioral integration/acceptance pending,40ce1fb5bcb15b4178722b7902b48e20daf80e01,0,PLAT/BASE,support/dependency/history routing; review before import
Windows/SDL2/lib/SDL2.lib,0ac84d292be475cdf212bc9f5f34e843b633f48c,0,0,0ac84d292be475cdf212bc9f5f34e843b633f48c,,,mapped to feature owner; behavioral integration/acceptance pending,0ac84d292be475cdf212bc9f5f34e843b633f48c,0,PLAT/BASE,support/dependency/history routing; review before import
Windows/SDL2/lib/SDL2main.lib,53d85a2774a449ead902d635cd69d8e1c1df8250,0,0,53d85a2774a449ead902d635cd69d8e1c1df8250,,,mapped to feature owner; behavioral integration/acceptance pending,53d85a2774a449ead902d635cd69d8e1c1df8250,0,PLAT/BASE,support/dependency/history routing; review before import
Windows/SDL2/lib/libSDL2.dll.a,dad5e57837f3ba3ca6a2bb61f6f7370b638659ec,0,0,dad5e57837f3ba3ca6a2bb61f6f7370b638659ec,,,mapped to feature owner; behavioral integration/acceptance pending,dad5e57837f3ba3ca6a2bb61f6f7370b638659ec,0,PLAT/BASE,support/dependency/history routing; review before import
Windows/SDL2/lib/libSDL2main.a,e38628c5ff492041b678396806aff955f28afd5f,0,0,e38628c5ff492041b678396806aff955f28afd5f,,,mapped to feature owner; behavioral integration/acceptance pending,e38628c5ff492041b678396806aff955f28afd5f,0,PLAT/BASE,support/dependency/history routing; review before import
Windows/SDL2/lib64/SDL2.dll,ed97b8fc4cbc022db288af8b5106b7a2fe385bfa,0,0,ed97b8fc4cbc022db288af8b5106b7a2fe385bfa,,,mapped to feature owner; behavioral integration/acceptance pending,ed97b8fc4cbc022db288af8b5106b7a2fe385bfa,0,PLAT/BASE,support/dependency/history routing; review before import
Windows/SDL2/lib64/SDL2.lib,7257de6383ca5732a50a1df3f41f2447a2625d1c,0,0,7257de6383ca5732a50a1df3f41f2447a2625d1c,,,mapped to feature owner; behavioral integration/acceptance pending,7257de6383ca5732a50a1df3f41f2447a2625d1c,0,PLAT/BASE,support/dependency/history routing; review before import
Windows/SDL2/lib64/SDL2main.lib,82b4ba159e9c9c646771291a8632eead83225dc4,0,0,82b4ba159e9c9c646771291a8632eead83225dc4,,,mapped to feature owner; behavioral integration/acceptance pending,82b4ba159e9c9c646771291a8632eead83225dc4,0,PLAT/BASE,support/dependency/history routing; review before import
Windows/SDL2/lib64/libSDL2.dll.a,30d1867b85ff9039678c77261d9e418cf889cef0,0,0,30d1867b85ff9039678c77261d9e418cf889cef0,,,mapped to feature owner; behavioral integration/acceptance pending,30d1867b85ff9039678c77261d9e418cf889cef0,0,PLAT/BASE,support/dependency/history routing; review before import
Windows/SDL2/lib64/libSDL2main.a,517f6a43c307291724e97baa2ef6b0fa1c8c0d9f,0,0,517f6a43c307291724e97baa2ef6b0fa1c8c0d9f,,,mapped to feature owner; behavioral integration/acceptance pending,517f6a43c307291724e97baa2ef6b0fa1c8c0d9f,0,PLAT/BASE,support/dependency/history routing; review before import
Windows/SDL2/main/SDL_windows.h,3842e082b422a59257771e3ffa42a3af9206fbbb,0,0,3842e082b422a59257771e3ffa42a3af9206fbbb,,,mapped to feature owner; behavioral integration/acceptance pending,3842e082b422a59257771e3ffa42a3af9206fbbb,0,PLAT/BASE,support/dependency/history routing; review before import
Windows/SDL2/main/SDL_windows_main.c,0ce41a20d6bb19bcf6c8f36183aed0748e40b5ee,0,0,0ce41a20d6bb19bcf6c8f36183aed0748e40b5ee,,,mapped to feature owner; behavioral integration/acceptance pending,0ce41a20d6bb19bcf6c8f36183aed0748e40b5ee,0,PLAT/BASE,support/dependency/history routing; review before import
Windows/SDL2/watcom/SDL2.def,4d4458e21ac772417f84e2ac39d8f7519bbc30c0,0,0,4d4458e21ac772417f84e2ac39d8f7519bbc30c0,,,mapped to feature owner; behavioral integration/acceptance pending,4d4458e21ac772417f84e2ac39d8f7519bbc30c0,0,PLAT/BASE,support/dependency/history routing; review before import
Windows/SDL2/watcom/SDL2.exp,91046cbb0e8daa538e92c21012f5e7313f41f378,0,0,91046cbb0e8daa538e92c21012f5e7313f41f378,,,mapped to feature owner; behavioral integration/acceptance pending,91046cbb0e8daa538e92c21012f5e7313f41f378,0,PLAT/BASE,support/dependency/history routing; review before import
Windows/SDL2/watcom/SDL2.lib,cc15460a922e14b1c8050444c9a0deaff31a48b0,0,0,cc15460a922e14b1c8050444c9a0deaff31a48b0,,,mapped to feature owner; behavioral integration/acceptance pending,cc15460a922e14b1c8050444c9a0deaff31a48b0,0,PLAT/BASE,support/dependency/history routing; review before import
Windows/SDL2/watcom/def2lbc.awk,84767f60a45555c995d924fb99b385c9de5c3a6c,0,0,84767f60a45555c995d924fb99b385c9de5c3a6c,,,mapped to feature owner; behavioral integration/acceptance pending,84767f60a45555c995d924fb99b385c9de5c3a6c,0,PLAT/BASE,support/dependency/history routing; review before import
Windows/SDL2/watcom/makefile,adfcc61364c1bd21864fa88e840eca5a60e01611,0,0,adfcc61364c1bd21864fa88e840eca5a60e01611,,,mapped to feature owner; behavioral integration/acceptance pending,adfcc61364c1bd21864fa88e840eca5a60e01611,0,PLAT/BASE,support/dependency/history routing; review before import
Windows/VS2005/quakespasm-sdl2.vcproj,ef8bbbdde8c65202486ad7f5c29a04949d2915e4,1,0,71d1c2b6be6d7157f18fbf191a759b5d98d502a9,,,mapped to feature owner; behavioral integration/acceptance pending,71d1c2b6be6d7157f18fbf191a759b5d98d502a9,0,PLAT/BASE,support/dependency/history routing; review before import
Windows/VS2005/quakespasm.sln,9da09cf02e76bcaf540cd28df46dd1c97911c72e,0,0,9da09cf02e76bcaf540cd28df46dd1c97911c72e,,,mapped to feature owner; behavioral integration/acceptance pending,9da09cf02e76bcaf540cd28df46dd1c97911c72e,0,PLAT/BASE,support/dependency/history routing; review before import
Windows/VisualStudio/quakespasm-sdl2.vcxproj,e609a039ffd3553520a845dc9cb814cb88049d4c,1,1,e58a05ec1c89368ad91d82aeb64ac41e54f4ec10,,,mapped to feature owner; behavioral integration/acceptance pending,407a0e112c46497b7985d76e8e7e0e8de050d3b8,1,PLAT/BASE,support/dependency/history routing; review before import
Windows/VisualStudio/quakespasm-sdl2.vcxproj.filters,412758514932e4635fe08981e274155b58f4ffa7,1,1,d49810d6e73c776487d5a8231e941284372e9a4a,,,mapped to feature owner; behavioral integration/acceptance pending,31fff3ffbe61b5cefe02c31cd95f49357f157dd7,1,PLAT/BASE,support/dependency/history routing; review before import
Windows/VisualStudio/quakespasm.sln,cd52cff21b5737a61920973f34d470aae94b1de0,0,0,cd52cff21b5737a61920973f34d470aae94b1de0,,,mapped to feature owner; behavioral integration/acceptance pending,cd52cff21b5737a61920973f34d470aae94b1de0,0,PLAT/BASE,support/dependency/history routing; review before import
Windows/VisualStudio/quakespasm.vcxproj,fdb8271176a8cb710e4a3e0a37cbe10a4ef563ea,1,0,07c405ae8d31d7d4ab3349c314ce3cc855f28540,,,mapped to feature owner; behavioral integration/acceptance pending,07c405ae8d31d7d4ab3349c314ce3cc855f28540,0,PLAT/BASE,support/dependency/history routing; review before import
Windows/VisualStudio/quakespasm.vcxproj.filters,a62b9eb5dd9f54d026dbb0044df3f570c1581445,1,0,500eb4adcd3046361eb22c688ef184be4c5ac305,,,mapped to feature owner; behavioral integration/acceptance pending,500eb4adcd3046361eb22c688ef184be4c5ac305,0,PLAT/BASE,support/dependency/history routing; review before import
Windows/VisualStudio/vulkan-shaders.targets,,0,1,19353966f3618fb85bed63c8adcca62cfc9b86ac,,,mapped to feature owner; behavioral integration/acceptance pending,,0,PERF/ASSET,module routing only; behavior closure pending
Windows/codecs/include/FLAC/callback.h,71bbaec6d1482c1bd2b9440574450d5d9026ac72,0,0,71bbaec6d1482c1bd2b9440574450d5d9026ac72,71bbaec6d1482c1bd2b9440574450d5d9026ac72,,mapped to feature owner; behavioral integration/acceptance pending,71bbaec6d1482c1bd2b9440574450d5d9026ac72,0,PLAT/BASE,support/dependency/history routing; review before import
Windows/codecs/include/FLAC/export.h,4b2418f05520c8db59a5961ee5262b6819e8c9ae,0,0,4b2418f05520c8db59a5961ee5262b6819e8c9ae,4b2418f05520c8db59a5961ee5262b6819e8c9ae,,mapped to feature owner; behavioral integration/acceptance pending,4b2418f05520c8db59a5961ee5262b6819e8c9ae,0,PLAT/BASE,support/dependency/history routing; review before import
Windows/codecs/include/FLAC/format.h,e4c1c1a613212802d4aed241f4b23f166a4525ec,0,0,e4c1c1a613212802d4aed241f4b23f166a4525ec,e4c1c1a613212802d4aed241f4b23f166a4525ec,,mapped to feature owner; behavioral integration/acceptance pending,e4c1c1a613212802d4aed241f4b23f166a4525ec,0,PLAT/BASE,support/dependency/history routing; review before import
Windows/codecs/include/FLAC/ordinals.h,a057299738e27cd3da8c985a1ee2ee0cdb074d6d,0,0,a057299738e27cd3da8c985a1ee2ee0cdb074d6d,a057299738e27cd3da8c985a1ee2ee0cdb074d6d,,mapped to feature owner; behavioral integration/acceptance pending,a057299738e27cd3da8c985a1ee2ee0cdb074d6d,0,PLAT/BASE,support/dependency/history routing; review before import
Windows/codecs/include/FLAC/stream_decoder.h,99a12a31044aa1afcd8fe06568fa25f02154232b,0,0,99a12a31044aa1afcd8fe06568fa25f02154232b,99a12a31044aa1afcd8fe06568fa25f02154232b,,mapped to feature owner; behavioral integration/acceptance pending,99a12a31044aa1afcd8fe06568fa25f02154232b,0,PLAT/BASE,support/dependency/history routing; review before import
Windows/codecs/include/flac_config.txt,7fd42c36f7bbd1865f713fd4f482df500940d884,0,0,7fd42c36f7bbd1865f713fd4f482df500940d884,7fd42c36f7bbd1865f713fd4f482df500940d884,,mapped to feature owner; behavioral integration/acceptance pending,7fd42c36f7bbd1865f713fd4f482df500940d884,0,AUDIO,module routing only; behavior closure pending
Windows/codecs/include/mad.h,065c672ab9b9448db168c4286ec647ed36a47de2,0,0,065c672ab9b9448db168c4286ec647ed36a47de2,065c672ab9b9448db168c4286ec647ed36a47de2,,mapped to feature owner; behavioral integration/acceptance pending,065c672ab9b9448db168c4286ec647ed36a47de2,0,AUDIO,module routing only; behavior closure pending
Windows/codecs/include/mikmod.h,59b65e1eace533af10632920bffc5199954a97a9,0,0,59b65e1eace533af10632920bffc5199954a97a9,0679581d122a207a22c28f1e1f2d0ac9f6a4ac43,,mapped to feature owner; behavioral integration/acceptance pending,59b65e1eace533af10632920bffc5199954a97a9,0,AUDIO,module routing only; behavior closure pending
Windows/codecs/include/mikmod_config.txt,370825b557ad637f49bb9f36b97d1b17e723a79b,0,0,370825b557ad637f49bb9f36b97d1b17e723a79b,d9000c2070529f93972fff225a339f4bb9f8253c,,mapped to feature owner; behavioral integration/acceptance pending,370825b557ad637f49bb9f36b97d1b17e723a79b,0,AUDIO,module routing only; behavior closure pending
Windows/codecs/include/mpg123.h,f5c5b66d1ecbf28a24452490becd7232342216ec,0,0,f5c5b66d1ecbf28a24452490becd7232342216ec,faa4f3e91cc2cff87d37e900fcdea69be39fb6f1,,mapped to feature owner; behavioral integration/acceptance pending,f5c5b66d1ecbf28a24452490becd7232342216ec,0,PLAT/BASE,support/dependency/history routing; review before import
Windows/codecs/include/mpg123_config.txt,2e82553ffd29072a64f758a2ce77210ea2bbe166,0,0,2e82553ffd29072a64f758a2ce77210ea2bbe166,a5ecf8ba417cfdbd097a7f446c37ac4807eeeb60,,mapped to feature owner; behavioral integration/acceptance pending,2e82553ffd29072a64f758a2ce77210ea2bbe166,0,UI/BASE/VR,module routing only; behavior closure pending
Windows/codecs/include/ogg/config_types.h,8f8318fbd42ca0013acdcea052d1f713e823acbe,0,0,8f8318fbd42ca0013acdcea052d1f713e823acbe,8f8318fbd42ca0013acdcea052d1f713e823acbe,,mapped to feature owner; behavioral integration/acceptance pending,8f8318fbd42ca0013acdcea052d1f713e823acbe,0,UI/BASE/VR,module routing only; behavior closure pending
Windows/codecs/include/ogg/ogg.h,cea4ebed75d26b42605304287911a320ec0a1014,0,0,cea4ebed75d26b42605304287911a320ec0a1014,cea4ebed75d26b42605304287911a320ec0a1014,,mapped to feature owner; behavioral integration/acceptance pending,cea4ebed75d26b42605304287911a320ec0a1014,0,PLAT/BASE,support/dependency/history routing; review before import
Windows/codecs/include/ogg/os_types.h,8bf82107e57c01a487a87f49bb48035105a760d8,0,0,8bf82107e57c01a487a87f49bb48035105a760d8,8bf82107e57c01a487a87f49bb48035105a760d8,,mapped to feature owner; behavioral integration/acceptance pending,8bf82107e57c01a487a87f49bb48035105a760d8,0,PLAT/BASE,support/dependency/history routing; review before import
Windows/codecs/include/opus/opus.h,462e63991740459ea4c3e0066f8bc9d3016c6f7a,0,0,462e63991740459ea4c3e0066f8bc9d3016c6f7a,462e63991740459ea4c3e0066f8bc9d3016c6f7a,,mapped to feature owner; behavioral integration/acceptance pending,462e63991740459ea4c3e0066f8bc9d3016c6f7a,0,AUDIO,module routing only; behavior closure pending
Windows/codecs/include/opus/opus_defines.h,5a37637bf291b9291670298cec8bf0ef9a6574f3,0,0,5a37637bf291b9291670298cec8bf0ef9a6574f3,5a37637bf291b9291670298cec8bf0ef9a6574f3,,mapped to feature owner; behavioral integration/acceptance pending,5a37637bf291b9291670298cec8bf0ef9a6574f3,0,AUDIO,module routing only; behavior closure pending
Windows/codecs/include/opus/opus_multistream.h,965d54ab9e979b902de3d14d2bf3ee645201edc1,0,0,965d54ab9e979b902de3d14d2bf3ee645201edc1,965d54ab9e979b902de3d14d2bf3ee645201edc1,,mapped to feature owner; behavioral integration/acceptance pending,965d54ab9e979b902de3d14d2bf3ee645201edc1,0,AUDIO,module routing only; behavior closure pending
Windows/codecs/include/opus/opus_types.h,b28e03aea202d97fe71cf58afc90dac2084144a9,0,0,b28e03aea202d97fe71cf58afc90dac2084144a9,b28e03aea202d97fe71cf58afc90dac2084144a9,,mapped to feature owner; behavioral integration/acceptance pending,b28e03aea202d97fe71cf58afc90dac2084144a9,0,AUDIO,module routing only; behavior closure pending
Windows/codecs/include/opus/opusfile.h,296d8d9a77b32b3c57a48bcd02e93aa7e927a137,0,0,296d8d9a77b32b3c57a48bcd02e93aa7e927a137,296d8d9a77b32b3c57a48bcd02e93aa7e927a137,,mapped to feature owner; behavioral integration/acceptance pending,296d8d9a77b32b3c57a48bcd02e93aa7e927a137,0,AUDIO,module routing only; behavior closure pending
Windows/codecs/include/opusfile.h,e74eda2f2fd2a9cc5854e4c410329ff130c609c1,0,0,e74eda2f2fd2a9cc5854e4c410329ff130c609c1,e74eda2f2fd2a9cc5854e4c410329ff130c609c1,,mapped to feature owner; behavioral integration/acceptance pending,e74eda2f2fd2a9cc5854e4c410329ff130c609c1,0,AUDIO,module routing only; behavior closure pending
Windows/codecs/include/vorbis/codec.h,42aa29138e52a2eb4b240d20d025595ba60b40c4,0,0,42aa29138e52a2eb4b240d20d025595ba60b40c4,42aa29138e52a2eb4b240d20d025595ba60b40c4,,mapped to feature owner; behavioral integration/acceptance pending,42aa29138e52a2eb4b240d20d025595ba60b40c4,0,PLAT/BASE,support/dependency/history routing; review before import
Windows/codecs/include/vorbis/vorbisfile.h,56626119bbd6f34c23ee00b423b1df80fbf5ef61,0,0,56626119bbd6f34c23ee00b423b1df80fbf5ef61,56626119bbd6f34c23ee00b423b1df80fbf5ef61,,mapped to feature owner; behavioral integration/acceptance pending,56626119bbd6f34c23ee00b423b1df80fbf5ef61,0,AUDIO,module routing only; behavior closure pending
Windows/codecs/include/xmp.h,22db2a3da5381ad21fd103ae74f15906439c8ff5,0,0,22db2a3da5381ad21fd103ae74f15906439c8ff5,9f7aa781906a7c6078b4c043bbe76326e561bce0,,mapped to feature owner; behavioral integration/acceptance pending,22db2a3da5381ad21fd103ae74f15906439c8ff5,0,PLAT/BASE,support/dependency/history routing; review before import
Windows/codecs/x64/libFLAC-8.dll,f87654e55638e576a4614e7dc824eb4697ea4355,0,0,f87654e55638e576a4614e7dc824eb4697ea4355,f87654e55638e576a4614e7dc824eb4697ea4355,,mapped to feature owner; behavioral integration/acceptance pending,f87654e55638e576a4614e7dc824eb4697ea4355,0,AUDIO,module routing only; behavior closure pending
Windows/codecs/x64/libFLAC.dll.a,61dc1da3658f908cc521bb183ae2bcd8d02a2e65,0,0,61dc1da3658f908cc521bb183ae2bcd8d02a2e65,5142fbd9750c6ee6b04325f13db087228a21f08a,,mapped to feature owner; behavioral integration/acceptance pending,61dc1da3658f908cc521bb183ae2bcd8d02a2e65,0,AUDIO,module routing only; behavior closure pending
Windows/codecs/x64/libFLAC.lib,dbd2f5391eb17920d0ab3ef44b45bb3b52dafb3b,0,0,dbd2f5391eb17920d0ab3ef44b45bb3b52dafb3b,dbd2f5391eb17920d0ab3ef44b45bb3b52dafb3b,,mapped to feature owner; behavioral integration/acceptance pending,dbd2f5391eb17920d0ab3ef44b45bb3b52dafb3b,0,AUDIO,module routing only; behavior closure pending
Windows/codecs/x64/libmad-0.dll,4e0455410f00f0ec6b4fb108c1d4e6101a8a6bad,0,0,4e0455410f00f0ec6b4fb108c1d4e6101a8a6bad,4e0455410f00f0ec6b4fb108c1d4e6101a8a6bad,,mapped to feature owner; behavioral integration/acceptance pending,4e0455410f00f0ec6b4fb108c1d4e6101a8a6bad,0,AUDIO,module routing only; behavior closure pending
Windows/codecs/x64/libmad.dll.a,ec0395e3af08b71bb89bc0624edf48cc99c70fa9,0,0,ec0395e3af08b71bb89bc0624edf48cc99c70fa9,0d879568828d1c0162a387e3d2a7193e73111de3,,mapped to feature owner; behavioral integration/acceptance pending,ec0395e3af08b71bb89bc0624edf48cc99c70fa9,0,AUDIO,module routing only; behavior closure pending
Windows/codecs/x64/libmad.lib,c14792f3c42c8f6adf8a5d9103745309ad9267a1,0,0,c14792f3c42c8f6adf8a5d9103745309ad9267a1,c14792f3c42c8f6adf8a5d9103745309ad9267a1,,mapped to feature owner; behavioral integration/acceptance pending,c14792f3c42c8f6adf8a5d9103745309ad9267a1,0,AUDIO,module routing only; behavior closure pending
Windows/codecs/x64/libmikmod-3.dll,3ffcf012ec73aa9157c05c2da79cb73c76b842df,0,0,3ffcf012ec73aa9157c05c2da79cb73c76b842df,775db926b10dd321064b892c5bc71acec3bd2efa,,mapped to feature owner; behavioral integration/acceptance pending,3ffcf012ec73aa9157c05c2da79cb73c76b842df,0,AUDIO,module routing only; behavior closure pending
Windows/codecs/x64/libmikmod.dll.a,d9d0af376f71df34663517c39e345d7958ed7008,0,0,d9d0af376f71df34663517c39e345d7958ed7008,457e953f811f6a45f8bd48dc1b8eeffc69568eb9,,mapped to feature owner; behavioral integration/acceptance pending,d9d0af376f71df34663517c39e345d7958ed7008,0,AUDIO,module routing only; behavior closure pending
Windows/codecs/x64/libmikmod.lib,03d461f020f075572c2300dcec48903ffbbc2afb,0,0,03d461f020f075572c2300dcec48903ffbbc2afb,03d461f020f075572c2300dcec48903ffbbc2afb,,mapped to feature owner; behavioral integration/acceptance pending,03d461f020f075572c2300dcec48903ffbbc2afb,0,AUDIO,module routing only; behavior closure pending
Windows/codecs/x64/libmpg123-0.dll,e0dcdcbacaa7635bbfbecdce0aa1e29faf710149,0,0,e0dcdcbacaa7635bbfbecdce0aa1e29faf710149,ee5845a94e74c59e18b2ec3d879b7342d4035614,,mapped to feature owner; behavioral integration/acceptance pending,e0dcdcbacaa7635bbfbecdce0aa1e29faf710149,0,PLAT/BASE,support/dependency/history routing; review before import
Windows/codecs/x64/libmpg123.dll.a,736af921d0852bbb691366566c8ef48d33fd648a,0,0,736af921d0852bbb691366566c8ef48d33fd648a,83d4d479ecf4c935ad35dbe24847c077d15b278b,,mapped to feature owner; behavioral integration/acceptance pending,736af921d0852bbb691366566c8ef48d33fd648a,0,PLAT/BASE,support/dependency/history routing; review before import
Windows/codecs/x64/libmpg123.lib,afff4eaab5c60c6b8b324a67cb86a8dba5ad383a,0,0,afff4eaab5c60c6b8b324a67cb86a8dba5ad383a,afff4eaab5c60c6b8b324a67cb86a8dba5ad383a,,mapped to feature owner; behavioral integration/acceptance pending,afff4eaab5c60c6b8b324a67cb86a8dba5ad383a,0,PLAT/BASE,support/dependency/history routing; review before import
Windows/codecs/x64/libogg-0.dll,006135e5aeb557ae900fe7d7e972d780bcad3a7e,0,0,006135e5aeb557ae900fe7d7e972d780bcad3a7e,006135e5aeb557ae900fe7d7e972d780bcad3a7e,,mapped to feature owner; behavioral integration/acceptance pending,006135e5aeb557ae900fe7d7e972d780bcad3a7e,0,PLAT/BASE,support/dependency/history routing; review before import
Windows/codecs/x64/libogg.dll.a,13e694cd2496220c55b05fab72390b97f5600264,0,0,13e694cd2496220c55b05fab72390b97f5600264,e39657f0609fd7a26427deb5be72fa074d42f60e,,mapped to feature owner; behavioral integration/acceptance pending,13e694cd2496220c55b05fab72390b97f5600264,0,PLAT/BASE,support/dependency/history routing; review before import
Windows/codecs/x64/libogg.lib,c2dd633f29b194417dfdfae705bed545c42462d7,0,0,c2dd633f29b194417dfdfae705bed545c42462d7,c2dd633f29b194417dfdfae705bed545c42462d7,,mapped to feature owner; behavioral integration/acceptance pending,c2dd633f29b194417dfdfae705bed545c42462d7,0,PLAT/BASE,support/dependency/history routing; review before import
Windows/codecs/x64/libopus-0.dll,6115d7f5e29d3fe1b91a94d2d58dda49e83fbe29,0,0,6115d7f5e29d3fe1b91a94d2d58dda49e83fbe29,6115d7f5e29d3fe1b91a94d2d58dda49e83fbe29,,mapped to feature owner; behavioral integration/acceptance pending,6115d7f5e29d3fe1b91a94d2d58dda49e83fbe29,0,AUDIO,module routing only; behavior closure pending
Windows/codecs/x64/libopus.dll.a,2e3d247f72caeffa717ef5d55352b92d3c6afcd0,0,0,2e3d247f72caeffa717ef5d55352b92d3c6afcd0,ece025567875d7adde8787d86228f25f9f3239ca,,mapped to feature owner; behavioral integration/acceptance pending,2e3d247f72caeffa717ef5d55352b92d3c6afcd0,0,AUDIO,module routing only; behavior closure pending
Windows/codecs/x64/libopus.lib,9a74dea1753a06984cace5ca7a47241fdc3e928d,0,0,9a74dea1753a06984cace5ca7a47241fdc3e928d,9a74dea1753a06984cace5ca7a47241fdc3e928d,,mapped to feature owner; behavioral integration/acceptance pending,9a74dea1753a06984cace5ca7a47241fdc3e928d,0,AUDIO,module routing only; behavior closure pending
Windows/codecs/x64/libopusfile-0.dll,0d77df32433133d121518e27853df7440436d0a9,0,0,0d77df32433133d121518e27853df7440436d0a9,0d77df32433133d121518e27853df7440436d0a9,,mapped to feature owner; behavioral integration/acceptance pending,0d77df32433133d121518e27853df7440436d0a9,0,AUDIO,module routing only; behavior closure pending
Windows/codecs/x64/libopusfile.dll.a,d0b6011ec571f212c281ce20f5292fecca340ae4,0,0,d0b6011ec571f212c281ce20f5292fecca340ae4,99932f366a78660cb1c9d6ee58dc65b316b802e5,,mapped to feature owner; behavioral integration/acceptance pending,d0b6011ec571f212c281ce20f5292fecca340ae4,0,AUDIO,module routing only; behavior closure pending
Windows/codecs/x64/libopusfile.lib,e0f320d739c6d7d0e98c0b54b1cfcac53a41f8e1,0,0,e0f320d739c6d7d0e98c0b54b1cfcac53a41f8e1,e0f320d739c6d7d0e98c0b54b1cfcac53a41f8e1,,mapped to feature owner; behavioral integration/acceptance pending,e0f320d739c6d7d0e98c0b54b1cfcac53a41f8e1,0,AUDIO,module routing only; behavior closure pending
Windows/codecs/x64/libvorbis-0.dll,f57124be12d45160efc2345c25277c708bc7d61a,0,0,f57124be12d45160efc2345c25277c708bc7d61a,f57124be12d45160efc2345c25277c708bc7d61a,,mapped to feature owner; behavioral integration/acceptance pending,f57124be12d45160efc2345c25277c708bc7d61a,0,AUDIO,module routing only; behavior closure pending
Windows/codecs/x64/libvorbis.dll.a,9e1a443886e3c0bc4ec09120bb37ca548314c0e6,0,0,9e1a443886e3c0bc4ec09120bb37ca548314c0e6,b2a19f286ac194dbdc205b58947591bacc6bd21d,,mapped to feature owner; behavioral integration/acceptance pending,9e1a443886e3c0bc4ec09120bb37ca548314c0e6,0,AUDIO,module routing only; behavior closure pending
Windows/codecs/x64/libvorbis.lib,3bbd9c62e36a98cc227de7482c54c18bbad10fdd,0,0,3bbd9c62e36a98cc227de7482c54c18bbad10fdd,3bbd9c62e36a98cc227de7482c54c18bbad10fdd,,mapped to feature owner; behavioral integration/acceptance pending,3bbd9c62e36a98cc227de7482c54c18bbad10fdd,0,AUDIO,module routing only; behavior closure pending
Windows/codecs/x64/libvorbisfile-3.dll,e8f1d7e645de68044bd1442ebdf0cf0b0c884150,0,0,e8f1d7e645de68044bd1442ebdf0cf0b0c884150,e8f1d7e645de68044bd1442ebdf0cf0b0c884150,,mapped to feature owner; behavioral integration/acceptance pending,e8f1d7e645de68044bd1442ebdf0cf0b0c884150,0,AUDIO,module routing only; behavior closure pending
Windows/codecs/x64/libvorbisfile.dll.a,75377d80a00b57926405c7694866bd4afaf29586,0,0,75377d80a00b57926405c7694866bd4afaf29586,a0596c4b4770834030d7a2391eb4776eca9556ec,,mapped to feature owner; behavioral integration/acceptance pending,75377d80a00b57926405c7694866bd4afaf29586,0,AUDIO,module routing only; behavior closure pending
Windows/codecs/x64/libvorbisfile.lib,2a9df294dfa4dabf8f0b647e3e94ce955b62cbc1,0,0,2a9df294dfa4dabf8f0b647e3e94ce955b62cbc1,2a9df294dfa4dabf8f0b647e3e94ce955b62cbc1,,mapped to feature owner; behavioral integration/acceptance pending,2a9df294dfa4dabf8f0b647e3e94ce955b62cbc1,0,AUDIO,module routing only; behavior closure pending
Windows/codecs/x64/libxmp.dll,e097e9283b6b7f5b32dd88baeb89a4471c892542,0,0,e097e9283b6b7f5b32dd88baeb89a4471c892542,e306886d36014020c03add95870cd8a0705775c0,,mapped to feature owner; behavioral integration/acceptance pending,e097e9283b6b7f5b32dd88baeb89a4471c892542,0,PLAT/BASE,support/dependency/history routing; review before import
Windows/codecs/x64/libxmp.dll.a,6b44f01aa4f1dae3a744b1ddbd0a302d20b75918,0,0,6b44f01aa4f1dae3a744b1ddbd0a302d20b75918,da712aa5d21d454934dac0efaf29e9ff72a2a052,,mapped to feature owner; behavioral integration/acceptance pending,6b44f01aa4f1dae3a744b1ddbd0a302d20b75918,0,PLAT/BASE,support/dependency/history routing; review before import
Windows/codecs/x64/libxmp.lib,6f8522f15e2ee4e38955ae2ec8ff3f93c58f7d7c,0,0,6f8522f15e2ee4e38955ae2ec8ff3f93c58f7d7c,e87911f7a1793506864af67eb642e0f3d9c6a04a,,mapped to feature owner; behavioral integration/acceptance pending,6f8522f15e2ee4e38955ae2ec8ff3f93c58f7d7c,0,PLAT/BASE,support/dependency/history routing; review before import
Windows/codecs/x86-watcom/FLAC.lib,26d891fd1dabb250c22b3d1c2b77e0f193d2dfd5,0,0,26d891fd1dabb250c22b3d1c2b77e0f193d2dfd5,,,mapped to feature owner; behavioral integration/acceptance pending,26d891fd1dabb250c22b3d1c2b77e0f193d2dfd5,0,AUDIO,module routing only; behavior closure pending
Windows/codecs/x86-watcom/libxmp.lib,52523804a270c8d250da48fdfa79aab9c447f55b,0,0,52523804a270c8d250da48fdfa79aab9c447f55b,,,mapped to feature owner; behavioral integration/acceptance pending,52523804a270c8d250da48fdfa79aab9c447f55b,0,PLAT/BASE,support/dependency/history routing; review before import
Windows/codecs/x86-watcom/mad.lib,9482d5ee193b33a2fa7b34331c8c8301576de448,0,0,9482d5ee193b33a2fa7b34331c8c8301576de448,,,mapped to feature owner; behavioral integration/acceptance pending,9482d5ee193b33a2fa7b34331c8c8301576de448,0,AUDIO,module routing only; behavior closure pending
Windows/codecs/x86-watcom/mikmod.lib,2b7648ce8dcb0d5ec22e9f44eaee8071d5f25cd9,0,0,2b7648ce8dcb0d5ec22e9f44eaee8071d5f25cd9,,,mapped to feature owner; behavioral integration/acceptance pending,2b7648ce8dcb0d5ec22e9f44eaee8071d5f25cd9,0,AUDIO,module routing only; behavior closure pending
Windows/codecs/x86-watcom/mpg123.lib,a7e20b8742a783040a27bfbd68d16e4d674fa468,0,0,a7e20b8742a783040a27bfbd68d16e4d674fa468,,,mapped to feature owner; behavioral integration/acceptance pending,a7e20b8742a783040a27bfbd68d16e4d674fa468,0,PLAT/BASE,support/dependency/history routing; review before import
Windows/codecs/x86-watcom/ogg.lib,0fde68b923c6c2ac8b012d16e87c6fd75239af4a,0,0,0fde68b923c6c2ac8b012d16e87c6fd75239af4a,,,mapped to feature owner; behavioral integration/acceptance pending,0fde68b923c6c2ac8b012d16e87c6fd75239af4a,0,PLAT/BASE,support/dependency/history routing; review before import
Windows/codecs/x86-watcom/opus.lib,5d6010a26cae86b47d7959af04cd514d10dba8e3,0,0,5d6010a26cae86b47d7959af04cd514d10dba8e3,,,mapped to feature owner; behavioral integration/acceptance pending,5d6010a26cae86b47d7959af04cd514d10dba8e3,0,AUDIO,module routing only; behavior closure pending
Windows/codecs/x86-watcom/opusfile.lib,5219e72778c08190d14004b2ff95f3720470adb8,0,0,5219e72778c08190d14004b2ff95f3720470adb8,,,mapped to feature owner; behavioral integration/acceptance pending,5219e72778c08190d14004b2ff95f3720470adb8,0,AUDIO,module routing only; behavior closure pending
Windows/codecs/x86-watcom/vorbis.lib,03c1cf7fdd933776f80f9369bf0095e8f23ee24e,0,0,03c1cf7fdd933776f80f9369bf0095e8f23ee24e,,,mapped to feature owner; behavioral integration/acceptance pending,03c1cf7fdd933776f80f9369bf0095e8f23ee24e,0,AUDIO,module routing only; behavior closure pending
Windows/codecs/x86-watcom/vorbisfile.lib,a292d96acb95d5527f848dc1b900b57e8ca3aeab,0,0,a292d96acb95d5527f848dc1b900b57e8ca3aeab,,,mapped to feature owner; behavioral integration/acceptance pending,a292d96acb95d5527f848dc1b900b57e8ca3aeab,0,AUDIO,module routing only; behavior closure pending
Windows/codecs/x86/libFLAC-8.dll,f6be0557986b3ed386b0927d58fa76167e37d1bd,0,0,f6be0557986b3ed386b0927d58fa76167e37d1bd,,,mapped to feature owner; behavioral integration/acceptance pending,f6be0557986b3ed386b0927d58fa76167e37d1bd,0,AUDIO,module routing only; behavior closure pending
Windows/codecs/x86/libFLAC.dll.a,e4db2a88c6e75a6fec761a2b09f7a15bdeb8c0c6,0,0,e4db2a88c6e75a6fec761a2b09f7a15bdeb8c0c6,,,mapped to feature owner; behavioral integration/acceptance pending,e4db2a88c6e75a6fec761a2b09f7a15bdeb8c0c6,0,AUDIO,module routing only; behavior closure pending
Windows/codecs/x86/libFLAC.lib,1535c5f9213b80027c1af8b8f61041a90b432184,0,0,1535c5f9213b80027c1af8b8f61041a90b432184,,,mapped to feature owner; behavioral integration/acceptance pending,1535c5f9213b80027c1af8b8f61041a90b432184,0,AUDIO,module routing only; behavior closure pending
Windows/codecs/x86/libmad-0.dll,bc1b61e9cd9a0ce45ca538cb8125dfa04c3afee0,0,0,bc1b61e9cd9a0ce45ca538cb8125dfa04c3afee0,,,mapped to feature owner; behavioral integration/acceptance pending,bc1b61e9cd9a0ce45ca538cb8125dfa04c3afee0,0,AUDIO,module routing only; behavior closure pending
Windows/codecs/x86/libmad.dll.a,45afc45804c6c4baaf36178da3d77e1a4be7af86,0,0,45afc45804c6c4baaf36178da3d77e1a4be7af86,,,mapped to feature owner; behavioral integration/acceptance pending,45afc45804c6c4baaf36178da3d77e1a4be7af86,0,AUDIO,module routing only; behavior closure pending
Windows/codecs/x86/libmad.lib,74501d87dad0bf0e72de8c945634555a19fe8c72,0,0,74501d87dad0bf0e72de8c945634555a19fe8c72,,,mapped to feature owner; behavioral integration/acceptance pending,74501d87dad0bf0e72de8c945634555a19fe8c72,0,AUDIO,module routing only; behavior closure pending
Windows/codecs/x86/libmikmod-3.dll,2e4fb6372e6987dc99461761546524dd00c43247,0,0,2e4fb6372e6987dc99461761546524dd00c43247,,,mapped to feature owner; behavioral integration/acceptance pending,2e4fb6372e6987dc99461761546524dd00c43247,0,AUDIO,module routing only; behavior closure pending
Windows/codecs/x86/libmikmod.dll.a,a4e57f4c1702adb4e12700595949194cabb18058,0,0,a4e57f4c1702adb4e12700595949194cabb18058,,,mapped to feature owner; behavioral integration/acceptance pending,a4e57f4c1702adb4e12700595949194cabb18058,0,AUDIO,module routing only; behavior closure pending
Windows/codecs/x86/libmikmod.lib,7c2406b9637ec82e8df79c3bb6fa7dfc618998d5,0,0,7c2406b9637ec82e8df79c3bb6fa7dfc618998d5,,,mapped to feature owner; behavioral integration/acceptance pending,7c2406b9637ec82e8df79c3bb6fa7dfc618998d5,0,AUDIO,module routing only; behavior closure pending
Windows/codecs/x86/libmpg123-0.dll,e5b6a8d2127fa55d12d87feb823e67f03708cb8c,0,0,e5b6a8d2127fa55d12d87feb823e67f03708cb8c,,,mapped to feature owner; behavioral integration/acceptance pending,e5b6a8d2127fa55d12d87feb823e67f03708cb8c,0,PLAT/BASE,support/dependency/history routing; review before import
Windows/codecs/x86/libmpg123.dll.a,17c881fb6106d3ded4484ff64fe57ce326488009,0,0,17c881fb6106d3ded4484ff64fe57ce326488009,,,mapped to feature owner; behavioral integration/acceptance pending,17c881fb6106d3ded4484ff64fe57ce326488009,0,PLAT/BASE,support/dependency/history routing; review before import
Windows/codecs/x86/libmpg123.lib,7e308308344395c7d8c72bd0b2e8046c369834eb,0,0,7e308308344395c7d8c72bd0b2e8046c369834eb,,,mapped to feature owner; behavioral integration/acceptance pending,7e308308344395c7d8c72bd0b2e8046c369834eb,0,PLAT/BASE,support/dependency/history routing; review before import
Windows/codecs/x86/libogg-0.dll,18e821c2f1437156920a9bd0ac29a08a831e4650,0,0,18e821c2f1437156920a9bd0ac29a08a831e4650,,,mapped to feature owner; behavioral integration/acceptance pending,18e821c2f1437156920a9bd0ac29a08a831e4650,0,PLAT/BASE,support/dependency/history routing; review before import
Windows/codecs/x86/libogg.dll.a,ae6900d475736e420f1dcd896a5047eff7b08cc7,0,0,ae6900d475736e420f1dcd896a5047eff7b08cc7,,,mapped to feature owner; behavioral integration/acceptance pending,ae6900d475736e420f1dcd896a5047eff7b08cc7,0,PLAT/BASE,support/dependency/history routing; review before import
Windows/codecs/x86/libogg.lib,23f3b1557b5b8f3592c83beb6b0a4228d343ccf4,0,0,23f3b1557b5b8f3592c83beb6b0a4228d343ccf4,,,mapped to feature owner; behavioral integration/acceptance pending,23f3b1557b5b8f3592c83beb6b0a4228d343ccf4,0,PLAT/BASE,support/dependency/history routing; review before import
Windows/codecs/x86/libopus-0.dll,5b477d65f2e54547e1ab76f2025e61f957f17fc7,0,0,5b477d65f2e54547e1ab76f2025e61f957f17fc7,,,mapped to feature owner; behavioral integration/acceptance pending,5b477d65f2e54547e1ab76f2025e61f957f17fc7,0,AUDIO,module routing only; behavior closure pending
Windows/codecs/x86/libopus.dll.a,65aa5e974ecc4a99fcb6c1c6275788ff5cbf516f,0,0,65aa5e974ecc4a99fcb6c1c6275788ff5cbf516f,,,mapped to feature owner; behavioral integration/acceptance pending,65aa5e974ecc4a99fcb6c1c6275788ff5cbf516f,0,AUDIO,module routing only; behavior closure pending
Windows/codecs/x86/libopus.lib,aef14171a82c4d55ea6ee2e630683a54ee5e42a6,0,0,aef14171a82c4d55ea6ee2e630683a54ee5e42a6,,,mapped to feature owner; behavioral integration/acceptance pending,aef14171a82c4d55ea6ee2e630683a54ee5e42a6,0,AUDIO,module routing only; behavior closure pending
Windows/codecs/x86/libopusfile-0.dll,9240525d419c15968afd441b4aac99c9acb906c1,0,0,9240525d419c15968afd441b4aac99c9acb906c1,,,mapped to feature owner; behavioral integration/acceptance pending,9240525d419c15968afd441b4aac99c9acb906c1,0,AUDIO,module routing only; behavior closure pending
Windows/codecs/x86/libopusfile.dll.a,ee3e8e3125d9618ee73f57288c4eb2eec77e69ce,0,0,ee3e8e3125d9618ee73f57288c4eb2eec77e69ce,,,mapped to feature owner; behavioral integration/acceptance pending,ee3e8e3125d9618ee73f57288c4eb2eec77e69ce,0,AUDIO,module routing only; behavior closure pending
Windows/codecs/x86/libopusfile.lib,0ccf0e3da2d029b8ea9fb3735673e887afd21b75,0,0,0ccf0e3da2d029b8ea9fb3735673e887afd21b75,,,mapped to feature owner; behavioral integration/acceptance pending,0ccf0e3da2d029b8ea9fb3735673e887afd21b75,0,AUDIO,module routing only; behavior closure pending
Windows/codecs/x86/libvorbis-0.dll,6c116142b38a177a8cd3ac0100d9f9d64f516c71,0,0,6c116142b38a177a8cd3ac0100d9f9d64f516c71,,,mapped to feature owner; behavioral integration/acceptance pending,6c116142b38a177a8cd3ac0100d9f9d64f516c71,0,AUDIO,module routing only; behavior closure pending
Windows/codecs/x86/libvorbis.dll.a,8e8cd8362fe6863ad675cd3392a533fa3abaf411,0,0,8e8cd8362fe6863ad675cd3392a533fa3abaf411,,,mapped to feature owner; behavioral integration/acceptance pending,8e8cd8362fe6863ad675cd3392a533fa3abaf411,0,AUDIO,module routing only; behavior closure pending
Windows/codecs/x86/libvorbis.lib,eb29926a1a859a82b5fdeaa62b3175e3bf1ea93d,0,0,eb29926a1a859a82b5fdeaa62b3175e3bf1ea93d,,,mapped to feature owner; behavioral integration/acceptance pending,eb29926a1a859a82b5fdeaa62b3175e3bf1ea93d,0,AUDIO,module routing only; behavior closure pending
Windows/codecs/x86/libvorbisfile-3.dll,7eb9b35378c3b9a30f32c654df651b60b3a6341a,0,0,7eb9b35378c3b9a30f32c654df651b60b3a6341a,,,mapped to feature owner; behavioral integration/acceptance pending,7eb9b35378c3b9a30f32c654df651b60b3a6341a,0,AUDIO,module routing only; behavior closure pending
Windows/codecs/x86/libvorbisfile.dll.a,5b4c8180d45d46cdb8aafd660caf65d3233d809b,0,0,5b4c8180d45d46cdb8aafd660caf65d3233d809b,,,mapped to feature owner; behavioral integration/acceptance pending,5b4c8180d45d46cdb8aafd660caf65d3233d809b,0,AUDIO,module routing only; behavior closure pending
Windows/codecs/x86/libvorbisfile.lib,c9adfed0e871492468dc2d5d20b1d761dc38e761,0,0,c9adfed0e871492468dc2d5d20b1d761dc38e761,,,mapped to feature owner; behavioral integration/acceptance pending,c9adfed0e871492468dc2d5d20b1d761dc38e761,0,AUDIO,module routing only; behavior closure pending
Windows/codecs/x86/libxmp.dll,82bb4e578dd7d7a26e8be10afdc06d6714b8189c,0,0,82bb4e578dd7d7a26e8be10afdc06d6714b8189c,,,mapped to feature owner; behavioral integration/acceptance pending,82bb4e578dd7d7a26e8be10afdc06d6714b8189c,0,PLAT/BASE,support/dependency/history routing; review before import
Windows/codecs/x86/libxmp.dll.a,18b3869517805172e97dc81e934b88d8ce7868dd,0,0,18b3869517805172e97dc81e934b88d8ce7868dd,,,mapped to feature owner; behavioral integration/acceptance pending,18b3869517805172e97dc81e934b88d8ce7868dd,0,PLAT/BASE,support/dependency/history routing; review before import
Windows/codecs/x86/libxmp.lib,70a2fb6f4623e4b380d66af3e045fd8225891ca4,0,0,70a2fb6f4623e4b380d66af3e045fd8225891ca4,,,mapped to feature owner; behavioral integration/acceptance pending,70a2fb6f4623e4b380d66af3e045fd8225891ca4,0,PLAT/BASE,support/dependency/history routing; review before import
Windows/misc/include/msinttypes/README.txt,6451c4625c3679eb067a9f7125078dd3c702267e,0,0,6451c4625c3679eb067a9f7125078dd3c702267e,6451c4625c3679eb067a9f7125078dd3c702267e,,mapped to feature owner; behavioral integration/acceptance pending,6451c4625c3679eb067a9f7125078dd3c702267e,0,PLAT/BASE,support/dependency/history routing; review before import
Windows/misc/include/msinttypes/changelog.txt,dd21167c37c723136c9fb3e818bcaa4ba1d44919,0,0,dd21167c37c723136c9fb3e818bcaa4ba1d44919,dd21167c37c723136c9fb3e818bcaa4ba1d44919,,mapped to feature owner; behavioral integration/acceptance pending,dd21167c37c723136c9fb3e818bcaa4ba1d44919,0,PLAT/BASE,support/dependency/history routing; review before import
Windows/misc/include/msinttypes/inttypes.h,ac7e32b6eef309f3849a2de66b0622bb09599fbc,0,0,ac7e32b6eef309f3849a2de66b0622bb09599fbc,ac7e32b6eef309f3849a2de66b0622bb09599fbc,,mapped to feature owner; behavioral integration/acceptance pending,ac7e32b6eef309f3849a2de66b0622bb09599fbc,0,PLAT/BASE,support/dependency/history routing; review before import
Windows/misc/include/msinttypes/stdint.h,4fe0ef9a9b21859dea9fd834ce3d2fcf23bad2e0,0,0,4fe0ef9a9b21859dea9fd834ce3d2fcf23bad2e0,4fe0ef9a9b21859dea9fd834ce3d2fcf23bad2e0,,mapped to feature owner; behavioral integration/acceptance pending,4fe0ef9a9b21859dea9fd834ce3d2fcf23bad2e0,0,PLAT/BASE,support/dependency/history routing; review before import
Windows/static-release-files/Install SteamVR Controller Bindings.bat,,1,0,efeb6f633dedb21e6d92f3fe6a64634443b78b19,,,mapped to feature owner; behavioral integration/acceptance pending,efeb6f633dedb21e6d92f3fe6a64634443b78b19,0,VR/WPN/FBT,module routing only; behavior closure pending
Windows/static-release-files/LICENSE.txt,d159169d1050894d3ea3b98e1c965c4058208fe1,0,0,d159169d1050894d3ea3b98e1c965c4058208fe1,,,mapped to feature owner; behavioral integration/acceptance pending,d159169d1050894d3ea3b98e1c965c4058208fe1,0,PLAT/BASE,support/dependency/history routing; review before import
Windows/static-release-files/Quake VR - Arcane Dimensions.bat,9d49be58f0e3a6b3fa832c24109b55843a6d6533,0,0,9d49be58f0e3a6b3fa832c24109b55843a6d6533,,,mapped to feature owner; behavioral integration/acceptance pending,9d49be58f0e3a6b3fa832c24109b55843a6d6533,0,PLAT/BASE,support/dependency/history routing; review before import
Windows/static-release-files/Quake VR - Beyond Belief.bat,9d23880ec5b9a8e8c183ad38ef9a1f0c2cc423e4,0,0,9d23880ec5b9a8e8c183ad38ef9a1f0c2cc423e4,,,mapped to feature owner; behavioral integration/acceptance pending,9d23880ec5b9a8e8c183ad38ef9a1f0c2cc423e4,0,PLAT/BASE,support/dependency/history routing; review before import
Windows/static-release-files/Quake VR - Dimension of the Machine.bat,d69e88662b4e47a584209ab21d1106235038e46b,0,0,d69e88662b4e47a584209ab21d1106235038e46b,,,mapped to feature owner; behavioral integration/acceptance pending,d69e88662b4e47a584209ab21d1106235038e46b,0,PLAT/BASE,support/dependency/history routing; review before import
Windows/static-release-files/Quake VR - Dimension of the Past.bat,70a78f623b05dbe17403bdd69c7e554276847ce4,0,0,70a78f623b05dbe17403bdd69c7e554276847ce4,,,mapped to feature owner; behavioral integration/acceptance pending,70a78f623b05dbe17403bdd69c7e554276847ce4,0,PLAT/BASE,support/dependency/history routing; review before import
Windows/static-release-files/Quake VR - Dissolution of Eternity.bat,a9eca2c1fb479c79696e4edc1fd18ffaa275eb82,0,0,a9eca2c1fb479c79696e4edc1fd18ffaa275eb82,,,mapped to feature owner; behavioral integration/acceptance pending,a9eca2c1fb479c79696e4edc1fd18ffaa275eb82,0,PLAT/BASE,support/dependency/history routing; review before import
Windows/static-release-files/Quake VR - Quake 64.bat,29354afb07d37550396c0865680a686d874b7b65,0,0,29354afb07d37550396c0865680a686d874b7b65,,,mapped to feature owner; behavioral integration/acceptance pending,29354afb07d37550396c0865680a686d874b7b65,0,PLAT/BASE,support/dependency/history routing; review before import
Windows/static-release-files/Quake VR - Rubicon 2.bat,5caf94ed0f386aee80eb3942af08d6d0ea17037c,0,0,5caf94ed0f386aee80eb3942af08d6d0ea17037c,,,mapped to feature owner; behavioral integration/acceptance pending,5caf94ed0f386aee80eb3942af08d6d0ea17037c,0,PLAT/BASE,support/dependency/history routing; review before import
Windows/static-release-files/Quake VR - Scourge of Armagon.bat,f0b86af865f84fedc44e3863c34131747fdaa6f3,0,0,f0b86af865f84fedc44e3863c34131747fdaa6f3,,,mapped to feature owner; behavioral integration/acceptance pending,f0b86af865f84fedc44e3863c34131747fdaa6f3,0,PLAT/BASE,support/dependency/history routing; review before import
Windows/static-release-files/Quake VR - Terra.bat,87af648e67c3f6af31d444add2cc264863582750,0,0,87af648e67c3f6af31d444add2cc264863582750,,,mapped to feature owner; behavioral integration/acceptance pending,87af648e67c3f6af31d444add2cc264863582750,0,PLAT/BASE,support/dependency/history routing; review before import
Windows/static-release-files/Quake VR - The Punishment Due.bat,f0e9539515af26ab226f17b9d3a0cf6ae84bcec3,0,0,f0e9539515af26ab226f17b9d3a0cf6ae84bcec3,,,mapped to feature owner; behavioral integration/acceptance pending,f0e9539515af26ab226f17b9d3a0cf6ae84bcec3,0,PLAT/BASE,support/dependency/history routing; review before import
Windows/static-release-files/Quake VR - Underdark Overbright & Copper.bat,c269a6cc59bd959aed45b5e7d12738b5db6de23a,0,0,c269a6cc59bd959aed45b5e7d12738b5db6de23a,,,mapped to feature owner; behavioral integration/acceptance pending,c269a6cc59bd959aed45b5e7d12738b5db6de23a,0,AV/FBT,module routing only; behavior closure pending
Windows/static-release-files/Quake VR.bat,600f0b0567bc6d14be4252b89e2ef4eee3cb889f,0,0,600f0b0567bc6d14be4252b89e2ef4eee3cb889f,,,mapped to feature owner; behavioral integration/acceptance pending,600f0b0567bc6d14be4252b89e2ef4eee3cb889f,0,PLAT/BASE,support/dependency/history routing; review before import
Windows/static-release-files/Quakespasm-Music.txt,e188d8dec504a0f314f52e889e95fecc8b96e159,0,0,e188d8dec504a0f314f52e889e95fecc8b96e159,,,mapped to feature owner; behavioral integration/acceptance pending,e188d8dec504a0f314f52e889e95fecc8b96e159,0,AUDIO,module routing only; behavior closure pending
Windows/static-release-files/Quakespasm.html,e35575765af3e18fb4f8fe3320c53bb3fe4db4fe,1,0,386464841d363e8098c6e5aed46452aa3a8d0d89,,,mapped to feature owner; behavioral integration/acceptance pending,386464841d363e8098c6e5aed46452aa3a8d0d89,0,PLAT/BASE,support/dependency/history routing; review before import
Windows/static-release-files/Quakespasm.txt,9d00c4fbdc989e02495208c674197e551c4dbd88,1,0,e10c5fd533d6cdbd9056afba793b0e93b5fdc13a,,,mapped to feature owner; behavioral integration/acceptance pending,e10c5fd533d6cdbd9056afba793b0e93b5fdc13a,0,PLAT/BASE,support/dependency/history routing; review before import
Windows/static-release-files/SteamVR Controller Bindings.txt,,1,0,9758e8715ec976e7897e551bb821ddee8efb107c,,,mapped to feature owner; behavioral integration/acceptance pending,9758e8715ec976e7897e551bb821ddee8efb107c,0,VR/WPN/FBT,module routing only; behavior closure pending
Windows/static-release-files/quakespasm-openvr_legacy_knuckles.json,,1,0,38361af4dd01d4e98e55d21f88d91cc0d598d39e,,,mapped to feature owner; behavioral integration/acceptance pending,38361af4dd01d4e98e55d21f88d91cc0d598d39e,0,VR/WPN/FBT,module routing only; behavior closure pending
Windows/static-release-files/quakespasm.pak,ff43bbcaf9f46badebc3f3b0cb34217cdb4d5a27,1,0,05e5215891d1c2f02528eb5bb34d979ff5979ddd,,,mapped to feature owner; behavioral integration/acceptance pending,05e5215891d1c2f02528eb5bb34d979ff5979ddd,0,PLAT/BASE,support/dependency/history routing; review before import
Windows/static-release-files/setup-steamvr-bindings.ps1,,1,0,f17c8bac13c7ff7ec509166ae14f65d4e350d59d,,,mapped to feature owner; behavioral integration/acceptance pending,f17c8bac13c7ff7ec509166ae14f65d4e350d59d,0,VR/WPN/FBT,module routing only; behavior closure pending
cmake/OpenXRLoader/CMakeLists.txt,,0,1,d8055defe6e427edccb8d8c41d73f1ae3d7c2ab6,,,mapped to feature owner; behavioral integration/acceptance pending,,0,PLAT/BASE,support/dependency/history routing; review before import
docs/donor-feature-audit.md,,0,1,7876641b49b6b48ab872acc18e4dbc79a26b7f5f,,,mapped to feature owner; behavioral integration/acceptance pending,,0,PERF-F002,explicit source anchors
docs/humanoid-retargeting.md,,1,0,af1534c46ef903bef7d9783f4f53aad6544f7f4a,,,mapped to feature owner; behavioral integration/acceptance pending,af1534c46ef903bef7d9783f4f53aad6544f7f4a,0,AV-008;AV-009,explicit source anchors
docs/openxr-development.md,,0,1,e28e19a4ab9750c904917e64e7cbbab1a0fa2875,,,mapped to feature owner; behavioral integration/acceptance pending,,0,PLAT-002;XR-007,explicit source anchors
docs/openxr-port-plan.md,,0,1,d9f266df43d1aefc0546000725c3fddc0787136d,,,mapped to feature owner; behavioral integration/acceptance pending,,0,PLAT-002,explicit source anchors
docs/openxr-senior-review.md,,0,1,2570702948252b1d0a22bd0e241656c28049a399,,,mapped to feature owner; behavioral integration/acceptance pending,,0,XR/PERF,module routing only; behavior closure pending
docs/qbj3-avatars.md,,1,0,cd7e16d8299fc27f2baf2c165a2897cf2586aeed,,,mapped to feature owner; behavioral integration/acceptance pending,cd7e16d8299fc27f2baf2c165a2897cf2586aeed,0,AV-003;AV-006,explicit source anchors
docs/renderer-performance-priorities.md,,0,1,74994a1a0ad35dbe3d5407b2599a88d7b6ddfb25,,,mapped to feature owner; behavioral integration/acceptance pending,,0,XR-012,explicit source anchors
docs/renderer-performance-review.md,,0,1,e439d7eb05c03c3a56fb84b6e1a8eaf5f68bdcf6,,,mapped to feature owner; behavioral integration/acceptance pending,,0,BASE/MOD/COOP,module routing only; behavior closure pending
docs/server.md,,1,0,b06022448153fe45841b649bb9f896210fc25203,,,mapped to feature owner; behavioral integration/acceptance pending,b06022448153fe45841b649bb9f896210fc25203,0,COOP-001;MOVE-003;MOVE-008;PLAT-006;WPN-012,explicit source anchors
docs/vkquake-base-migration-plan.md,,0,1,78ece51e86c69bdb52d7619cf22563fb8eb27ddf,,,mapped to feature owner; behavioral integration/acceptance pending,,0,PLAT/BASE,support/dependency/history routing; review before import
docs/vr-gorilla.md,,1,0,8d57a9ebe3c1b7b49f11310bc872d335d0e13fa0,,783b21b029b73e7092a434c3ed199d627b6fb0aed5d69624dc4ead738d75e009,preserved local WIP; reconcile with current master and XR; not accepted parity,8d57a9ebe3c1b7b49f11310bc872d335d0e13fa0,0,COOP-013;MOVE-010;MOVE-011;MOVE-012;PLAT-008,explicit source anchors
docs/vr-melee.md,,1,0,dc765fce1d7340a96994dbf2da51c0c5d3a84280,,,mapped to feature owner; behavioral integration/acceptance pending,dc765fce1d7340a96994dbf2da51c0c5d3a84280,0,MOVE-001;MOVE-002;MOVE-005;MOVE-008,explicit source anchors
docs/vr-menus.md,,0,1,df5d8a3313a7946659ff7658c7b1307dff8578b0,,,mapped to feature owner; behavioral integration/acceptance pending,,0,XR-009,explicit source anchors
docs/vulkan-foveation-review.md,,0,1,e9ea8810d4a1604d4f3e5a2958c36891b8138469,,,mapped to feature owner; behavioral integration/acceptance pending,,0,XR/PERF,module routing only; behavior closure pending
docs/vulkan-lighting-integration.md,,0,1,7b7e3b2b36e4d2f1faa5aec039e31a88eeb1a90c,,be1042a5389c867eea610cfda436d7871dd6869eb4de1cd53f3db3eb0dd4746a,preserved local WIP; reconcile with current master and XR; not accepted parity,,0,PLAT-008,explicit source anchors
docs/vulkan-multiview-review.md,,0,1,4c1f285f220a07b88f62b5856e092d6a7e669d1b,,,mapped to feature owner; behavioral integration/acceptance pending,,0,XR-011,explicit source anchors
docs/vulkan-port-notes.md,,0,1,f45510d0d9cc925b0866f31a005eade4c07a2ca1,,,mapped to feature owner; behavioral integration/acceptance pending,,0,PLAT/BASE,support/dependency/history routing; review before import
docs/vulkan-runtime-foveation.md,,0,1,911519ddc6454bfdc64658aedfb2840d6e2404e8,,,mapped to feature owner; behavioral integration/acceptance pending,,0,XR-006,explicit source anchors
docs/vulkan-senior-review.md,,0,1,6f71ef540005ea5cac4c430c6122dac8a82f878a,,,mapped to feature owner; behavioral integration/acceptance pending,,0,BASE/MOD/COOP,module routing only; behavior closure pending
docs/vulkan-stereo-preparation-review.md,,0,1,39777717359374b9ac28ae9bf5a10c7a7ec0ca1f,,,mapped to feature owner; behavioral integration/acceptance pending,,0,XR-010,explicit source anchors
docs/vulkan-stereo-scene-review.md,,0,1,a94179d2cd39daf2d1c64e4d187834123a826a81,,,mapped to feature owner; behavioral integration/acceptance pending,,0,XR-010;XR-011,explicit source anchors
docs/vulkan-vr-drawing-review.md,,0,1,5691f993a029d68f15354715d07b2f197142b3bb,,,mapped to feature owner; behavioral integration/acceptance pending,,0,UI/BASE/VR,module routing only; behavior closure pending
docs/vulkan-xr-lifecycle-review.md,,0,1,e281f190757fa1889d8f84ce8be4b66111fdfa5a,,,mapped to feature owner; behavioral integration/acceptance pending,,0,BASE/MOD/COOP,module routing only; behavior closure pending
docs/vulkan-xr-scene-review.md,,0,1,32b4dc5e35aa8e5e43ab1edb7c7f47a968b5b7dd,,,mapped to feature owner; behavioral integration/acceptance pending,,0,BASE/MOD/COOP,module routing only; behavior closure pending
experiments/alicia/.gitignore,,1,0,c18dd8d83ceed1806b50b0aaa46beb7e335fff13,,,mapped to feature owner; behavioral integration/acceptance pending,c18dd8d83ceed1806b50b0aaa46beb7e335fff13,0,PLAT/BASE,support/dependency/history routing; review before import
experiments/alicia/README.md,,1,0,976a33eed3ebe62584609d31446ab075277c3e68,,,mapped to feature owner; behavioral integration/acceptance pending,976a33eed3ebe62584609d31446ab075277c3e68,0,PLAT/BASE,support/dependency/history routing; review before import
experiments/alicia/RETARGETING.md,,1,0,6e89a5de82a31f084c97078b3053a231c7dc03ad,,,mapped to feature owner; behavioral integration/acceptance pending,6e89a5de82a31f084c97078b3053a231c7dc03ad,0,AV/FBT,module routing only; behavior closure pending
experiments/alicia/convert_md5.py,,1,0,8c314382521973427d92fe5b50f9e87da82182e1,,,mapped to feature owner; behavioral integration/acceptance pending,8c314382521973427d92fe5b50f9e87da82182e1,0,PLAT/BASE,support/dependency/history routing; review before import
experiments/alicia/preview.cfg,,1,0,ade4f6ea2b74a4f1795a29601b8ec9506cb389ed,,,mapped to feature owner; behavioral integration/acceptance pending,ade4f6ea2b74a4f1795a29601b8ec9506cb389ed,0,BASE/MOD/COOP,module routing only; behavior closure pending
experiments/alicia/retarget_probe.c,,1,0,f42f0ba5a6586560b9e03deb510c3ed26b89fba6,,,mapped to feature owner; behavioral integration/acceptance pending,f42f0ba5a6586560b9e03deb510c3ed26b89fba6,0,AV/FBT,module routing only; behavior closure pending
experiments/alicia/retarget_probe.py,,1,0,7d496bb5dd667dc046b31143edff1c478b22a4cd,,,mapped to feature owner; behavioral integration/acceptance pending,7d496bb5dd667dc046b31143edff1c478b22a4cd,0,AV/FBT,module routing only; behavior closure pending
experiments/alicia/run-preview.sh,,1,0,fed5a1a2b225054187fb36f2d15fb57005d26aca,,,mapped to feature owner; behavioral integration/acceptance pending,fed5a1a2b225054187fb36f2d15fb57005d26aca,0,BASE/MOD/COOP,module routing only; behavior closure pending
experiments/alicia/vendor/LICENSE,,1,0,599d9341a7d681d7f68b614625c0664c949a6a90,,,mapped to feature owner; behavioral integration/acceptance pending,599d9341a7d681d7f68b614625c0664c949a6a90,0,PLAT/BASE,support/dependency/history routing; review before import
experiments/alicia/vendor/README.md,,1,0,e1e5ca560b75da32a71b949f1fd644717d066aee,,,mapped to feature owner; behavioral integration/acceptance pending,e1e5ca560b75da32a71b949f1fd644717d066aee,0,PLAT/BASE,support/dependency/history routing; review before import
experiments/alicia/vendor/cgltf.h,,1,0,e09db930855c0a6b291c8dde10a4616f8f7aee20,,,mapped to feature owner; behavioral integration/acceptance pending,e09db930855c0a6b291c8dde10a4616f8f7aee20,0,PLAT/BASE,support/dependency/history routing; review before import
flake.lock,,1,0,6379c0f8397abf68e79bd1fe7098e85375275abd,,,mapped to feature owner; behavioral integration/acceptance pending,6379c0f8397abf68e79bd1fe7098e85375275abd,0,PLAT/BASE,support/dependency/history routing; review before import
flake.nix,,1,0,de918e0fe3efc6c54c3a3f8f330621928a18b858,,,mapped to feature owner; behavioral integration/acceptance pending,de918e0fe3efc6c54c3a3f8f330621928a18b858,0,PLAT/BASE,support/dependency/history routing; review before import
nix/steamaudio-unaligned-accumulate.patch,,1,0,66b139b8d1541e77572453aaca7604575c892d53,,,mapped to feature owner; behavioral integration/acceptance pending,66b139b8d1541e77572453aaca7604575c892d53,0,AUDIO,module routing only; behavior closure pending
nix/steamaudio.nix,,1,0,791f3fc22965c8643db2509d23aa024fa0dc3ec2,,,mapped to feature owner; behavioral integration/acceptance pending,791f3fc22965c8643db2509d23aa024fa0dc3ec2,0,AUDIO,module routing only; behavior closure pending
player_models/README.md,,1,0,33045f7114072013c468ce64d5c3bdb6962028fc,,2fba5ebfc4e6d6148497c16c6dbb358909cd3f9b58c4142aa9909acbfb81342c,preserved local WIP; reconcile with current master and XR; not accepted parity,33045f7114072013c468ce64d5c3bdb6962028fc,0,AV-005,explicit source anchors
player_models/avatar.cfg.example,,0,0,,,b758499bb8824f53d1075297559ecf12039db9ad049b7e6496e576289de787d8,historical deletion; review reason; do not restore automatically,,0,AV/FBT,module routing only; behavior closure pending
scripts/run-spatial-audio.sh,,1,0,a841b95bdfbc1e583b1339df4536d73edf714d86,,,mapped to feature owner; behavioral integration/acceptance pending,a841b95bdfbc1e583b1339df4536d73edf714d86,0,AUDIO,module routing only; behavior closure pending
tests/.gitignore,,1,0,30bcfa4ed5ccf1f8ec2345e2662ac64067336180,,,mapped to feature owner; behavioral integration/acceptance pending,30bcfa4ed5ccf1f8ec2345e2662ac64067336180,0,PLAT/BASE,support/dependency/history routing; review before import
tests/Makefile,,1,1,46954eaffabc45cf0ded608a2c322859792fc556,,,mapped to feature owner; behavioral integration/acceptance pending,3d405fe8661da2870d2c6cfe7f730fa5fde8cde5,0,PLAT/BASE,support/dependency/history routing; review before import
tests/avatar_protocol_fixture.c,,1,0,e790e8485c30730c34cca609af9bba10b3afe32c,,,mapped to feature owner; behavioral integration/acceptance pending,e790e8485c30730c34cca609af9bba10b3afe32c,0,PLAT-007,explicit source anchors
tests/avatar_retarget_fixture.c,,1,0,522bafa73c92161d2c144a188ee5824942bd3b99,,,mapped to feature owner; behavioral integration/acceptance pending,522bafa73c92161d2c144a188ee5824942bd3b99,0,AV/FBT,module routing only; behavior closure pending
tests/linux_launcher_fixture.py,,0,1,b0ce79274de1c8301f82ba2af3e89563cc5b2339,,,mapped to feature owner; behavioral integration/acceptance pending,,0,PLAT/BASE,support/dependency/history routing; review before import
tests/sha256_fixture.c,,0,1,87003173f6b95c516250eb3d6fbdaddb0fe5841d,,,mapped to feature owner; behavioral integration/acceptance pending,,0,PLAT/BASE,support/dependency/history routing; review before import
tests/spatial_audio_fixture.c,,1,0,e1499455d58a2dd8c7b9a869ea0444edca0396f6,,,mapped to feature owner; behavioral integration/acceptance pending,e1499455d58a2dd8c7b9a869ea0444edca0396f6,0,AUDIO,module routing only; behavior closure pending
tests/vk_heap_fixture.c,,0,1,1123e385dcf290d27483d724911d1f6822c6cf58,,,mapped to feature owner; behavioral integration/acceptance pending,,0,PLAT/BASE,support/dependency/history routing; review before import
tests/vk_resources.frag,,0,1,e37ff52a40b753d83e0ee76464992c75a9f058b8,,,mapped to feature owner; behavioral integration/acceptance pending,,0,PLAT/BASE,support/dependency/history routing; review before import
tests/vk_resources.vert,,0,1,57490ca19e05e9d342c80119036ce2cd13de7662,,,mapped to feature owner; behavioral integration/acceptance pending,,0,PLAT/BASE,support/dependency/history routing; review before import
tests/vk_resources_fixture.c,,0,1,1ddfe80fd44cb65c313781c502d625a6bc688f37,,,mapped to feature owner; behavioral integration/acceptance pending,,0,PLAT/BASE,support/dependency/history routing; review before import
tests/vk_resources_live_fixture.cpp,,0,1,789b664eb8ed64d9e198574c3f97be86d1b58727,,,mapped to feature owner; behavioral integration/acceptance pending,,0,PLAT/BASE,support/dependency/history routing; review before import
tests/vk_texmgr_gl_fixture.c,,0,1,36f84ad28c337507e88445f161f6b8c1419b9573,,,mapped to feature owner; behavioral integration/acceptance pending,,0,PLAT/BASE,support/dependency/history routing; review before import
tests/vk_upload_fixture.c,,0,1,017a8490f33b6c8f892caec19444ccbe6124e3ca,,,mapped to feature owner; behavioral integration/acceptance pending,,0,PLAT/BASE,support/dependency/history routing; review before import
tests/voice_primitives_fixture.c,,1,0,6c4cbfbb0b3a9bc1792d6c6f9bf9d4a892fe84cb,,,mapped to feature owner; behavioral integration/acceptance pending,6c4cbfbb0b3a9bc1792d6c6f9bf9d4a892fe84cb,0,AUDIO,module routing only; behavior closure pending
tests/voice_settings_fixture.c,,1,0,0fb45a6917a5f0fae90b7df85ac3d4512fabd259,,,mapped to feature owner; behavioral integration/acceptance pending,0fb45a6917a5f0fae90b7df85ac3d4512fabd259,0,PLAT-007,explicit source anchors
tests/vr_fbt_filter_fixture.c,,1,0,3a65ae988f5d09a220c101facebbb6d52e480425,,,mapped to feature owner; behavioral integration/acceptance pending,3a65ae988f5d09a220c101facebbb6d52e480425,0,AV/FBT,module routing only; behavior closure pending
tests/vr_fbt_profile_fixture.c,,1,0,7462cc1a75730df6383c7c3faa73930e68fb22d3,,,mapped to feature owner; behavioral integration/acceptance pending,7462cc1a75730df6383c7c3faa73930e68fb22d3,0,AV/FBT,module routing only; behavior closure pending
tests/vr_fbt_state_fixture.c,,1,0,af67c3b8c4eaa6c511924756168a0c22c9e73b95,,,mapped to feature owner; behavioral integration/acceptance pending,af67c3b8c4eaa6c511924756168a0c22c9e73b95,0,AV/FBT,module routing only; behavior closure pending
tests/vr_fbt_storage_fixture.c,,1,0,20103a73803409388a056838e42d3c041a0f8284,,,mapped to feature owner; behavioral integration/acceptance pending,20103a73803409388a056838e42d3c041a0f8284,0,AV/FBT,module routing only; behavior closure pending
tests/vr_fbt_visual_gl_fixture.cpp,,0,1,13691777ac0b60e9a76478d9f8e49a815c517461,,,mapped to feature owner; behavioral integration/acceptance pending,,0,AV/FBT,module routing only; behavior closure pending
tests/vr_foveation_fixture.c,,0,1,5cb90a245451f351602b0c601e3e7972203cbfcd,,,mapped to feature owner; behavioral integration/acceptance pending,,0,XR/PERF,module routing only; behavior closure pending
tests/vr_foveation_gl_fixture.cpp,,0,1,e1482f4525df1b7e9509e655e1f8a4fd7bd46ed4,,,mapped to feature owner; behavioral integration/acceptance pending,,0,XR/PERF,module routing only; behavior closure pending
tests/vr_foveation_portable_gl_fixture.cpp,,0,1,e346c69c3abdb0ca3b7fcc61001e4d45ca7ceff4,,,mapped to feature owner; behavioral integration/acceptance pending,,0,XR/PERF,module routing only; behavior closure pending
tests/vr_foveation_portable_math_fixture.c,,0,1,ce0a7b233d718984670e7e4793e3e1b109bf8121,,,mapped to feature owner; behavioral integration/acceptance pending,,0,XR/PERF,module routing only; behavior closure pending
tests/vr_openxr_frame_fixture.cpp,,0,1,9bc42f996caa9cb71541f7b0a23fd540479d3c68,,,mapped to feature owner; behavioral integration/acceptance pending,,0,XR/PERF,module routing only; behavior closure pending
tests/vr_openxr_gl_fixture.cpp,,0,1,8c652d1dc8ef1085ece7f5b5686d92936f6c044c,,,mapped to feature owner; behavioral integration/acceptance pending,,0,XR/PERF,module routing only; behavior closure pending
tests/vr_openxr_loader_fixture.cpp,,0,1,4562e93776488fe3eb282929d5d3b62428475537,,,mapped to feature owner; behavioral integration/acceptance pending,,0,XR/PERF,module routing only; behavior closure pending
tests/vr_openxr_math_fixture.c,,0,1,6755fc68909aa022a22d254422ba609e74f550f7,,,mapped to feature owner; behavioral integration/acceptance pending,,0,XR/PERF,module routing only; behavior closure pending
tests/vr_openxr_multiview.frag,,0,1,f13515f3fb814f7e8dd3868ea652dae1f0681d82,,,mapped to feature owner; behavioral integration/acceptance pending,,0,XR/PERF,module routing only; behavior closure pending
tests/vr_openxr_multiview.vert,,0,1,6272b32454595de14e341150d79b829cc5139011,,,mapped to feature owner; behavioral integration/acceptance pending,,0,XR/PERF,module routing only; behavior closure pending
tests/vr_openxr_tracker_fixture.cpp,,0,1,aa39a2b1744f21a06c1efce26fc242493da5be65,,,mapped to feature owner; behavioral integration/acceptance pending,,0,AV/FBT,module routing only; behavior closure pending
tests/vr_openxr_vulkan_fixture.cpp,,0,1,e917d57afec9cdf5d36038c6d1a1057cd0fbee12,,,mapped to feature owner; behavioral integration/acceptance pending,,0,XR/PERF,module routing only; behavior closure pending
tests/vr_openxr_vulkan_live_fixture.cpp,,0,1,9981926aba715c6bec782b39d6b193511f6efbd1,,,mapped to feature owner; behavioral integration/acceptance pending,,0,XR/PERF,module routing only; behavior closure pending
tests/vrik_codec_fixture.c,,1,0,e1f985931f7e00a067b170a108405e9aecce9a8e,,,mapped to feature owner; behavioral integration/acceptance pending,e1f985931f7e00a067b170a108405e9aecce9a8e,0,PLAT-007,explicit source anchors
tests/vrik_lowerbody_fixture.c,,1,0,cb7402a98a33a87265b25557b79d69f916c9f5db,,,mapped to feature owner; behavioral integration/acceptance pending,cb7402a98a33a87265b25557b79d69f916c9f5db,0,FBT-005,explicit source anchors
tests/vrik_protocol_fixture.c,,1,0,d0023a71618993ebdf7399bdec08b0faeb6f6fe3,,,mapped to feature owner; behavioral integration/acceptance pending,d0023a71618993ebdf7399bdec08b0faeb6f6fe3,0,AV/FBT,module routing only; behavior closure pending
tests/vrik_relay_fixture.c,,1,0,797b36382050c0c6ebb77f4e8e145ce2edb8b49d,,,mapped to feature owner; behavioral integration/acceptance pending,797b36382050c0c6ebb77f4e8e145ce2edb8b49d,0,AV/FBT,module routing only; behavior closure pending
tests/vrik_renderer_boundary_fixture.c,,1,0,d4485311f4abdbd25dfb36025edcfe51e52cb0f9,,,mapped to feature owner; behavioral integration/acceptance pending,d4485311f4abdbd25dfb36025edcfe51e52cb0f9,0,AV/FBT,module routing only; behavior closure pending
tests/vrik_v2_fixture.c,,1,0,649762a3605c81fa86ba96c9d7246c6d7ca67968,,,mapped to feature owner; behavioral integration/acceptance pending,649762a3605c81fa86ba96c9d7246c6d7ca67968,0,AV/FBT,module routing only; behavior closure pending
tests/vrik_v2_fixture.expected,,1,0,fa79f9ff4d5059c0a662a7e054a4cbdafb8639f8,,,mapped to feature owner; behavioral integration/acceptance pending,fa79f9ff4d5059c0a662a7e054a4cbdafb8639f8,0,AV/FBT,module routing only; behavior closure pending
vcpkg.json,,1,0,f87aedfde8a78f0fe1c6aa306e92104574c4eef0,,,mapped to feature owner; behavioral integration/acceptance pending,f87aedfde8a78f0fe1c6aa306e92104574c4eef0,0,PLAT/BASE,support/dependency/history routing; review before import
