source_ref,name,slot,vm_permission,handler,source_evidence,donor_extension_declarations,disposition,feature
MAIN,makevectors,1,SSQC,PF_makevectors,MAIN:Quake/pr_cmds.c:6346,,"compare donor core and extension resolution, signature and semantics; name/number alone does not prove equivalence",MOD-001
MAIN,setorigin,2,SSQC,PF_setorigin,MAIN:Quake/pr_cmds.c:6347,,"compare donor core and extension resolution, signature and semantics; name/number alone does not prove equivalence",MOD-001
MAIN,setmodel,3,SSQC,PF_setmodel,MAIN:Quake/pr_cmds.c:6348,,"compare donor core and extension resolution, signature and semantics; name/number alone does not prove equivalence",MOD-001
MAIN,setsize,4,SSQC,PF_setsize,MAIN:Quake/pr_cmds.c:6349,,"compare donor core and extension resolution, signature and semantics; name/number alone does not prove equivalence",MOD-001
MAIN,break,6,BOTH,PF_break,MAIN:Quake/pr_cmds.c:6350,,"compare donor core and extension resolution, signature and semantics; name/number alone does not prove equivalence",MOD-001
MAIN,random,7,BOTH,PF_random,MAIN:Quake/pr_cmds.c:6351,,"compare donor core and extension resolution, signature and semantics; name/number alone does not prove equivalence",MOD-001
MAIN,sound,8,SSQC,PF_sound,MAIN:Quake/pr_cmds.c:6352,,"compare donor core and extension resolution, signature and semantics; name/number alone does not prove equivalence",MOD-001
MAIN,normalize,9,BOTH,PF_normalize,MAIN:Quake/pr_cmds.c:6353,,"compare donor core and extension resolution, signature and semantics; name/number alone does not prove equivalence",MOD-001
MAIN,error,10,SSQC,PF_error,MAIN:Quake/pr_cmds.c:6354,,"compare donor core and extension resolution, signature and semantics; name/number alone does not prove equivalence",MOD-001
MAIN,objerror,11,SSQC,PF_objerror,MAIN:Quake/pr_cmds.c:6355,,"compare donor core and extension resolution, signature and semantics; name/number alone does not prove equivalence",MOD-001
MAIN,vlen,12,BOTH,PF_vlen,MAIN:Quake/pr_cmds.c:6356,,"compare donor core and extension resolution, signature and semantics; name/number alone does not prove equivalence",MOD-001
MAIN,vectoyaw,13,BOTH,PF_vectoyaw,MAIN:Quake/pr_cmds.c:6357,,"compare donor core and extension resolution, signature and semantics; name/number alone does not prove equivalence",MOD-001
MAIN,spawn,14,SSQC,PF_Spawn,MAIN:Quake/pr_cmds.c:6358,,"compare donor core and extension resolution, signature and semantics; name/number alone does not prove equivalence",MOD-001
MAIN,remove,15,SSQC,PF_Remove,MAIN:Quake/pr_cmds.c:6359,,"compare donor core and extension resolution, signature and semantics; name/number alone does not prove equivalence",MOD-001
MAIN,traceline,16,SSQC,PF_traceline,MAIN:Quake/pr_cmds.c:6360,,"compare donor core and extension resolution, signature and semantics; name/number alone does not prove equivalence",MOD-001
MAIN,checkclient,17,SSQC,PF_checkclient,MAIN:Quake/pr_cmds.c:6361,,"compare donor core and extension resolution, signature and semantics; name/number alone does not prove equivalence",MOD-001
MAIN,find,18,SSQC,PF_Find,MAIN:Quake/pr_cmds.c:6362,,"compare donor core and extension resolution, signature and semantics; name/number alone does not prove equivalence",MOD-001
MAIN,precache_sound,19,SSQC,PF_precache_sound,MAIN:Quake/pr_cmds.c:6363,,"compare donor core and extension resolution, signature and semantics; name/number alone does not prove equivalence",MOD-001
MAIN,precache_model,20,SSQC,PF_precache_model,MAIN:Quake/pr_cmds.c:6364,,"compare donor core and extension resolution, signature and semantics; name/number alone does not prove equivalence",MOD-001
MAIN,stuffcmd,21,SSQC,PF_stuffcmd,MAIN:Quake/pr_cmds.c:6365,,"compare donor core and extension resolution, signature and semantics; name/number alone does not prove equivalence",MOD-001
MAIN,findradius,22,SSQC,PF_findradius,MAIN:Quake/pr_cmds.c:6366,,"compare donor core and extension resolution, signature and semantics; name/number alone does not prove equivalence",MOD-001
MAIN,bprint,23,SSQC,PF_bprint,MAIN:Quake/pr_cmds.c:6367,,"compare donor core and extension resolution, signature and semantics; name/number alone does not prove equivalence",MOD-001
MAIN,sprint,24,SSQC,PF_sprint,MAIN:Quake/pr_cmds.c:6368,,"compare donor core and extension resolution, signature and semantics; name/number alone does not prove equivalence",MOD-001
MAIN,dprint,25,BOTH,PF_dprint,MAIN:Quake/pr_cmds.c:6369,,"compare donor core and extension resolution, signature and semantics; name/number alone does not prove equivalence",MOD-001
MAIN,ftos,26,BOTH,PF_ftos,MAIN:Quake/pr_cmds.c:6370,,"compare donor core and extension resolution, signature and semantics; name/number alone does not prove equivalence",MOD-001
MAIN,vtos,27,BOTH,PF_vtos,MAIN:Quake/pr_cmds.c:6371,,"compare donor core and extension resolution, signature and semantics; name/number alone does not prove equivalence",MOD-001
MAIN,coredump,28,SSQC,PF_coredump,MAIN:Quake/pr_cmds.c:6372,,"compare donor core and extension resolution, signature and semantics; name/number alone does not prove equivalence",MOD-001
MAIN,traceon,29,BOTH,PF_traceon,MAIN:Quake/pr_cmds.c:6373,,"compare donor core and extension resolution, signature and semantics; name/number alone does not prove equivalence",MOD-001
MAIN,traceoff,30,BOTH,PF_traceoff,MAIN:Quake/pr_cmds.c:6374,,"compare donor core and extension resolution, signature and semantics; name/number alone does not prove equivalence",MOD-001
MAIN,eprint,31,SSQC,PF_eprint,MAIN:Quake/pr_cmds.c:6375,,"compare donor core and extension resolution, signature and semantics; name/number alone does not prove equivalence",MOD-001
MAIN,walkmove,32,SSQC,PF_walkmove,MAIN:Quake/pr_cmds.c:6376,,"compare donor core and extension resolution, signature and semantics; name/number alone does not prove equivalence",MOD-001
MAIN,droptofloor,34,SSQC,PF_droptofloor,MAIN:Quake/pr_cmds.c:6377,,"compare donor core and extension resolution, signature and semantics; name/number alone does not prove equivalence",MOD-001
MAIN,lightstyle,35,SSQC,PF_lightstyle,MAIN:Quake/pr_cmds.c:6378,,"compare donor core and extension resolution, signature and semantics; name/number alone does not prove equivalence",MOD-001
MAIN,rint,36,BOTH,PF_rint,MAIN:Quake/pr_cmds.c:6379,,"compare donor core and extension resolution, signature and semantics; name/number alone does not prove equivalence",MOD-001
MAIN,floor,37,BOTH,PF_floor,MAIN:Quake/pr_cmds.c:6380,,"compare donor core and extension resolution, signature and semantics; name/number alone does not prove equivalence",MOD-001
MAIN,ceil,38,BOTH,PF_ceil,MAIN:Quake/pr_cmds.c:6381,,"compare donor core and extension resolution, signature and semantics; name/number alone does not prove equivalence",MOD-001
MAIN,checkbottom,40,SSQC,PF_checkbottom,MAIN:Quake/pr_cmds.c:6382,,"compare donor core and extension resolution, signature and semantics; name/number alone does not prove equivalence",MOD-001
MAIN,pointcontents,41,SSQC,PF_pointcontents,MAIN:Quake/pr_cmds.c:6383,,"compare donor core and extension resolution, signature and semantics; name/number alone does not prove equivalence",MOD-001
MAIN,fabs,43,BOTH,PF_fabs,MAIN:Quake/pr_cmds.c:6384,,"compare donor core and extension resolution, signature and semantics; name/number alone does not prove equivalence",MOD-001
MAIN,aim,44,SSQC,PF_aim,MAIN:Quake/pr_cmds.c:6385,,"compare donor core and extension resolution, signature and semantics; name/number alone does not prove equivalence",MOD-001
MAIN,cvar,45,BOTH,PF_cvar,MAIN:Quake/pr_cmds.c:6386,,"compare donor core and extension resolution, signature and semantics; name/number alone does not prove equivalence",MOD-001
MAIN,localcmd,46,BOTH,PF_localcmd,MAIN:Quake/pr_cmds.c:6387,,"compare donor core and extension resolution, signature and semantics; name/number alone does not prove equivalence",MOD-001
MAIN,nextent,47,SSQC,PF_nextent,MAIN:Quake/pr_cmds.c:6388,,"compare donor core and extension resolution, signature and semantics; name/number alone does not prove equivalence",MOD-001
MAIN,particle,48,SSQC,PF_particle,MAIN:Quake/pr_cmds.c:6389,,"compare donor core and extension resolution, signature and semantics; name/number alone does not prove equivalence",MOD-001
MAIN,ChangeYaw,49,SSQC,PF_changeyaw,MAIN:Quake/pr_cmds.c:6390,,"compare donor core and extension resolution, signature and semantics; name/number alone does not prove equivalence",MOD-001
MAIN,vectoangles,51,BOTH,PF_vectoangles,MAIN:Quake/pr_cmds.c:6391,,"compare donor core and extension resolution, signature and semantics; name/number alone does not prove equivalence",MOD-001
MAIN,WriteByte,52,SSQC,PF_WriteByte,MAIN:Quake/pr_cmds.c:6393,,"compare donor core and extension resolution, signature and semantics; name/number alone does not prove equivalence",MOD-001
MAIN,WriteChar,53,SSQC,PF_WriteChar,MAIN:Quake/pr_cmds.c:6394,,"compare donor core and extension resolution, signature and semantics; name/number alone does not prove equivalence",MOD-001
MAIN,WriteShort,54,SSQC,PF_WriteShort,MAIN:Quake/pr_cmds.c:6395,,"compare donor core and extension resolution, signature and semantics; name/number alone does not prove equivalence",MOD-001
MAIN,WriteLong,55,SSQC,PF_WriteLong,MAIN:Quake/pr_cmds.c:6396,,"compare donor core and extension resolution, signature and semantics; name/number alone does not prove equivalence",MOD-001
MAIN,WriteCoord,56,SSQC,PF_WriteCoord,MAIN:Quake/pr_cmds.c:6397,,"compare donor core and extension resolution, signature and semantics; name/number alone does not prove equivalence",MOD-001
MAIN,WriteAngle,57,SSQC,PF_WriteAngle,MAIN:Quake/pr_cmds.c:6398,,"compare donor core and extension resolution, signature and semantics; name/number alone does not prove equivalence",MOD-001
MAIN,WriteString,58,SSQC,PF_WriteString,MAIN:Quake/pr_cmds.c:6399,,"compare donor core and extension resolution, signature and semantics; name/number alone does not prove equivalence",MOD-001
MAIN,WriteEntity,59,SSQC,PF_WriteEntity,MAIN:Quake/pr_cmds.c:6400,,"compare donor core and extension resolution, signature and semantics; name/number alone does not prove equivalence",MOD-001
MAIN,sin,60,BOTH,PF_Sin,MAIN:Quake/pr_cmds.c:6402,60:PF_Sin/PF_Sin (Quake/pr_ext.c:5551),"compare donor core and extension resolution, signature and semantics; name/number alone does not prove equivalence",MOD-001
MAIN,cos,61,BOTH,PF_Cos,MAIN:Quake/pr_cmds.c:6403,61:PF_Cos/PF_Cos (Quake/pr_ext.c:5552),"compare donor core and extension resolution, signature and semantics; name/number alone does not prove equivalence",MOD-001
MAIN,sqrt,62,BOTH,PF_Sqrt,MAIN:Quake/pr_cmds.c:6404,62:PF_Sqrt/PF_Sqrt (Quake/pr_ext.c:5553),"compare donor core and extension resolution, signature and semantics; name/number alone does not prove equivalence",MOD-001
MAIN,etos,65,BOTH,PF_etos,MAIN:Quake/pr_cmds.c:6406,65:PF_etos/PF_etos (Quake/pr_ext.c:5555),"compare donor core and extension resolution, signature and semantics; name/number alone does not prove equivalence",MOD-001
MAIN,movetogoal,67,SSQC,SV_MoveToGoal,MAIN:Quake/pr_cmds.c:6408,,"compare donor core and extension resolution, signature and semantics; name/number alone does not prove equivalence",MOD-001
MAIN,precache_file,68,SSQC,PF_precache_file,MAIN:Quake/pr_cmds.c:6409,,"compare donor core and extension resolution, signature and semantics; name/number alone does not prove equivalence",MOD-001
MAIN,makestatic,69,SSQC,PF_makestatic,MAIN:Quake/pr_cmds.c:6410,,"compare donor core and extension resolution, signature and semantics; name/number alone does not prove equivalence",MOD-001
MAIN,changelevel,70,SSQC,PF_changelevel,MAIN:Quake/pr_cmds.c:6412,,"compare donor core and extension resolution, signature and semantics; name/number alone does not prove equivalence",MOD-001
MAIN,cvar_set,72,BOTH,PF_cvar_set,MAIN:Quake/pr_cmds.c:6414,,"compare donor core and extension resolution, signature and semantics; name/number alone does not prove equivalence",MOD-001
MAIN,cvar_setlong,72,BOTH,PF_cvar_set,MAIN:Quake/pr_cmds.c:6415,,"compare donor core and extension resolution, signature and semantics; name/number alone does not prove equivalence",MOD-001
MAIN,centerprint,73,SSQC,PF_centerprint,MAIN:Quake/pr_cmds.c:6416,,"compare donor core and extension resolution, signature and semantics; name/number alone does not prove equivalence",MOD-001
MAIN,ambientsound,74,SSQC,PF_ambientsound,MAIN:Quake/pr_cmds.c:6418,,"compare donor core and extension resolution, signature and semantics; name/number alone does not prove equivalence",MOD-001
MAIN,precache_model2,75,SSQC,PF_precache_model,MAIN:Quake/pr_cmds.c:6420,,"compare donor core and extension resolution, signature and semantics; name/number alone does not prove equivalence",MOD-001
MAIN,precache_sound2,76,SSQC,PF_precache_sound,MAIN:Quake/pr_cmds.c:6421,,"compare donor core and extension resolution, signature and semantics; name/number alone does not prove equivalence",MOD-001
MAIN,precache_file2,77,SSQC,PF_precache_file,MAIN:Quake/pr_cmds.c:6422,,"compare donor core and extension resolution, signature and semantics; name/number alone does not prove equivalence",MOD-001
MAIN,setspawnparms,78,SSQC,PF_setspawnparms,MAIN:Quake/pr_cmds.c:6424,,"compare donor core and extension resolution, signature and semantics; name/number alone does not prove equivalence",MOD-001
MAIN,finaleFinished,79,SSQC,PF_finalefinished,MAIN:Quake/pr_cmds.c:6427,,"compare donor core and extension resolution, signature and semantics; name/number alone does not prove equivalence",MOD-001
MAIN,localsound,80,SSQC,PF_localsound,MAIN:Quake/pr_cmds.c:6428,177:PF_NoSSQC/PF_cl_localsound (Quake/pr_ext.c:5588),"compare donor core and extension resolution, signature and semantics; name/number alone does not prove equivalence",MOD-001
MAIN,draw_point,81,SSQC,PF_Fixme,MAIN:Quake/pr_cmds.c:6429,,"compare donor core and extension resolution, signature and semantics; name/number alone does not prove equivalence",MOD-001
MAIN,stof,81,CSQC,PF_stof,MAIN:Quake/pr_cmds.c:6430,81:PF_stof/PF_stof (Quake/pr_ext.c:5560),"compare donor core and extension resolution, signature and semantics; name/number alone does not prove equivalence",MOD-001
MAIN,draw_line,82,SSQC,PF_Fixme,MAIN:Quake/pr_cmds.c:6431,,"compare donor core and extension resolution, signature and semantics; name/number alone does not prove equivalence",MOD-001
MAIN,draw_arrow,83,SSQC,PF_Fixme,MAIN:Quake/pr_cmds.c:6432,,"compare donor core and extension resolution, signature and semantics; name/number alone does not prove equivalence",MOD-001
MAIN,draw_ray,84,SSQC,PF_Fixme,MAIN:Quake/pr_cmds.c:6433,,"compare donor core and extension resolution, signature and semantics; name/number alone does not prove equivalence",MOD-001
MAIN,draw_circle,85,SSQC,PF_Fixme,MAIN:Quake/pr_cmds.c:6434,,"compare donor core and extension resolution, signature and semantics; name/number alone does not prove equivalence",MOD-001
MAIN,draw_bounds,86,SSQC,PF_Fixme,MAIN:Quake/pr_cmds.c:6435,,"compare donor core and extension resolution, signature and semantics; name/number alone does not prove equivalence",MOD-001
MAIN,draw_worldtext,87,SSQC,PF_Fixme,MAIN:Quake/pr_cmds.c:6436,,"compare donor core and extension resolution, signature and semantics; name/number alone does not prove equivalence",MOD-001
MAIN,draw_sphere,88,SSQC,PF_Fixme,MAIN:Quake/pr_cmds.c:6437,,"compare donor core and extension resolution, signature and semantics; name/number alone does not prove equivalence",MOD-001
MAIN,draw_cylinder,89,SSQC,PF_Fixme,MAIN:Quake/pr_cmds.c:6438,,"compare donor core and extension resolution, signature and semantics; name/number alone does not prove equivalence",MOD-001
MAIN,ex_centerprint,0 (implicit/dynamic),SSQC,PF_centerprint,MAIN:Quake/pr_cmds.c:6440,0:PF_centerprint/PF_NoCSQC (Quake/pr_ext.c:5766),"compare donor core and extension resolution, signature and semantics; name/number alone does not prove equivalence",MOD-001
MAIN,ex_bprint,0 (implicit/dynamic),SSQC,PF_bprint,MAIN:Quake/pr_cmds.c:6441,0:PF_bprint/PF_NoCSQC (Quake/pr_ext.c:5767),"compare donor core and extension resolution, signature and semantics; name/number alone does not prove equivalence",MOD-001
MAIN,ex_sprint,0 (implicit/dynamic),SSQC,PF_sprint,MAIN:Quake/pr_cmds.c:6442,0:PF_sprint/PF_NoCSQC (Quake/pr_ext.c:5768),"compare donor core and extension resolution, signature and semantics; name/number alone does not prove equivalence",MOD-001
MAIN,ex_finalefinished,0 (implicit/dynamic),SSQC,PF_finalefinished,MAIN:Quake/pr_cmds.c:6443,,"compare donor core and extension resolution, signature and semantics; name/number alone does not prove equivalence",MOD-001
MAIN,ex_CheckPlayerEXFlags,90,SSQC,PF_CheckPlayerEXFlags,MAIN:Quake/pr_cmds.c:6444,0:PF_sv_CheckPlayerEXFlags/PF_NoCSQC (Quake/pr_ext.c:5770),"compare donor core and extension resolution, signature and semantics; name/number alone does not prove equivalence",MOD-001
MAIN,ex_walkpathtogoal,91,SSQC,PF_walkpathtogoal,MAIN:Quake/pr_cmds.c:6445,0:PF_sv_walkpathtogoal/PF_NoCSQC (Quake/pr_ext.c:5771),"compare donor core and extension resolution, signature and semantics; name/number alone does not prove equivalence",MOD-001
MAIN,ex_localsound,0 (implicit/dynamic),SSQC,PF_localsound,MAIN:Quake/pr_cmds.c:6446,0:PF_sv_localsound/PF_NoCSQC (Quake/pr_ext.c:5772),"compare donor core and extension resolution, signature and semantics; name/number alone does not prove equivalence",MOD-001
MAIN,registercvar,93,BOTH,PF_registercvar,MAIN:Quake/pr_cmds.c:6448,93:PF_registercvar/PF_registercvar (Quake/pr_ext.c:5566),"compare donor core and extension resolution, signature and semantics; name/number alone does not prove equivalence",MOD-001
MAIN,min,94,BOTH,PF_min,MAIN:Quake/pr_cmds.c:6449,94:PF_min/PF_min (Quake/pr_ext.c:5567),"compare donor core and extension resolution, signature and semantics; name/number alone does not prove equivalence",MOD-001
MAIN,max,95,BOTH,PF_max,MAIN:Quake/pr_cmds.c:6450,95:PF_max/PF_max (Quake/pr_ext.c:5568),"compare donor core and extension resolution, signature and semantics; name/number alone does not prove equivalence",MOD-001
MAIN,bound,96,BOTH,PF_bound,MAIN:Quake/pr_cmds.c:6451,96:PF_bound/PF_bound (Quake/pr_ext.c:5569),"compare donor core and extension resolution, signature and semantics; name/number alone does not prove equivalence",MOD-001
MAIN,pow,97,BOTH,PF_pow,MAIN:Quake/pr_cmds.c:6452,97:PF_pow/PF_pow (Quake/pr_ext.c:5570),"compare donor core and extension resolution, signature and semantics; name/number alone does not prove equivalence",MOD-001
MAIN,findfloat,98,BOTH,PF_findfloat,MAIN:Quake/pr_cmds.c:6453,98:PF_findfloat/PF_findfloat (Quake/pr_ext.c:5571),"compare donor core and extension resolution, signature and semantics; name/number alone does not prove equivalence",MOD-001
MAIN,checkextension,99,BOTH,PF_checkextension,MAIN:Quake/pr_cmds.c:6455,99:PF_checkextension/PF_checkextension (Quake/pr_ext.c:5572),"compare donor core and extension resolution, signature and semantics; name/number alone does not prove equivalence",MOD-001
MAIN,builtin_find,100,BOTH,PF_builtin_find,MAIN:Quake/pr_cmds.c:6456,100:PF_builtinsupported/PF_builtinsupported (Quake/pr_ext.c:5574),"compare donor core and extension resolution, signature and semantics; name/number alone does not prove equivalence",MOD-001
MAIN,checkbuiltin,0 (implicit/dynamic),BOTH,PF_checkbuiltin,MAIN:Quake/pr_cmds.c:6457,0:PF_checkbuiltin/PF_checkbuiltin (Quake/pr_ext.c:5573),"compare donor core and extension resolution, signature and semantics; name/number alone does not prove equivalence",MOD-001
MAIN,anglemod,102,BOTH,PF_anglemod,MAIN:Quake/pr_cmds.c:6458,102:PF_anglemod/PF_anglemod (Quake/pr_ext.c:5575),"compare donor core and extension resolution, signature and semantics; name/number alone does not prove equivalence",MOD-001
MAIN,fopen,110,BOTH,PF_fopen,MAIN:Quake/pr_cmds.c:6460,110:PF_fopen/PF_fopen (Quake/pr_ext.c:5576),"compare donor core and extension resolution, signature and semantics; name/number alone does not prove equivalence",MOD-001
MAIN,fclose,111,BOTH,PF_fclose,MAIN:Quake/pr_cmds.c:6461,111:PF_fclose/PF_fclose (Quake/pr_ext.c:5577),"compare donor core and extension resolution, signature and semantics; name/number alone does not prove equivalence",MOD-001
MAIN,fgets,112,BOTH,PF_fgets,MAIN:Quake/pr_cmds.c:6462,112:PF_fgets/PF_fgets (Quake/pr_ext.c:5578),"compare donor core and extension resolution, signature and semantics; name/number alone does not prove equivalence",MOD-001
MAIN,fputs,113,BOTH,PF_fputs,MAIN:Quake/pr_cmds.c:6463,113:PF_fputs/PF_fputs (Quake/pr_ext.c:5579),"compare donor core and extension resolution, signature and semantics; name/number alone does not prove equivalence",MOD-001
MAIN,strlen,114,BOTH,PF_strlen,MAIN:Quake/pr_cmds.c:6465,114:PF_strlen/PF_strlen (Quake/pr_ext.c:5581),"compare donor core and extension resolution, signature and semantics; name/number alone does not prove equivalence",MOD-001
MAIN,strcat,115,BOTH,PF_strcat,MAIN:Quake/pr_cmds.c:6466,115:PF_strcat/PF_strcat (Quake/pr_ext.c:5582),"compare donor core and extension resolution, signature and semantics; name/number alone does not prove equivalence",MOD-001
MAIN,substring,116,BOTH,PF_substring,MAIN:Quake/pr_cmds.c:6467,116:PF_substring/PF_substring (Quake/pr_ext.c:5583),"compare donor core and extension resolution, signature and semantics; name/number alone does not prove equivalence",MOD-001
MAIN,stov,117,BOTH,PF_stov,MAIN:Quake/pr_cmds.c:6468,117:PF_stov/PF_stov (Quake/pr_ext.c:5584),"compare donor core and extension resolution, signature and semantics; name/number alone does not prove equivalence",MOD-001
MAIN,strzone,118,BOTH,PF_strzone,MAIN:Quake/pr_cmds.c:6469,118:PF_strzone/PF_strzone (Quake/pr_ext.c:5585),"compare donor core and extension resolution, signature and semantics; name/number alone does not prove equivalence",MOD-001
MAIN,strunzone,119,BOTH,PF_strunzone,MAIN:Quake/pr_cmds.c:6470,119:PF_strunzone/PF_strunzone (Quake/pr_ext.c:5586),"compare donor core and extension resolution, signature and semantics; name/number alone does not prove equivalence",MOD-001
MAIN,cvar_setf,176,BOTH,PF_cvar_setf,MAIN:Quake/pr_cmds.c:6472,,"compare donor core and extension resolution, signature and semantics; name/number alone does not prove equivalence",MOD-001
MAIN,str2chr,222,BOTH,PF_str2chr,MAIN:Quake/pr_cmds.c:6474,222:PF_str2chr/PF_str2chr (Quake/pr_ext.c:5593),"compare donor core and extension resolution, signature and semantics; name/number alone does not prove equivalence",MOD-001
MAIN,chr2str,223,BOTH,PF_chr2str,MAIN:Quake/pr_cmds.c:6475,223:PF_chr2str/PF_chr2str (Quake/pr_ext.c:5594),"compare donor core and extension resolution, signature and semantics; name/number alone does not prove equivalence",MOD-001
MAIN,strconv,224,BOTH,PF_strconv,MAIN:Quake/pr_cmds.c:6476,224:PF_strconv/PF_strconv (Quake/pr_ext.c:5595),"compare donor core and extension resolution, signature and semantics; name/number alone does not prove equivalence",MOD-001
MAIN,strstrofs,221,BOTH,PF_strstrofs,MAIN:Quake/pr_cmds.c:6477,221:PF_strstrofs/PF_strstrofs (Quake/pr_ext.c:5592),"compare donor core and extension resolution, signature and semantics; name/number alone does not prove equivalence",MOD-001
MAIN,strpad,225,BOTH,PF_strpad,MAIN:Quake/pr_cmds.c:6478,225:PF_strpad/PF_strpad (Quake/pr_ext.c:5596),"compare donor core and extension resolution, signature and semantics; name/number alone does not prove equivalence",MOD-001
MAIN,bitshift,218,BOTH,PF_bitshift,MAIN:Quake/pr_cmds.c:6479,218:PF_bitshift/PF_bitshift (Quake/pr_ext.c:5590),"compare donor core and extension resolution, signature and semantics; name/number alone does not prove equivalence",MOD-001
MAIN,strncmp,228,BOTH,PF_strncmp,MAIN:Quake/pr_cmds.c:6480,228:PF_strncmp/PF_strncmp (Quake/pr_ext.c:5599),"compare donor core and extension resolution, signature and semantics; name/number alone does not prove equivalence",MOD-001
MAIN,strcasecmp,229,BOTH,PF_strncasecmp,MAIN:Quake/pr_cmds.c:6481,229:PF_strncasecmp/PF_strncasecmp (Quake/pr_ext.c:5600),"compare donor core and extension resolution, signature and semantics; name/number alone does not prove equivalence",MOD-001
MAIN,strncasecmp,230,BOTH,PF_strncasecmp,MAIN:Quake/pr_cmds.c:6482,230:PF_strncasecmp/PF_strncasecmp (Quake/pr_ext.c:5601),"compare donor core and extension resolution, signature and semantics; name/number alone does not prove equivalence",MOD-001
MAIN,clientstat,232,SSQC,PF_clientstat,MAIN:Quake/pr_cmds.c:6484,232:PF_clientstat/PF_NoCSQC (Quake/pr_ext.c:5603),"compare donor core and extension resolution, signature and semantics; name/number alone does not prove equivalence",MOD-001
MAIN,globalstat,233,SSQC,PF_globalstat,MAIN:Quake/pr_cmds.c:6485,233:PF_globalstat/PF_NoCSQC (Quake/pr_ext.c:5604),"compare donor core and extension resolution, signature and semantics; name/number alone does not prove equivalence",MOD-001
MAIN,isbackbuffered,234,SSQC,PF_isbackbuffered,MAIN:Quake/pr_cmds.c:6486,234:PF_isbackbuffered/PF_NoCSQC (Quake/pr_ext.c:5606),"compare donor core and extension resolution, signature and semantics; name/number alone does not prove equivalence",MOD-001
MAIN,mod,245,BOTH,PF_mod,MAIN:Quake/pr_cmds.c:6488,245:PF_mod/PF_mod (Quake/pr_ext.c:5609),"compare donor core and extension resolution, signature and semantics; name/number alone does not prove equivalence",MOD-001
MAIN,strconv,249,BOTH,PF_strconv,MAIN:Quake/pr_cmds.c:6489,224:PF_strconv/PF_strconv (Quake/pr_ext.c:5595),"compare donor core and extension resolution, signature and semantics; name/number alone does not prove equivalence",MOD-001
MAIN,stoi,259,BOTH,PF_stoi,MAIN:Quake/pr_cmds.c:6491,259:PF_stoi/PF_stoi (Quake/pr_ext.c:5610),"compare donor core and extension resolution, signature and semantics; name/number alone does not prove equivalence",MOD-001
MAIN,itos,260,BOTH,PF_itos,MAIN:Quake/pr_cmds.c:6492,260:PF_itos/PF_itos (Quake/pr_ext.c:5611),"compare donor core and extension resolution, signature and semantics; name/number alone does not prove equivalence",MOD-001
MAIN,stoh,261,BOTH,PF_stoh,MAIN:Quake/pr_cmds.c:6493,261:PF_stoh/PF_stoh (Quake/pr_ext.c:5612),"compare donor core and extension resolution, signature and semantics; name/number alone does not prove equivalence",MOD-001
MAIN,htos,262,BOTH,PF_htos,MAIN:Quake/pr_cmds.c:6494,262:PF_htos/PF_htos (Quake/pr_ext.c:5613),"compare donor core and extension resolution, signature and semantics; name/number alone does not prove equivalence",MOD-001
MAIN,ftoi,0 (implicit/dynamic),BOTH,PF_ftoi,MAIN:Quake/pr_cmds.c:6496,0:PF_ftoi/PF_ftoi (Quake/pr_ext.c:5614),"compare donor core and extension resolution, signature and semantics; name/number alone does not prove equivalence",MOD-001
MAIN,itof,0 (implicit/dynamic),BOTH,PF_itof,MAIN:Quake/pr_cmds.c:6497,0:PF_itof/PF_itof (Quake/pr_ext.c:5615),"compare donor core and extension resolution, signature and semantics; name/number alone does not prove equivalence",MOD-001
MAIN,dprint,277,CSQC,PF_dprint,MAIN:Quake/pr_cmds.c:6499,,"compare donor core and extension resolution, signature and semantics; name/number alone does not prove equivalence",MOD-001
MAIN,checkcommand,294,BOTH,PF_checkcommand,MAIN:Quake/pr_cmds.c:6501,294:PF_checkcommand/PF_checkcommand (Quake/pr_ext.c:5627),"compare donor core and extension resolution, signature and semantics; name/number alone does not prove equivalence",MOD-001
MAIN,drawline,315,CSQC,PF_cl_drawline,MAIN:Quake/pr_cmds.c:6503,,"compare donor core and extension resolution, signature and semantics; name/number alone does not prove equivalence",MOD-001
MAIN,iscachedpic,316,CSQC,PF_cl_iscachedpic,MAIN:Quake/pr_cmds.c:6504,316:PF_NoSSQC/PF_cl_iscachedpic (Quake/pr_ext.c:5628),"compare donor core and extension resolution, signature and semantics; name/number alone does not prove equivalence",MOD-001
MAIN,precache_pic,317,CSQC,PF_cl_precachepic,MAIN:Quake/pr_cmds.c:6505,317:PF_NoSSQC/PF_cl_precachepic (Quake/pr_ext.c:5629),"compare donor core and extension resolution, signature and semantics; name/number alone does not prove equivalence",MOD-001
MAIN,drawgetimagesize,318,CSQC,PF_cl_getimagesize,MAIN:Quake/pr_cmds.c:6506,318:PF_NoSSQC/PF_cl_getimagesize (Quake/pr_ext.c:5630),"compare donor core and extension resolution, signature and semantics; name/number alone does not prove equivalence",MOD-001
MAIN,draw_getimagesize,318,CSQC,PF_cl_getimagesize,MAIN:Quake/pr_cmds.c:6507,,"compare donor core and extension resolution, signature and semantics; name/number alone does not prove equivalence",MOD-001
MAIN,drawcharacter,320,CSQC,PF_cl_drawcharacter,MAIN:Quake/pr_cmds.c:6508,320:PF_NoSSQC/PF_cl_drawcharacter (Quake/pr_ext.c:5631),"compare donor core and extension resolution, signature and semantics; name/number alone does not prove equivalence",MOD-001
MAIN,drawrawstring,321,CSQC,PF_cl_drawrawstring,MAIN:Quake/pr_cmds.c:6509,321:PF_NoSSQC/PF_cl_drawrawstring (Quake/pr_ext.c:5632),"compare donor core and extension resolution, signature and semantics; name/number alone does not prove equivalence",MOD-001
MAIN,drawpic,322,CSQC,PF_cl_drawpic,MAIN:Quake/pr_cmds.c:6510,322:PF_NoSSQC/PF_cl_drawpic (Quake/pr_ext.c:5633),"compare donor core and extension resolution, signature and semantics; name/number alone does not prove equivalence",MOD-001
MAIN,drawfill,323,CSQC,PF_cl_drawfill,MAIN:Quake/pr_cmds.c:6511,323:PF_NoSSQC/PF_cl_drawfill (Quake/pr_ext.c:5634),"compare donor core and extension resolution, signature and semantics; name/number alone does not prove equivalence",MOD-001
MAIN,drawsetcliparea,324,CSQC,PF_cl_drawsetclip,MAIN:Quake/pr_cmds.c:6512,324:PF_NoSSQC/PF_cl_drawsetclip (Quake/pr_ext.c:5635),"compare donor core and extension resolution, signature and semantics; name/number alone does not prove equivalence",MOD-001
MAIN,drawresetcliparea,325,CSQC,PF_cl_drawresetclip,MAIN:Quake/pr_cmds.c:6513,325:PF_NoSSQC/PF_cl_drawresetclip (Quake/pr_ext.c:5636),"compare donor core and extension resolution, signature and semantics; name/number alone does not prove equivalence",MOD-001
MAIN,drawstring,326,CSQC,PF_cl_drawstring,MAIN:Quake/pr_cmds.c:6514,326:PF_NoSSQC/PF_cl_drawstring (Quake/pr_ext.c:5637),"compare donor core and extension resolution, signature and semantics; name/number alone does not prove equivalence",MOD-001
MAIN,drawcolorcodedstring,326,CSQC,PF_cl_drawstring,MAIN:Quake/pr_cmds.c:6515,,"compare donor core and extension resolution, signature and semantics; name/number alone does not prove equivalence",MOD-001
MAIN,drawcolorcodedstring2,326,CSQC,PF_cl_drawstring,MAIN:Quake/pr_cmds.c:6516,,"compare donor core and extension resolution, signature and semantics; name/number alone does not prove equivalence",MOD-001
MAIN,stringwidth,327,CSQC,PF_cl_stringwidth,MAIN:Quake/pr_cmds.c:6517,327:PF_NoSSQC/PF_cl_stringwidth (Quake/pr_ext.c:5638),"compare donor core and extension resolution, signature and semantics; name/number alone does not prove equivalence",MOD-001
MAIN,drawsubpic,328,CSQC,PF_cl_drawsubpic,MAIN:Quake/pr_cmds.c:6518,328:PF_NoSSQC/PF_cl_drawsubpic (Quake/pr_ext.c:5639),"compare donor core and extension resolution, signature and semantics; name/number alone does not prove equivalence",MOD-001
MAIN,getstati,330,CSQC,PF_cl_getstat_int,MAIN:Quake/pr_cmds.c:6520,330:PF_NoSSQC/PF_cl_getstat_int (Quake/pr_ext.c:5640),"compare donor core and extension resolution, signature and semantics; name/number alone does not prove equivalence",MOD-001
MAIN,getstatf,331,CSQC,PF_cl_getstat_float,MAIN:Quake/pr_cmds.c:6521,331:PF_NoSSQC/PF_cl_getstat_float (Quake/pr_ext.c:5641),"compare donor core and extension resolution, signature and semantics; name/number alone does not prove equivalence",MOD-001
MAIN,getstats,332,CSQC,PF_cl_getstat_string,MAIN:Quake/pr_cmds.c:6522,332:PF_NoSSQC/PF_cl_getstat_string (Quake/pr_ext.c:5642),"compare donor core and extension resolution, signature and semantics; name/number alone does not prove equivalence",MOD-001
MAIN,modelnameforindex,334,BOTH,PF_modelnameforindex,MAIN:Quake/pr_cmds.c:6523,334:PF_modelnameforidx/PF_modelnameforidx (Quake/pr_ext.c:5644),"compare donor core and extension resolution, signature and semantics; name/number alone does not prove equivalence",MOD-001
MAIN,particleeffectnum,335,BOTH,PF_particleeffectnum,MAIN:Quake/pr_cmds.c:6524,335:PF_sv_particleeffectnum/PF_cl_particleeffectnum (Quake/pr_ext.c:5645),"compare donor core and extension resolution, signature and semantics; name/number alone does not prove equivalence",MOD-001
MAIN,trailparticles,336,BOTH,PF_trailparticles,MAIN:Quake/pr_cmds.c:6525,336:PF_sv_trailparticles/PF_cl_trailparticles (Quake/pr_ext.c:5646),"compare donor core and extension resolution, signature and semantics; name/number alone does not prove equivalence",MOD-001
MAIN,pointparticles,337,BOTH,PF_pointparticles,MAIN:Quake/pr_cmds.c:6526,337:PF_sv_pointparticles/PF_cl_pointparticles (Quake/pr_ext.c:5647),"compare donor core and extension resolution, signature and semantics; name/number alone does not prove equivalence",MOD-001
MAIN,cprint,338,CSQC,PF_cl_cprint,MAIN:Quake/pr_cmds.c:6527,,"compare donor core and extension resolution, signature and semantics; name/number alone does not prove equivalence",MOD-001
MAIN,print,339,CSQC,PF_cl_print,MAIN:Quake/pr_cmds.c:6528,339:PF_print/PF_print (Quake/pr_ext.c:5648),"compare donor core and extension resolution, signature and semantics; name/number alone does not prove equivalence",MOD-001
MAIN,setcursormode,343,CSQC,PF_cl_setcursormode,MAIN:Quake/pr_cmds.c:6530,,"compare donor core and extension resolution, signature and semantics; name/number alone does not prove equivalence",MOD-001
MAIN,runstandardplayerphysics,347,SSQC,PF_sv_pmove,MAIN:Quake/pr_cmds.c:6531,,"compare donor core and extension resolution, signature and semantics; name/number alone does not prove equivalence",MOD-001
MAIN,getplayerkeyvalue,348,CSQC,PF_cl_playerkey_s,MAIN:Quake/pr_cmds.c:6532,348:PF_NoSSQC/PF_cl_playerkey_s (Quake/pr_ext.c:5649),"compare donor core and extension resolution, signature and semantics; name/number alone does not prove equivalence",MOD-001
MAIN,getplayerkeyfloat,0 (implicit/dynamic),CSQC,PF_cl_playerkey_f,MAIN:Quake/pr_cmds.c:6533,0:PF_NoSSQC/PF_cl_playerkey_f (Quake/pr_ext.c:5650),"compare donor core and extension resolution, signature and semantics; name/number alone does not prove equivalence",MOD-001
MAIN,registercommand,352,CSQC,PF_cl_registercommand,MAIN:Quake/pr_cmds.c:6535,352:PF_NoSSQC/PF_cl_registercommand (Quake/pr_ext.c:5651),"compare donor core and extension resolution, signature and semantics; name/number alone does not prove equivalence",MOD-001
MAIN,wasfreed,353,BOTH,PF_wasfreed,MAIN:Quake/pr_cmds.c:6536,353:PF_WasFreed/PF_WasFreed (Quake/pr_ext.c:5652),"compare donor core and extension resolution, signature and semantics; name/number alone does not prove equivalence",MOD-001
MAIN,serverkey,354,BOTH,PF_serverkey_s,MAIN:Quake/pr_cmds.c:6537,354:PF_sv_serverkey_s/PF_cl_serverkey_s (Quake/pr_ext.c:5653),"compare donor core and extension resolution, signature and semantics; name/number alone does not prove equivalence",MOD-001
MAIN,serverkeyfloat,0 (implicit/dynamic),BOTH,PF_serverkey_f,MAIN:Quake/pr_cmds.c:6538,0:PF_sv_serverkey_f/PF_cl_serverkey_f (Quake/pr_ext.c:5654),"compare donor core and extension resolution, signature and semantics; name/number alone does not prove equivalence",MOD-001
MAIN,loadfont,357,CSQC,PF_cl_loadfont,MAIN:Quake/pr_cmds.c:6539,,"compare donor core and extension resolution, signature and semantics; name/number alone does not prove equivalence",MOD-001
MAIN,sendevent,359,CSQC,PF_cl_sendevent,MAIN:Quake/pr_cmds.c:6540,,"compare donor core and extension resolution, signature and semantics; name/number alone does not prove equivalence",MOD-001
MAIN,readbyte,360,CSQC,PF_cl_readbyte,MAIN:Quake/pr_cmds.c:6541,360:PF_NoSSQC/PF_cl_readbyte (Quake/pr_ext.c:5655),"compare donor core and extension resolution, signature and semantics; name/number alone does not prove equivalence",MOD-001
MAIN,readchar,361,CSQC,PF_cl_readchar,MAIN:Quake/pr_cmds.c:6542,361:PF_NoSSQC/PF_cl_readchar (Quake/pr_ext.c:5656),"compare donor core and extension resolution, signature and semantics; name/number alone does not prove equivalence",MOD-001
MAIN,readshort,362,CSQC,PF_cl_readshort,MAIN:Quake/pr_cmds.c:6543,362:PF_NoSSQC/PF_cl_readshort (Quake/pr_ext.c:5657),"compare donor core and extension resolution, signature and semantics; name/number alone does not prove equivalence",MOD-001
MAIN,readlong,363,CSQC,PF_cl_readlong,MAIN:Quake/pr_cmds.c:6544,363:PF_NoSSQC/PF_cl_readlong (Quake/pr_ext.c:5658),"compare donor core and extension resolution, signature and semantics; name/number alone does not prove equivalence",MOD-001
MAIN,readcoord,364,CSQC,PF_cl_readcoord,MAIN:Quake/pr_cmds.c:6545,364:PF_NoSSQC/PF_cl_readcoord (Quake/pr_ext.c:5659),"compare donor core and extension resolution, signature and semantics; name/number alone does not prove equivalence",MOD-001
MAIN,readangle,365,CSQC,PF_cl_readangle,MAIN:Quake/pr_cmds.c:6546,365:PF_NoSSQC/PF_cl_readangle (Quake/pr_ext.c:5660),"compare donor core and extension resolution, signature and semantics; name/number alone does not prove equivalence",MOD-001
MAIN,readstring,366,CSQC,PF_cl_readstring,MAIN:Quake/pr_cmds.c:6547,366:PF_NoSSQC/PF_cl_readstring (Quake/pr_ext.c:5661),"compare donor core and extension resolution, signature and semantics; name/number alone does not prove equivalence",MOD-001
MAIN,readfloat,367,CSQC,PF_cl_readfloat,MAIN:Quake/pr_cmds.c:6548,367:PF_NoSSQC/PF_cl_readfloat (Quake/pr_ext.c:5662),"compare donor core and extension resolution, signature and semantics; name/number alone does not prove equivalence",MOD-001
MAIN,readentitynum,368,CSQC,PF_cl_readentitynum,MAIN:Quake/pr_cmds.c:6549,368:PF_NoSSQC/PF_cl_readentitynum (Quake/pr_ext.c:5668),"compare donor core and extension resolution, signature and semantics; name/number alone does not prove equivalence",MOD-001
MAIN,copyentity,400,BOTH,PF_copyentity,MAIN:Quake/pr_cmds.c:6550,400:PF_copyentity/PF_copyentity (Quake/pr_ext.c:5669),"compare donor core and extension resolution, signature and semantics; name/number alone does not prove equivalence",MOD-001
MAIN,setcolors,401,SSQC,PF_setcolors,MAIN:Quake/pr_cmds.c:6551,,"compare donor core and extension resolution, signature and semantics; name/number alone does not prove equivalence",MOD-001
MAIN,findchain,402,BOTH,PF_findchain,MAIN:Quake/pr_cmds.c:6552,402:PF_findchain/PF_findchain (Quake/pr_ext.c:5670),"compare donor core and extension resolution, signature and semantics; name/number alone does not prove equivalence",MOD-001
MAIN,findchainfloat,403,BOTH,PF_findchainfloat,MAIN:Quake/pr_cmds.c:6553,403:PF_findchainfloat/PF_findchainfloat (Quake/pr_ext.c:5671),"compare donor core and extension resolution, signature and semantics; name/number alone does not prove equivalence",MOD-001
MAIN,te_particlerain,409,BOTH,PF_te_particlerain,MAIN:Quake/pr_cmds.c:6554,409:PF_sv_te_particlerain/NULL (Quake/pr_ext.c:5673),"compare donor core and extension resolution, signature and semantics; name/number alone does not prove equivalence",MOD-001
MAIN,te_particlesnow,410,BOTH,PF_te_particlesnow,MAIN:Quake/pr_cmds.c:6555,410:PF_sv_te_particlesnow/NULL (Quake/pr_ext.c:5674),"compare donor core and extension resolution, signature and semantics; name/number alone does not prove equivalence",MOD-001
MAIN,ex_CheckPlayerEXFlags,430,SSQC,PF_CheckPlayerEXFlags,MAIN:Quake/pr_cmds.c:6557,0:PF_sv_CheckPlayerEXFlags/PF_NoCSQC (Quake/pr_ext.c:5770),"compare donor core and extension resolution, signature and semantics; name/number alone does not prove equivalence",MOD-001
MAIN,vectorvectors,432,BOTH,PF_vectorvectors,MAIN:Quake/pr_cmds.c:6558,432:PF_vectorvectors/PF_vectorvectors (Quake/pr_ext.c:5689),"compare donor core and extension resolution, signature and semantics; name/number alone does not prove equivalence",MOD-001
MAIN,getsurfacenumpoints,434,BOTH,PF_getsurfacenumpoints,MAIN:Quake/pr_cmds.c:6559,434:PF_getsurfacenumpoints/PF_getsurfacenumpoints (Quake/pr_ext.c:5690),"compare donor core and extension resolution, signature and semantics; name/number alone does not prove equivalence",MOD-001
MAIN,getsurfacepoint,435,BOTH,PF_getsurfacepoint,MAIN:Quake/pr_cmds.c:6560,435:PF_getsurfacepoint/PF_getsurfacepoint (Quake/pr_ext.c:5691),"compare donor core and extension resolution, signature and semantics; name/number alone does not prove equivalence",MOD-001
MAIN,getsurfacenormal,436,BOTH,PF_getsurfacenormal,MAIN:Quake/pr_cmds.c:6561,436:PF_getsurfacenormal/PF_getsurfacenormal (Quake/pr_ext.c:5692),"compare donor core and extension resolution, signature and semantics; name/number alone does not prove equivalence",MOD-001
MAIN,getsurfacetexture,437,BOTH,PF_getsurfacetexture,MAIN:Quake/pr_cmds.c:6562,437:PF_getsurfacetexture/PF_getsurfacetexture (Quake/pr_ext.c:5693),"compare donor core and extension resolution, signature and semantics; name/number alone does not prove equivalence",MOD-001
MAIN,getsurfacenearpoint,438,BOTH,PF_getsurfacenearpoint,MAIN:Quake/pr_cmds.c:6563,438:PF_getsurfacenearpoint/PF_getsurfacenearpoint (Quake/pr_ext.c:5694),"compare donor core and extension resolution, signature and semantics; name/number alone does not prove equivalence",MOD-001
MAIN,getsurfaceclippedpoint,439,BOTH,PF_getsurfaceclippedpoint,MAIN:Quake/pr_cmds.c:6564,439:PF_getsurfaceclippedpoint/PF_getsurfaceclippedpoint (Quake/pr_ext.c:5695),"compare donor core and extension resolution, signature and semantics; name/number alone does not prove equivalence",MOD-001
MAIN,clientcommand,440,SSQC,PF_clientcommand,MAIN:Quake/pr_cmds.c:6566,440:PF_clientcommand/PF_NoCSQC (Quake/pr_ext.c:5696),"compare donor core and extension resolution, signature and semantics; name/number alone does not prove equivalence",MOD-001
MAIN,tokenize,441,BOTH,PF_Tokenize,MAIN:Quake/pr_cmds.c:6567,441:PF_Tokenize/PF_Tokenize (Quake/pr_ext.c:5697),"compare donor core and extension resolution, signature and semantics; name/number alone does not prove equivalence",MOD-001
MAIN,argv,442,BOTH,PF_ArgV,MAIN:Quake/pr_cmds.c:6568,442:PF_ArgV/PF_ArgV (Quake/pr_ext.c:5698),"compare donor core and extension resolution, signature and semantics; name/number alone does not prove equivalence",MOD-001
MAIN,argc,0 (implicit/dynamic),BOTH,PF_ArgC,MAIN:Quake/pr_cmds.c:6569,0:PF_ArgC/PF_ArgC (Quake/pr_ext.c:5699),"compare donor core and extension resolution, signature and semantics; name/number alone does not prove equivalence",MOD-001
MAIN,search_begin,444,BOTH,PF_search_begin,MAIN:Quake/pr_cmds.c:6570,,"compare donor core and extension resolution, signature and semantics; name/number alone does not prove equivalence",MOD-001
MAIN,search_end,445,BOTH,PF_search_end,MAIN:Quake/pr_cmds.c:6571,,"compare donor core and extension resolution, signature and semantics; name/number alone does not prove equivalence",MOD-001
MAIN,search_getsize,446,BOTH,PF_search_getsize,MAIN:Quake/pr_cmds.c:6572,,"compare donor core and extension resolution, signature and semantics; name/number alone does not prove equivalence",MOD-001
MAIN,search_getfilename,447,BOTH,PF_search_getfilename,MAIN:Quake/pr_cmds.c:6573,,"compare donor core and extension resolution, signature and semantics; name/number alone does not prove equivalence",MOD-001
MAIN,cvar_string,448,BOTH,PF_cvar_string,MAIN:Quake/pr_cmds.c:6574,448:PF_cvar_string/PF_cvar_string (Quake/pr_ext.c:5701),"compare donor core and extension resolution, signature and semantics; name/number alone does not prove equivalence",MOD-001
MAIN,findflags,449,BOTH,PF_findflags,MAIN:Quake/pr_cmds.c:6575,449:PF_findflags/PF_findflags (Quake/pr_ext.c:5702),"compare donor core and extension resolution, signature and semantics; name/number alone does not prove equivalence",MOD-001
MAIN,findchainflags,450,BOTH,PF_findchainflags,MAIN:Quake/pr_cmds.c:6576,450:PF_findchainflags/PF_findchainflags (Quake/pr_ext.c:5703),"compare donor core and extension resolution, signature and semantics; name/number alone does not prove equivalence",MOD-001
MAIN,edict_num,459,BOTH,PF_edict_for_num,MAIN:Quake/pr_cmds.c:6577,459:PF_edict_for_num/PF_edict_for_num (Quake/pr_ext.c:5708),"compare donor core and extension resolution, signature and semantics; name/number alone does not prove equivalence",MOD-001
MAIN,buf_create,460,BOTH,PF_buf_create,MAIN:Quake/pr_cmds.c:6578,460:PF_buf_create/PF_buf_create (Quake/pr_ext.c:5709),"compare donor core and extension resolution, signature and semantics; name/number alone does not prove equivalence",MOD-001
MAIN,buf_del,461,BOTH,PF_buf_del,MAIN:Quake/pr_cmds.c:6579,461:PF_buf_del/PF_buf_del (Quake/pr_ext.c:5710),"compare donor core and extension resolution, signature and semantics; name/number alone does not prove equivalence",MOD-001
MAIN,buf_getsize,462,BOTH,PF_buf_getsize,MAIN:Quake/pr_cmds.c:6580,462:PF_buf_getsize/PF_buf_getsize (Quake/pr_ext.c:5711),"compare donor core and extension resolution, signature and semantics; name/number alone does not prove equivalence",MOD-001
MAIN,buf_copy,463,BOTH,PF_buf_copy,MAIN:Quake/pr_cmds.c:6581,463:PF_buf_copy/PF_buf_copy (Quake/pr_ext.c:5712),"compare donor core and extension resolution, signature and semantics; name/number alone does not prove equivalence",MOD-001
MAIN,buf_sort,464,BOTH,PF_buf_sort,MAIN:Quake/pr_cmds.c:6582,464:PF_buf_sort/PF_buf_sort (Quake/pr_ext.c:5713),"compare donor core and extension resolution, signature and semantics; name/number alone does not prove equivalence",MOD-001
MAIN,buf_implode,465,BOTH,PF_buf_implode,MAIN:Quake/pr_cmds.c:6583,465:PF_buf_implode/PF_buf_implode (Quake/pr_ext.c:5714),"compare donor core and extension resolution, signature and semantics; name/number alone does not prove equivalence",MOD-001
MAIN,bufstr_get,466,BOTH,PF_bufstr_get,MAIN:Quake/pr_cmds.c:6584,466:PF_bufstr_get/PF_bufstr_get (Quake/pr_ext.c:5715),"compare donor core and extension resolution, signature and semantics; name/number alone does not prove equivalence",MOD-001
MAIN,bufstr_set,467,BOTH,PF_bufstr_set,MAIN:Quake/pr_cmds.c:6585,467:PF_bufstr_set/PF_bufstr_set (Quake/pr_ext.c:5716),"compare donor core and extension resolution, signature and semantics; name/number alone does not prove equivalence",MOD-001
MAIN,bufstr_add,468,BOTH,PF_bufstr_add,MAIN:Quake/pr_cmds.c:6586,468:PF_bufstr_add/PF_bufstr_add (Quake/pr_ext.c:5717),"compare donor core and extension resolution, signature and semantics; name/number alone does not prove equivalence",MOD-001
MAIN,bufstr_free,469,BOTH,PF_bufstr_free,MAIN:Quake/pr_cmds.c:6587,469:PF_bufstr_free/PF_bufstr_free (Quake/pr_ext.c:5718),"compare donor core and extension resolution, signature and semantics; name/number alone does not prove equivalence",MOD-001
MAIN,asin,471,BOTH,PF_asin,MAIN:Quake/pr_cmds.c:6589,471:PF_asin/PF_asin (Quake/pr_ext.c:5719),"compare donor core and extension resolution, signature and semantics; name/number alone does not prove equivalence",MOD-001
MAIN,acos,472,BOTH,PF_acos,MAIN:Quake/pr_cmds.c:6590,472:PF_acos/PF_acos (Quake/pr_ext.c:5720),"compare donor core and extension resolution, signature and semantics; name/number alone does not prove equivalence",MOD-001
MAIN,atan,473,BOTH,PF_atan,MAIN:Quake/pr_cmds.c:6591,473:PF_atan/PF_atan (Quake/pr_ext.c:5721),"compare donor core and extension resolution, signature and semantics; name/number alone does not prove equivalence",MOD-001
MAIN,atan2,474,BOTH,PF_atan2,MAIN:Quake/pr_cmds.c:6592,474:PF_atan2/PF_atan2 (Quake/pr_ext.c:5722),"compare donor core and extension resolution, signature and semantics; name/number alone does not prove equivalence",MOD-001
MAIN,tan,475,BOTH,PF_tan,MAIN:Quake/pr_cmds.c:6593,475:PF_tan/PF_tan (Quake/pr_ext.c:5723),"compare donor core and extension resolution, signature and semantics; name/number alone does not prove equivalence",MOD-001
MAIN,strlennocol,476,BOTH,PF_strlennocol,MAIN:Quake/pr_cmds.c:6594,476:PF_strlennocol/PF_strlennocol (Quake/pr_ext.c:5724),"compare donor core and extension resolution, signature and semantics; name/number alone does not prove equivalence",MOD-001
MAIN,strdecolorize,477,BOTH,PF_strdecolorize,MAIN:Quake/pr_cmds.c:6595,477:PF_strdecolorize/PF_strdecolorize (Quake/pr_ext.c:5725),"compare donor core and extension resolution, signature and semantics; name/number alone does not prove equivalence",MOD-001
MAIN,strftime,478,BOTH,PF_strftime,MAIN:Quake/pr_cmds.c:6596,478:PF_strftime/PF_strftime (Quake/pr_ext.c:5726),"compare donor core and extension resolution, signature and semantics; name/number alone does not prove equivalence",MOD-001
MAIN,tokenizebyseparator,479,BOTH,PF_tokenizebyseparator,MAIN:Quake/pr_cmds.c:6597,479:PF_tokenizebyseparator/PF_tokenizebyseparator (Quake/pr_ext.c:5727),"compare donor core and extension resolution, signature and semantics; name/number alone does not prove equivalence",MOD-001
MAIN,strtolower,480,BOTH,PF_strtolower,MAIN:Quake/pr_cmds.c:6598,480:PF_strtolower/PF_strtolower (Quake/pr_ext.c:5728),"compare donor core and extension resolution, signature and semantics; name/number alone does not prove equivalence",MOD-001
MAIN,strtoupper,481,BOTH,PF_strtoupper,MAIN:Quake/pr_cmds.c:6599,481:PF_strtoupper/PF_strtoupper (Quake/pr_ext.c:5729),"compare donor core and extension resolution, signature and semantics; name/number alone does not prove equivalence",MOD-001
MAIN,cvar_defstring,482,BOTH,PF_cvar_defstring,MAIN:Quake/pr_cmds.c:6600,482:PF_cvar_defstring/PF_cvar_defstring (Quake/pr_ext.c:5730),"compare donor core and extension resolution, signature and semantics; name/number alone does not prove equivalence",MOD-001
MAIN,strreplace,484,BOTH,PF_strreplace,MAIN:Quake/pr_cmds.c:6601,484:PF_strreplace/PF_strreplace (Quake/pr_ext.c:5732),"compare donor core and extension resolution, signature and semantics; name/number alone does not prove equivalence",MOD-001
MAIN,strireplace,485,BOTH,PF_strireplace,MAIN:Quake/pr_cmds.c:6602,485:PF_strireplace/PF_strireplace (Quake/pr_ext.c:5733),"compare donor core and extension resolution, signature and semantics; name/number alone does not prove equivalence",MOD-001
MAIN,getsurfacepointattribute,486,BOTH,PF_getsurfacepointattribute,MAIN:Quake/pr_cmds.c:6603,486:PF_getsurfacepointattribute/PF_getsurfacepointattribute (Quake/pr_ext.c:5734),"compare donor core and extension resolution, signature and semantics; name/number alone does not prove equivalence",MOD-001
MAIN,crc16,494,BOTH,PF_crc16,MAIN:Quake/pr_cmds.c:6604,494:PF_crc16/PF_crc16 (Quake/pr_ext.c:5735),"compare donor core and extension resolution, signature and semantics; name/number alone does not prove equivalence",MOD-001
MAIN,cvar_type,495,BOTH,PF_cvar_type,MAIN:Quake/pr_cmds.c:6605,495:PF_cvar_type/PF_cvar_type (Quake/pr_ext.c:5736),"compare donor core and extension resolution, signature and semantics; name/number alone does not prove equivalence",MOD-001
MAIN,numentityfields,496,BOTH,PF_numentityfields,MAIN:Quake/pr_cmds.c:6606,496:PF_numentityfields/PF_numentityfields (Quake/pr_ext.c:5737),"compare donor core and extension resolution, signature and semantics; name/number alone does not prove equivalence",MOD-001
MAIN,findentityfield,0 (implicit/dynamic),BOTH,PF_findentityfield,MAIN:Quake/pr_cmds.c:6607,0:PF_findentityfield/PF_findentityfield (Quake/pr_ext.c:5738),"compare donor core and extension resolution, signature and semantics; name/number alone does not prove equivalence",MOD-001
MAIN,entityfieldref,0 (implicit/dynamic),BOTH,PF_entityfieldref,MAIN:Quake/pr_cmds.c:6608,0:PF_entityfieldref/PF_entityfieldref (Quake/pr_ext.c:5739),"compare donor core and extension resolution, signature and semantics; name/number alone does not prove equivalence",MOD-001
MAIN,entityfieldname,497,BOTH,PF_entityfieldname,MAIN:Quake/pr_cmds.c:6609,497:PF_entityfieldname/PF_entityfieldname (Quake/pr_ext.c:5740),"compare donor core and extension resolution, signature and semantics; name/number alone does not prove equivalence",MOD-001
MAIN,entityfieldtype,498,BOTH,PF_entityfieldtype,MAIN:Quake/pr_cmds.c:6610,498:PF_entityfieldtype/PF_entityfieldtype (Quake/pr_ext.c:5741),"compare donor core and extension resolution, signature and semantics; name/number alone does not prove equivalence",MOD-001
MAIN,getentityfieldstring,499,BOTH,PF_getentityfieldstring,MAIN:Quake/pr_cmds.c:6611,499:PF_getentfldstr/PF_getentfldstr (Quake/pr_ext.c:5742),"compare donor core and extension resolution, signature and semantics; name/number alone does not prove equivalence",MOD-001
MAIN,putentityfieldstring,500,BOTH,PF_putentityfieldstring,MAIN:Quake/pr_cmds.c:6612,500:PF_putentfldstr/PF_putentfldstr (Quake/pr_ext.c:5743),"compare donor core and extension resolution, signature and semantics; name/number alone does not prove equivalence",MOD-001
MAIN,whichpack,503,BOTH,PF_whichpack,MAIN:Quake/pr_cmds.c:6613,503:PF_whichpack/PF_whichpack (Quake/pr_ext.c:5744),"compare donor core and extension resolution, signature and semantics; name/number alone does not prove equivalence",MOD-001
MAIN,uri_escape,510,BOTH,PF_uri_escape,MAIN:Quake/pr_cmds.c:6614,510:PF_uri_escape/PF_uri_escape (Quake/pr_ext.c:5746),"compare donor core and extension resolution, signature and semantics; name/number alone does not prove equivalence",MOD-001
MAIN,uri_unescape,511,BOTH,PF_uri_unescape,MAIN:Quake/pr_cmds.c:6615,511:PF_uri_unescape/PF_uri_unescape (Quake/pr_ext.c:5747),"compare donor core and extension resolution, signature and semantics; name/number alone does not prove equivalence",MOD-001
MAIN,num_for_edict,512,BOTH,PF_num_for_edict,MAIN:Quake/pr_cmds.c:6616,512:PF_num_for_edict/PF_num_for_edict (Quake/pr_ext.c:5748),"compare donor core and extension resolution, signature and semantics; name/number alone does not prove equivalence",MOD-001
MAIN,tokenize_console,514,BOTH,PF_tokenize_console,MAIN:Quake/pr_cmds.c:6618,514:PF_tokenize_console/PF_tokenize_console (Quake/pr_ext.c:5750),"compare donor core and extension resolution, signature and semantics; name/number alone does not prove equivalence",MOD-001
MAIN,argv_start_index,515,BOTH,PF_argv_start_index,MAIN:Quake/pr_cmds.c:6619,515:PF_argv_start_index/PF_argv_start_index (Quake/pr_ext.c:5751),"compare donor core and extension resolution, signature and semantics; name/number alone does not prove equivalence",MOD-001
MAIN,argv_end_index,516,BOTH,PF_argv_end_index,MAIN:Quake/pr_cmds.c:6620,516:PF_argv_end_index/PF_argv_end_index (Quake/pr_ext.c:5752),"compare donor core and extension resolution, signature and semantics; name/number alone does not prove equivalence",MOD-001
MAIN,buf_cvarlist,517,BOTH,PF_buf_cvarlist,MAIN:Quake/pr_cmds.c:6621,517:PF_buf_cvarlist/PF_buf_cvarlist (Quake/pr_ext.c:5753),"compare donor core and extension resolution, signature and semantics; name/number alone does not prove equivalence",MOD-001
MAIN,cvar_description,518,BOTH,PF_cvar_description,MAIN:Quake/pr_cmds.c:6622,518:PF_cvar_description/PF_cvar_description (Quake/pr_ext.c:5754),"compare donor core and extension resolution, signature and semantics; name/number alone does not prove equivalence",MOD-001
MAIN,gettime,519,BOTH,PF_gettime,MAIN:Quake/pr_cmds.c:6623,519:PF_gettime/PF_gettime (Quake/pr_ext.c:5755),"compare donor core and extension resolution, signature and semantics; name/number alone does not prove equivalence",MOD-001
MAIN,log,532,BOTH,PF_Logarithm,MAIN:Quake/pr_cmds.c:6624,532:PF_Logarithm/PF_Logarithm (Quake/pr_ext.c:5756),"compare donor core and extension resolution, signature and semantics; name/number alone does not prove equivalence",MOD-001
MAIN,buf_loadfile,535,BOTH,PF_buf_loadfile,MAIN:Quake/pr_cmds.c:6625,,"compare donor core and extension resolution, signature and semantics; name/number alone does not prove equivalence",MOD-001
MAIN,buf_writefile,536,BOTH,PF_buf_writefile,MAIN:Quake/pr_cmds.c:6626,,"compare donor core and extension resolution, signature and semantics; name/number alone does not prove equivalence",MOD-001
MAIN,callfunction,605,BOTH,PF_callfunction,MAIN:Quake/pr_cmds.c:6627,605:PF_callfunction/PF_callfunction (Quake/pr_ext.c:5758),"compare donor core and extension resolution, signature and semantics; name/number alone does not prove equivalence",MOD-001
MAIN,isfunction,607,BOTH,PF_isfunction,MAIN:Quake/pr_cmds.c:6628,607:PF_isfunction/PF_isfunction (Quake/pr_ext.c:5759),"compare donor core and extension resolution, signature and semantics; name/number alone does not prove equivalence",MOD-001
MAIN,getresolution,608,CSQC,PF_cl_getresolution,MAIN:Quake/pr_cmds.c:6629,,"compare donor core and extension resolution, signature and semantics; name/number alone does not prove equivalence",MOD-001
MAIN,parseentitydata,613,BOTH,PF_parseentitydata,MAIN:Quake/pr_cmds.c:6630,613:PF_parseentitydata/PF_parseentitydata (Quake/pr_ext.c:5760),"compare donor core and extension resolution, signature and semantics; name/number alone does not prove equivalence",MOD-001
MAIN,sprintf,627,BOTH,PF_sprintf,MAIN:Quake/pr_cmds.c:6632,627:PF_sprintf/PF_sprintf (Quake/pr_ext.c:5761),"compare donor core and extension resolution, signature and semantics; name/number alone does not prove equivalence",MOD-001
MAIN,getsurfacenumtriangles,628,BOTH,PF_getsurfacenumtriangles,MAIN:Quake/pr_cmds.c:6633,628:PF_getsurfacenumtriangles/PF_getsurfacenumtriangles (Quake/pr_ext.c:5762),"compare donor core and extension resolution, signature and semantics; name/number alone does not prove equivalence",MOD-001
MAIN,getsurfacetriangle,629,BOTH,PF_getsurfacetriangle,MAIN:Quake/pr_cmds.c:6634,629:PF_getsurfacetriangle/PF_getsurfacetriangle (Quake/pr_ext.c:5763),"compare donor core and extension resolution, signature and semantics; name/number alone does not prove equivalence",MOD-001
XR,makevectors,1,SSQC,PF_makevectors,XR:Quake/pr_cmds.c:6346,,"compare donor core and extension resolution, signature and semantics; name/number alone does not prove equivalence",MOD-001
XR,setorigin,2,SSQC,PF_setorigin,XR:Quake/pr_cmds.c:6347,,"compare donor core and extension resolution, signature and semantics; name/number alone does not prove equivalence",MOD-001
XR,setmodel,3,SSQC,PF_setmodel,XR:Quake/pr_cmds.c:6348,,"compare donor core and extension resolution, signature and semantics; name/number alone does not prove equivalence",MOD-001
XR,setsize,4,SSQC,PF_setsize,XR:Quake/pr_cmds.c:6349,,"compare donor core and extension resolution, signature and semantics; name/number alone does not prove equivalence",MOD-001
XR,break,6,BOTH,PF_break,XR:Quake/pr_cmds.c:6350,,"compare donor core and extension resolution, signature and semantics; name/number alone does not prove equivalence",MOD-001
XR,random,7,BOTH,PF_random,XR:Quake/pr_cmds.c:6351,,"compare donor core and extension resolution, signature and semantics; name/number alone does not prove equivalence",MOD-001
XR,sound,8,SSQC,PF_sound,XR:Quake/pr_cmds.c:6352,,"compare donor core and extension resolution, signature and semantics; name/number alone does not prove equivalence",MOD-001
XR,normalize,9,BOTH,PF_normalize,XR:Quake/pr_cmds.c:6353,,"compare donor core and extension resolution, signature and semantics; name/number alone does not prove equivalence",MOD-001
XR,error,10,SSQC,PF_error,XR:Quake/pr_cmds.c:6354,,"compare donor core and extension resolution, signature and semantics; name/number alone does not prove equivalence",MOD-001
XR,objerror,11,SSQC,PF_objerror,XR:Quake/pr_cmds.c:6355,,"compare donor core and extension resolution, signature and semantics; name/number alone does not prove equivalence",MOD-001
XR,vlen,12,BOTH,PF_vlen,XR:Quake/pr_cmds.c:6356,,"compare donor core and extension resolution, signature and semantics; name/number alone does not prove equivalence",MOD-001
XR,vectoyaw,13,BOTH,PF_vectoyaw,XR:Quake/pr_cmds.c:6357,,"compare donor core and extension resolution, signature and semantics; name/number alone does not prove equivalence",MOD-001
XR,spawn,14,SSQC,PF_Spawn,XR:Quake/pr_cmds.c:6358,,"compare donor core and extension resolution, signature and semantics; name/number alone does not prove equivalence",MOD-001
XR,remove,15,SSQC,PF_Remove,XR:Quake/pr_cmds.c:6359,,"compare donor core and extension resolution, signature and semantics; name/number alone does not prove equivalence",MOD-001
XR,traceline,16,SSQC,PF_traceline,XR:Quake/pr_cmds.c:6360,,"compare donor core and extension resolution, signature and semantics; name/number alone does not prove equivalence",MOD-001
XR,checkclient,17,SSQC,PF_checkclient,XR:Quake/pr_cmds.c:6361,,"compare donor core and extension resolution, signature and semantics; name/number alone does not prove equivalence",MOD-001
XR,find,18,SSQC,PF_Find,XR:Quake/pr_cmds.c:6362,,"compare donor core and extension resolution, signature and semantics; name/number alone does not prove equivalence",MOD-001
XR,precache_sound,19,SSQC,PF_precache_sound,XR:Quake/pr_cmds.c:6363,,"compare donor core and extension resolution, signature and semantics; name/number alone does not prove equivalence",MOD-001
XR,precache_model,20,SSQC,PF_precache_model,XR:Quake/pr_cmds.c:6364,,"compare donor core and extension resolution, signature and semantics; name/number alone does not prove equivalence",MOD-001
XR,stuffcmd,21,SSQC,PF_stuffcmd,XR:Quake/pr_cmds.c:6365,,"compare donor core and extension resolution, signature and semantics; name/number alone does not prove equivalence",MOD-001
XR,findradius,22,SSQC,PF_findradius,XR:Quake/pr_cmds.c:6366,,"compare donor core and extension resolution, signature and semantics; name/number alone does not prove equivalence",MOD-001
XR,bprint,23,SSQC,PF_bprint,XR:Quake/pr_cmds.c:6367,,"compare donor core and extension resolution, signature and semantics; name/number alone does not prove equivalence",MOD-001
XR,sprint,24,SSQC,PF_sprint,XR:Quake/pr_cmds.c:6368,,"compare donor core and extension resolution, signature and semantics; name/number alone does not prove equivalence",MOD-001
XR,dprint,25,BOTH,PF_dprint,XR:Quake/pr_cmds.c:6369,,"compare donor core and extension resolution, signature and semantics; name/number alone does not prove equivalence",MOD-001
XR,ftos,26,BOTH,PF_ftos,XR:Quake/pr_cmds.c:6370,,"compare donor core and extension resolution, signature and semantics; name/number alone does not prove equivalence",MOD-001
XR,vtos,27,BOTH,PF_vtos,XR:Quake/pr_cmds.c:6371,,"compare donor core and extension resolution, signature and semantics; name/number alone does not prove equivalence",MOD-001
XR,coredump,28,SSQC,PF_coredump,XR:Quake/pr_cmds.c:6372,,"compare donor core and extension resolution, signature and semantics; name/number alone does not prove equivalence",MOD-001
XR,traceon,29,BOTH,PF_traceon,XR:Quake/pr_cmds.c:6373,,"compare donor core and extension resolution, signature and semantics; name/number alone does not prove equivalence",MOD-001
XR,traceoff,30,BOTH,PF_traceoff,XR:Quake/pr_cmds.c:6374,,"compare donor core and extension resolution, signature and semantics; name/number alone does not prove equivalence",MOD-001
XR,eprint,31,SSQC,PF_eprint,XR:Quake/pr_cmds.c:6375,,"compare donor core and extension resolution, signature and semantics; name/number alone does not prove equivalence",MOD-001
XR,walkmove,32,SSQC,PF_walkmove,XR:Quake/pr_cmds.c:6376,,"compare donor core and extension resolution, signature and semantics; name/number alone does not prove equivalence",MOD-001
XR,droptofloor,34,SSQC,PF_droptofloor,XR:Quake/pr_cmds.c:6377,,"compare donor core and extension resolution, signature and semantics; name/number alone does not prove equivalence",MOD-001
XR,lightstyle,35,SSQC,PF_lightstyle,XR:Quake/pr_cmds.c:6378,,"compare donor core and extension resolution, signature and semantics; name/number alone does not prove equivalence",MOD-001
XR,rint,36,BOTH,PF_rint,XR:Quake/pr_cmds.c:6379,,"compare donor core and extension resolution, signature and semantics; name/number alone does not prove equivalence",MOD-001
XR,floor,37,BOTH,PF_floor,XR:Quake/pr_cmds.c:6380,,"compare donor core and extension resolution, signature and semantics; name/number alone does not prove equivalence",MOD-001
XR,ceil,38,BOTH,PF_ceil,XR:Quake/pr_cmds.c:6381,,"compare donor core and extension resolution, signature and semantics; name/number alone does not prove equivalence",MOD-001
XR,checkbottom,40,SSQC,PF_checkbottom,XR:Quake/pr_cmds.c:6382,,"compare donor core and extension resolution, signature and semantics; name/number alone does not prove equivalence",MOD-001
XR,pointcontents,41,SSQC,PF_pointcontents,XR:Quake/pr_cmds.c:6383,,"compare donor core and extension resolution, signature and semantics; name/number alone does not prove equivalence",MOD-001
XR,fabs,43,BOTH,PF_fabs,XR:Quake/pr_cmds.c:6384,,"compare donor core and extension resolution, signature and semantics; name/number alone does not prove equivalence",MOD-001
XR,aim,44,SSQC,PF_aim,XR:Quake/pr_cmds.c:6385,,"compare donor core and extension resolution, signature and semantics; name/number alone does not prove equivalence",MOD-001
XR,cvar,45,BOTH,PF_cvar,XR:Quake/pr_cmds.c:6386,,"compare donor core and extension resolution, signature and semantics; name/number alone does not prove equivalence",MOD-001
XR,localcmd,46,BOTH,PF_localcmd,XR:Quake/pr_cmds.c:6387,,"compare donor core and extension resolution, signature and semantics; name/number alone does not prove equivalence",MOD-001
XR,nextent,47,SSQC,PF_nextent,XR:Quake/pr_cmds.c:6388,,"compare donor core and extension resolution, signature and semantics; name/number alone does not prove equivalence",MOD-001
XR,particle,48,SSQC,PF_particle,XR:Quake/pr_cmds.c:6389,,"compare donor core and extension resolution, signature and semantics; name/number alone does not prove equivalence",MOD-001
XR,ChangeYaw,49,SSQC,PF_changeyaw,XR:Quake/pr_cmds.c:6390,,"compare donor core and extension resolution, signature and semantics; name/number alone does not prove equivalence",MOD-001
XR,vectoangles,51,BOTH,PF_vectoangles,XR:Quake/pr_cmds.c:6391,,"compare donor core and extension resolution, signature and semantics; name/number alone does not prove equivalence",MOD-001
XR,WriteByte,52,SSQC,PF_WriteByte,XR:Quake/pr_cmds.c:6393,,"compare donor core and extension resolution, signature and semantics; name/number alone does not prove equivalence",MOD-001
XR,WriteChar,53,SSQC,PF_WriteChar,XR:Quake/pr_cmds.c:6394,,"compare donor core and extension resolution, signature and semantics; name/number alone does not prove equivalence",MOD-001
XR,WriteShort,54,SSQC,PF_WriteShort,XR:Quake/pr_cmds.c:6395,,"compare donor core and extension resolution, signature and semantics; name/number alone does not prove equivalence",MOD-001
XR,WriteLong,55,SSQC,PF_WriteLong,XR:Quake/pr_cmds.c:6396,,"compare donor core and extension resolution, signature and semantics; name/number alone does not prove equivalence",MOD-001
XR,WriteCoord,56,SSQC,PF_WriteCoord,XR:Quake/pr_cmds.c:6397,,"compare donor core and extension resolution, signature and semantics; name/number alone does not prove equivalence",MOD-001
XR,WriteAngle,57,SSQC,PF_WriteAngle,XR:Quake/pr_cmds.c:6398,,"compare donor core and extension resolution, signature and semantics; name/number alone does not prove equivalence",MOD-001
XR,WriteString,58,SSQC,PF_WriteString,XR:Quake/pr_cmds.c:6399,,"compare donor core and extension resolution, signature and semantics; name/number alone does not prove equivalence",MOD-001
XR,WriteEntity,59,SSQC,PF_WriteEntity,XR:Quake/pr_cmds.c:6400,,"compare donor core and extension resolution, signature and semantics; name/number alone does not prove equivalence",MOD-001
XR,sin,60,BOTH,PF_Sin,XR:Quake/pr_cmds.c:6402,60:PF_Sin/PF_Sin (Quake/pr_ext.c:5551),"compare donor core and extension resolution, signature and semantics; name/number alone does not prove equivalence",MOD-001
XR,cos,61,BOTH,PF_Cos,XR:Quake/pr_cmds.c:6403,61:PF_Cos/PF_Cos (Quake/pr_ext.c:5552),"compare donor core and extension resolution, signature and semantics; name/number alone does not prove equivalence",MOD-001
XR,sqrt,62,BOTH,PF_Sqrt,XR:Quake/pr_cmds.c:6404,62:PF_Sqrt/PF_Sqrt (Quake/pr_ext.c:5553),"compare donor core and extension resolution, signature and semantics; name/number alone does not prove equivalence",MOD-001
XR,etos,65,BOTH,PF_etos,XR:Quake/pr_cmds.c:6406,65:PF_etos/PF_etos (Quake/pr_ext.c:5555),"compare donor core and extension resolution, signature and semantics; name/number alone does not prove equivalence",MOD-001
XR,movetogoal,67,SSQC,SV_MoveToGoal,XR:Quake/pr_cmds.c:6408,,"compare donor core and extension resolution, signature and semantics; name/number alone does not prove equivalence",MOD-001
XR,precache_file,68,SSQC,PF_precache_file,XR:Quake/pr_cmds.c:6409,,"compare donor core and extension resolution, signature and semantics; name/number alone does not prove equivalence",MOD-001
XR,makestatic,69,SSQC,PF_makestatic,XR:Quake/pr_cmds.c:6410,,"compare donor core and extension resolution, signature and semantics; name/number alone does not prove equivalence",MOD-001
XR,changelevel,70,SSQC,PF_changelevel,XR:Quake/pr_cmds.c:6412,,"compare donor core and extension resolution, signature and semantics; name/number alone does not prove equivalence",MOD-001
XR,cvar_set,72,BOTH,PF_cvar_set,XR:Quake/pr_cmds.c:6414,,"compare donor core and extension resolution, signature and semantics; name/number alone does not prove equivalence",MOD-001
XR,cvar_setlong,72,BOTH,PF_cvar_set,XR:Quake/pr_cmds.c:6415,,"compare donor core and extension resolution, signature and semantics; name/number alone does not prove equivalence",MOD-001
XR,centerprint,73,SSQC,PF_centerprint,XR:Quake/pr_cmds.c:6416,,"compare donor core and extension resolution, signature and semantics; name/number alone does not prove equivalence",MOD-001
XR,ambientsound,74,SSQC,PF_ambientsound,XR:Quake/pr_cmds.c:6418,,"compare donor core and extension resolution, signature and semantics; name/number alone does not prove equivalence",MOD-001
XR,precache_model2,75,SSQC,PF_precache_model,XR:Quake/pr_cmds.c:6420,,"compare donor core and extension resolution, signature and semantics; name/number alone does not prove equivalence",MOD-001
XR,precache_sound2,76,SSQC,PF_precache_sound,XR:Quake/pr_cmds.c:6421,,"compare donor core and extension resolution, signature and semantics; name/number alone does not prove equivalence",MOD-001
XR,precache_file2,77,SSQC,PF_precache_file,XR:Quake/pr_cmds.c:6422,,"compare donor core and extension resolution, signature and semantics; name/number alone does not prove equivalence",MOD-001
XR,setspawnparms,78,SSQC,PF_setspawnparms,XR:Quake/pr_cmds.c:6424,,"compare donor core and extension resolution, signature and semantics; name/number alone does not prove equivalence",MOD-001
XR,finaleFinished,79,SSQC,PF_finalefinished,XR:Quake/pr_cmds.c:6427,,"compare donor core and extension resolution, signature and semantics; name/number alone does not prove equivalence",MOD-001
XR,localsound,80,SSQC,PF_localsound,XR:Quake/pr_cmds.c:6428,177:PF_NoSSQC/PF_cl_localsound (Quake/pr_ext.c:5588),"compare donor core and extension resolution, signature and semantics; name/number alone does not prove equivalence",MOD-001
XR,draw_point,81,SSQC,PF_Fixme,XR:Quake/pr_cmds.c:6429,,"compare donor core and extension resolution, signature and semantics; name/number alone does not prove equivalence",MOD-001
XR,stof,81,CSQC,PF_stof,XR:Quake/pr_cmds.c:6430,81:PF_stof/PF_stof (Quake/pr_ext.c:5560),"compare donor core and extension resolution, signature and semantics; name/number alone does not prove equivalence",MOD-001
XR,draw_line,82,SSQC,PF_Fixme,XR:Quake/pr_cmds.c:6431,,"compare donor core and extension resolution, signature and semantics; name/number alone does not prove equivalence",MOD-001
XR,draw_arrow,83,SSQC,PF_Fixme,XR:Quake/pr_cmds.c:6432,,"compare donor core and extension resolution, signature and semantics; name/number alone does not prove equivalence",MOD-001
XR,draw_ray,84,SSQC,PF_Fixme,XR:Quake/pr_cmds.c:6433,,"compare donor core and extension resolution, signature and semantics; name/number alone does not prove equivalence",MOD-001
XR,draw_circle,85,SSQC,PF_Fixme,XR:Quake/pr_cmds.c:6434,,"compare donor core and extension resolution, signature and semantics; name/number alone does not prove equivalence",MOD-001
XR,draw_bounds,86,SSQC,PF_Fixme,XR:Quake/pr_cmds.c:6435,,"compare donor core and extension resolution, signature and semantics; name/number alone does not prove equivalence",MOD-001
XR,draw_worldtext,87,SSQC,PF_Fixme,XR:Quake/pr_cmds.c:6436,,"compare donor core and extension resolution, signature and semantics; name/number alone does not prove equivalence",MOD-001
XR,draw_sphere,88,SSQC,PF_Fixme,XR:Quake/pr_cmds.c:6437,,"compare donor core and extension resolution, signature and semantics; name/number alone does not prove equivalence",MOD-001
XR,draw_cylinder,89,SSQC,PF_Fixme,XR:Quake/pr_cmds.c:6438,,"compare donor core and extension resolution, signature and semantics; name/number alone does not prove equivalence",MOD-001
XR,ex_centerprint,0 (implicit/dynamic),SSQC,PF_centerprint,XR:Quake/pr_cmds.c:6440,0:PF_centerprint/PF_NoCSQC (Quake/pr_ext.c:5766),"compare donor core and extension resolution, signature and semantics; name/number alone does not prove equivalence",MOD-001
XR,ex_bprint,0 (implicit/dynamic),SSQC,PF_bprint,XR:Quake/pr_cmds.c:6441,0:PF_bprint/PF_NoCSQC (Quake/pr_ext.c:5767),"compare donor core and extension resolution, signature and semantics; name/number alone does not prove equivalence",MOD-001
XR,ex_sprint,0 (implicit/dynamic),SSQC,PF_sprint,XR:Quake/pr_cmds.c:6442,0:PF_sprint/PF_NoCSQC (Quake/pr_ext.c:5768),"compare donor core and extension resolution, signature and semantics; name/number alone does not prove equivalence",MOD-001
XR,ex_finalefinished,0 (implicit/dynamic),SSQC,PF_finalefinished,XR:Quake/pr_cmds.c:6443,,"compare donor core and extension resolution, signature and semantics; name/number alone does not prove equivalence",MOD-001
XR,ex_CheckPlayerEXFlags,90,SSQC,PF_CheckPlayerEXFlags,XR:Quake/pr_cmds.c:6444,0:PF_sv_CheckPlayerEXFlags/PF_NoCSQC (Quake/pr_ext.c:5770),"compare donor core and extension resolution, signature and semantics; name/number alone does not prove equivalence",MOD-001
XR,ex_walkpathtogoal,91,SSQC,PF_walkpathtogoal,XR:Quake/pr_cmds.c:6445,0:PF_sv_walkpathtogoal/PF_NoCSQC (Quake/pr_ext.c:5771),"compare donor core and extension resolution, signature and semantics; name/number alone does not prove equivalence",MOD-001
XR,ex_localsound,0 (implicit/dynamic),SSQC,PF_localsound,XR:Quake/pr_cmds.c:6446,0:PF_sv_localsound/PF_NoCSQC (Quake/pr_ext.c:5772),"compare donor core and extension resolution, signature and semantics; name/number alone does not prove equivalence",MOD-001
XR,registercvar,93,BOTH,PF_registercvar,XR:Quake/pr_cmds.c:6448,93:PF_registercvar/PF_registercvar (Quake/pr_ext.c:5566),"compare donor core and extension resolution, signature and semantics; name/number alone does not prove equivalence",MOD-001
XR,min,94,BOTH,PF_min,XR:Quake/pr_cmds.c:6449,94:PF_min/PF_min (Quake/pr_ext.c:5567),"compare donor core and extension resolution, signature and semantics; name/number alone does not prove equivalence",MOD-001
XR,max,95,BOTH,PF_max,XR:Quake/pr_cmds.c:6450,95:PF_max/PF_max (Quake/pr_ext.c:5568),"compare donor core and extension resolution, signature and semantics; name/number alone does not prove equivalence",MOD-001
XR,bound,96,BOTH,PF_bound,XR:Quake/pr_cmds.c:6451,96:PF_bound/PF_bound (Quake/pr_ext.c:5569),"compare donor core and extension resolution, signature and semantics; name/number alone does not prove equivalence",MOD-001
XR,pow,97,BOTH,PF_pow,XR:Quake/pr_cmds.c:6452,97:PF_pow/PF_pow (Quake/pr_ext.c:5570),"compare donor core and extension resolution, signature and semantics; name/number alone does not prove equivalence",MOD-001
XR,findfloat,98,BOTH,PF_findfloat,XR:Quake/pr_cmds.c:6453,98:PF_findfloat/PF_findfloat (Quake/pr_ext.c:5571),"compare donor core and extension resolution, signature and semantics; name/number alone does not prove equivalence",MOD-001
XR,checkextension,99,BOTH,PF_checkextension,XR:Quake/pr_cmds.c:6455,99:PF_checkextension/PF_checkextension (Quake/pr_ext.c:5572),"compare donor core and extension resolution, signature and semantics; name/number alone does not prove equivalence",MOD-001
XR,builtin_find,100,BOTH,PF_builtin_find,XR:Quake/pr_cmds.c:6456,100:PF_builtinsupported/PF_builtinsupported (Quake/pr_ext.c:5574),"compare donor core and extension resolution, signature and semantics; name/number alone does not prove equivalence",MOD-001
XR,checkbuiltin,0 (implicit/dynamic),BOTH,PF_checkbuiltin,XR:Quake/pr_cmds.c:6457,0:PF_checkbuiltin/PF_checkbuiltin (Quake/pr_ext.c:5573),"compare donor core and extension resolution, signature and semantics; name/number alone does not prove equivalence",MOD-001
XR,anglemod,102,BOTH,PF_anglemod,XR:Quake/pr_cmds.c:6458,102:PF_anglemod/PF_anglemod (Quake/pr_ext.c:5575),"compare donor core and extension resolution, signature and semantics; name/number alone does not prove equivalence",MOD-001
XR,fopen,110,BOTH,PF_fopen,XR:Quake/pr_cmds.c:6460,110:PF_fopen/PF_fopen (Quake/pr_ext.c:5576),"compare donor core and extension resolution, signature and semantics; name/number alone does not prove equivalence",MOD-001
XR,fclose,111,BOTH,PF_fclose,XR:Quake/pr_cmds.c:6461,111:PF_fclose/PF_fclose (Quake/pr_ext.c:5577),"compare donor core and extension resolution, signature and semantics; name/number alone does not prove equivalence",MOD-001
XR,fgets,112,BOTH,PF_fgets,XR:Quake/pr_cmds.c:6462,112:PF_fgets/PF_fgets (Quake/pr_ext.c:5578),"compare donor core and extension resolution, signature and semantics; name/number alone does not prove equivalence",MOD-001
XR,fputs,113,BOTH,PF_fputs,XR:Quake/pr_cmds.c:6463,113:PF_fputs/PF_fputs (Quake/pr_ext.c:5579),"compare donor core and extension resolution, signature and semantics; name/number alone does not prove equivalence",MOD-001
XR,strlen,114,BOTH,PF_strlen,XR:Quake/pr_cmds.c:6465,114:PF_strlen/PF_strlen (Quake/pr_ext.c:5581),"compare donor core and extension resolution, signature and semantics; name/number alone does not prove equivalence",MOD-001
XR,strcat,115,BOTH,PF_strcat,XR:Quake/pr_cmds.c:6466,115:PF_strcat/PF_strcat (Quake/pr_ext.c:5582),"compare donor core and extension resolution, signature and semantics; name/number alone does not prove equivalence",MOD-001
XR,substring,116,BOTH,PF_substring,XR:Quake/pr_cmds.c:6467,116:PF_substring/PF_substring (Quake/pr_ext.c:5583),"compare donor core and extension resolution, signature and semantics; name/number alone does not prove equivalence",MOD-001
XR,stov,117,BOTH,PF_stov,XR:Quake/pr_cmds.c:6468,117:PF_stov/PF_stov (Quake/pr_ext.c:5584),"compare donor core and extension resolution, signature and semantics; name/number alone does not prove equivalence",MOD-001
XR,strzone,118,BOTH,PF_strzone,XR:Quake/pr_cmds.c:6469,118:PF_strzone/PF_strzone (Quake/pr_ext.c:5585),"compare donor core and extension resolution, signature and semantics; name/number alone does not prove equivalence",MOD-001
XR,strunzone,119,BOTH,PF_strunzone,XR:Quake/pr_cmds.c:6470,119:PF_strunzone/PF_strunzone (Quake/pr_ext.c:5586),"compare donor core and extension resolution, signature and semantics; name/number alone does not prove equivalence",MOD-001
XR,cvar_setf,176,BOTH,PF_cvar_setf,XR:Quake/pr_cmds.c:6472,,"compare donor core and extension resolution, signature and semantics; name/number alone does not prove equivalence",MOD-001
XR,str2chr,222,BOTH,PF_str2chr,XR:Quake/pr_cmds.c:6474,222:PF_str2chr/PF_str2chr (Quake/pr_ext.c:5593),"compare donor core and extension resolution, signature and semantics; name/number alone does not prove equivalence",MOD-001
XR,chr2str,223,BOTH,PF_chr2str,XR:Quake/pr_cmds.c:6475,223:PF_chr2str/PF_chr2str (Quake/pr_ext.c:5594),"compare donor core and extension resolution, signature and semantics; name/number alone does not prove equivalence",MOD-001
XR,strconv,224,BOTH,PF_strconv,XR:Quake/pr_cmds.c:6476,224:PF_strconv/PF_strconv (Quake/pr_ext.c:5595),"compare donor core and extension resolution, signature and semantics; name/number alone does not prove equivalence",MOD-001
XR,strstrofs,221,BOTH,PF_strstrofs,XR:Quake/pr_cmds.c:6477,221:PF_strstrofs/PF_strstrofs (Quake/pr_ext.c:5592),"compare donor core and extension resolution, signature and semantics; name/number alone does not prove equivalence",MOD-001
XR,strpad,225,BOTH,PF_strpad,XR:Quake/pr_cmds.c:6478,225:PF_strpad/PF_strpad (Quake/pr_ext.c:5596),"compare donor core and extension resolution, signature and semantics; name/number alone does not prove equivalence",MOD-001
XR,bitshift,218,BOTH,PF_bitshift,XR:Quake/pr_cmds.c:6479,218:PF_bitshift/PF_bitshift (Quake/pr_ext.c:5590),"compare donor core and extension resolution, signature and semantics; name/number alone does not prove equivalence",MOD-001
XR,strncmp,228,BOTH,PF_strncmp,XR:Quake/pr_cmds.c:6480,228:PF_strncmp/PF_strncmp (Quake/pr_ext.c:5599),"compare donor core and extension resolution, signature and semantics; name/number alone does not prove equivalence",MOD-001
XR,strcasecmp,229,BOTH,PF_strncasecmp,XR:Quake/pr_cmds.c:6481,229:PF_strncasecmp/PF_strncasecmp (Quake/pr_ext.c:5600),"compare donor core and extension resolution, signature and semantics; name/number alone does not prove equivalence",MOD-001
XR,strncasecmp,230,BOTH,PF_strncasecmp,XR:Quake/pr_cmds.c:6482,230:PF_strncasecmp/PF_strncasecmp (Quake/pr_ext.c:5601),"compare donor core and extension resolution, signature and semantics; name/number alone does not prove equivalence",MOD-001
XR,clientstat,232,SSQC,PF_clientstat,XR:Quake/pr_cmds.c:6484,232:PF_clientstat/PF_NoCSQC (Quake/pr_ext.c:5603),"compare donor core and extension resolution, signature and semantics; name/number alone does not prove equivalence",MOD-001
XR,globalstat,233,SSQC,PF_globalstat,XR:Quake/pr_cmds.c:6485,233:PF_globalstat/PF_NoCSQC (Quake/pr_ext.c:5604),"compare donor core and extension resolution, signature and semantics; name/number alone does not prove equivalence",MOD-001
XR,isbackbuffered,234,SSQC,PF_isbackbuffered,XR:Quake/pr_cmds.c:6486,234:PF_isbackbuffered/PF_NoCSQC (Quake/pr_ext.c:5606),"compare donor core and extension resolution, signature and semantics; name/number alone does not prove equivalence",MOD-001
XR,mod,245,BOTH,PF_mod,XR:Quake/pr_cmds.c:6488,245:PF_mod/PF_mod (Quake/pr_ext.c:5609),"compare donor core and extension resolution, signature and semantics; name/number alone does not prove equivalence",MOD-001
XR,strconv,249,BOTH,PF_strconv,XR:Quake/pr_cmds.c:6489,224:PF_strconv/PF_strconv (Quake/pr_ext.c:5595),"compare donor core and extension resolution, signature and semantics; name/number alone does not prove equivalence",MOD-001
XR,stoi,259,BOTH,PF_stoi,XR:Quake/pr_cmds.c:6491,259:PF_stoi/PF_stoi (Quake/pr_ext.c:5610),"compare donor core and extension resolution, signature and semantics; name/number alone does not prove equivalence",MOD-001
XR,itos,260,BOTH,PF_itos,XR:Quake/pr_cmds.c:6492,260:PF_itos/PF_itos (Quake/pr_ext.c:5611),"compare donor core and extension resolution, signature and semantics; name/number alone does not prove equivalence",MOD-001
XR,stoh,261,BOTH,PF_stoh,XR:Quake/pr_cmds.c:6493,261:PF_stoh/PF_stoh (Quake/pr_ext.c:5612),"compare donor core and extension resolution, signature and semantics; name/number alone does not prove equivalence",MOD-001
XR,htos,262,BOTH,PF_htos,XR:Quake/pr_cmds.c:6494,262:PF_htos/PF_htos (Quake/pr_ext.c:5613),"compare donor core and extension resolution, signature and semantics; name/number alone does not prove equivalence",MOD-001
XR,ftoi,0 (implicit/dynamic),BOTH,PF_ftoi,XR:Quake/pr_cmds.c:6496,0:PF_ftoi/PF_ftoi (Quake/pr_ext.c:5614),"compare donor core and extension resolution, signature and semantics; name/number alone does not prove equivalence",MOD-001
XR,itof,0 (implicit/dynamic),BOTH,PF_itof,XR:Quake/pr_cmds.c:6497,0:PF_itof/PF_itof (Quake/pr_ext.c:5615),"compare donor core and extension resolution, signature and semantics; name/number alone does not prove equivalence",MOD-001
XR,dprint,277,CSQC,PF_dprint,XR:Quake/pr_cmds.c:6499,,"compare donor core and extension resolution, signature and semantics; name/number alone does not prove equivalence",MOD-001
XR,checkcommand,294,BOTH,PF_checkcommand,XR:Quake/pr_cmds.c:6501,294:PF_checkcommand/PF_checkcommand (Quake/pr_ext.c:5627),"compare donor core and extension resolution, signature and semantics; name/number alone does not prove equivalence",MOD-001
XR,drawline,315,CSQC,PF_cl_drawline,XR:Quake/pr_cmds.c:6503,,"compare donor core and extension resolution, signature and semantics; name/number alone does not prove equivalence",MOD-001
XR,iscachedpic,316,CSQC,PF_cl_iscachedpic,XR:Quake/pr_cmds.c:6504,316:PF_NoSSQC/PF_cl_iscachedpic (Quake/pr_ext.c:5628),"compare donor core and extension resolution, signature and semantics; name/number alone does not prove equivalence",MOD-001
XR,precache_pic,317,CSQC,PF_cl_precachepic,XR:Quake/pr_cmds.c:6505,317:PF_NoSSQC/PF_cl_precachepic (Quake/pr_ext.c:5629),"compare donor core and extension resolution, signature and semantics; name/number alone does not prove equivalence",MOD-001
XR,drawgetimagesize,318,CSQC,PF_cl_getimagesize,XR:Quake/pr_cmds.c:6506,318:PF_NoSSQC/PF_cl_getimagesize (Quake/pr_ext.c:5630),"compare donor core and extension resolution, signature and semantics; name/number alone does not prove equivalence",MOD-001
XR,draw_getimagesize,318,CSQC,PF_cl_getimagesize,XR:Quake/pr_cmds.c:6507,,"compare donor core and extension resolution, signature and semantics; name/number alone does not prove equivalence",MOD-001
XR,drawcharacter,320,CSQC,PF_cl_drawcharacter,XR:Quake/pr_cmds.c:6508,320:PF_NoSSQC/PF_cl_drawcharacter (Quake/pr_ext.c:5631),"compare donor core and extension resolution, signature and semantics; name/number alone does not prove equivalence",MOD-001
XR,drawrawstring,321,CSQC,PF_cl_drawrawstring,XR:Quake/pr_cmds.c:6509,321:PF_NoSSQC/PF_cl_drawrawstring (Quake/pr_ext.c:5632),"compare donor core and extension resolution, signature and semantics; name/number alone does not prove equivalence",MOD-001
XR,drawpic,322,CSQC,PF_cl_drawpic,XR:Quake/pr_cmds.c:6510,322:PF_NoSSQC/PF_cl_drawpic (Quake/pr_ext.c:5633),"compare donor core and extension resolution, signature and semantics; name/number alone does not prove equivalence",MOD-001
XR,drawfill,323,CSQC,PF_cl_drawfill,XR:Quake/pr_cmds.c:6511,323:PF_NoSSQC/PF_cl_drawfill (Quake/pr_ext.c:5634),"compare donor core and extension resolution, signature and semantics; name/number alone does not prove equivalence",MOD-001
XR,drawsetcliparea,324,CSQC,PF_cl_drawsetclip,XR:Quake/pr_cmds.c:6512,324:PF_NoSSQC/PF_cl_drawsetclip (Quake/pr_ext.c:5635),"compare donor core and extension resolution, signature and semantics; name/number alone does not prove equivalence",MOD-001
XR,drawresetcliparea,325,CSQC,PF_cl_drawresetclip,XR:Quake/pr_cmds.c:6513,325:PF_NoSSQC/PF_cl_drawresetclip (Quake/pr_ext.c:5636),"compare donor core and extension resolution, signature and semantics; name/number alone does not prove equivalence",MOD-001
XR,drawstring,326,CSQC,PF_cl_drawstring,XR:Quake/pr_cmds.c:6514,326:PF_NoSSQC/PF_cl_drawstring (Quake/pr_ext.c:5637),"compare donor core and extension resolution, signature and semantics; name/number alone does not prove equivalence",MOD-001
XR,drawcolorcodedstring,326,CSQC,PF_cl_drawstring,XR:Quake/pr_cmds.c:6515,,"compare donor core and extension resolution, signature and semantics; name/number alone does not prove equivalence",MOD-001
XR,drawcolorcodedstring2,326,CSQC,PF_cl_drawstring,XR:Quake/pr_cmds.c:6516,,"compare donor core and extension resolution, signature and semantics; name/number alone does not prove equivalence",MOD-001
XR,stringwidth,327,CSQC,PF_cl_stringwidth,XR:Quake/pr_cmds.c:6517,327:PF_NoSSQC/PF_cl_stringwidth (Quake/pr_ext.c:5638),"compare donor core and extension resolution, signature and semantics; name/number alone does not prove equivalence",MOD-001
XR,drawsubpic,328,CSQC,PF_cl_drawsubpic,XR:Quake/pr_cmds.c:6518,328:PF_NoSSQC/PF_cl_drawsubpic (Quake/pr_ext.c:5639),"compare donor core and extension resolution, signature and semantics; name/number alone does not prove equivalence",MOD-001
XR,getstati,330,CSQC,PF_cl_getstat_int,XR:Quake/pr_cmds.c:6520,330:PF_NoSSQC/PF_cl_getstat_int (Quake/pr_ext.c:5640),"compare donor core and extension resolution, signature and semantics; name/number alone does not prove equivalence",MOD-001
XR,getstatf,331,CSQC,PF_cl_getstat_float,XR:Quake/pr_cmds.c:6521,331:PF_NoSSQC/PF_cl_getstat_float (Quake/pr_ext.c:5641),"compare donor core and extension resolution, signature and semantics; name/number alone does not prove equivalence",MOD-001
XR,getstats,332,CSQC,PF_cl_getstat_string,XR:Quake/pr_cmds.c:6522,332:PF_NoSSQC/PF_cl_getstat_string (Quake/pr_ext.c:5642),"compare donor core and extension resolution, signature and semantics; name/number alone does not prove equivalence",MOD-001
XR,modelnameforindex,334,BOTH,PF_modelnameforindex,XR:Quake/pr_cmds.c:6523,334:PF_modelnameforidx/PF_modelnameforidx (Quake/pr_ext.c:5644),"compare donor core and extension resolution, signature and semantics; name/number alone does not prove equivalence",MOD-001
XR,particleeffectnum,335,BOTH,PF_particleeffectnum,XR:Quake/pr_cmds.c:6524,335:PF_sv_particleeffectnum/PF_cl_particleeffectnum (Quake/pr_ext.c:5645),"compare donor core and extension resolution, signature and semantics; name/number alone does not prove equivalence",MOD-001
XR,trailparticles,336,BOTH,PF_trailparticles,XR:Quake/pr_cmds.c:6525,336:PF_sv_trailparticles/PF_cl_trailparticles (Quake/pr_ext.c:5646),"compare donor core and extension resolution, signature and semantics; name/number alone does not prove equivalence",MOD-001
XR,pointparticles,337,BOTH,PF_pointparticles,XR:Quake/pr_cmds.c:6526,337:PF_sv_pointparticles/PF_cl_pointparticles (Quake/pr_ext.c:5647),"compare donor core and extension resolution, signature and semantics; name/number alone does not prove equivalence",MOD-001
XR,cprint,338,CSQC,PF_cl_cprint,XR:Quake/pr_cmds.c:6527,,"compare donor core and extension resolution, signature and semantics; name/number alone does not prove equivalence",MOD-001
XR,print,339,CSQC,PF_cl_print,XR:Quake/pr_cmds.c:6528,339:PF_print/PF_print (Quake/pr_ext.c:5648),"compare donor core and extension resolution, signature and semantics; name/number alone does not prove equivalence",MOD-001
XR,setcursormode,343,CSQC,PF_cl_setcursormode,XR:Quake/pr_cmds.c:6530,,"compare donor core and extension resolution, signature and semantics; name/number alone does not prove equivalence",MOD-001
XR,runstandardplayerphysics,347,SSQC,PF_sv_pmove,XR:Quake/pr_cmds.c:6531,,"compare donor core and extension resolution, signature and semantics; name/number alone does not prove equivalence",MOD-001
XR,getplayerkeyvalue,348,CSQC,PF_cl_playerkey_s,XR:Quake/pr_cmds.c:6532,348:PF_NoSSQC/PF_cl_playerkey_s (Quake/pr_ext.c:5649),"compare donor core and extension resolution, signature and semantics; name/number alone does not prove equivalence",MOD-001
XR,getplayerkeyfloat,0 (implicit/dynamic),CSQC,PF_cl_playerkey_f,XR:Quake/pr_cmds.c:6533,0:PF_NoSSQC/PF_cl_playerkey_f (Quake/pr_ext.c:5650),"compare donor core and extension resolution, signature and semantics; name/number alone does not prove equivalence",MOD-001
XR,registercommand,352,CSQC,PF_cl_registercommand,XR:Quake/pr_cmds.c:6535,352:PF_NoSSQC/PF_cl_registercommand (Quake/pr_ext.c:5651),"compare donor core and extension resolution, signature and semantics; name/number alone does not prove equivalence",MOD-001
XR,wasfreed,353,BOTH,PF_wasfreed,XR:Quake/pr_cmds.c:6536,353:PF_WasFreed/PF_WasFreed (Quake/pr_ext.c:5652),"compare donor core and extension resolution, signature and semantics; name/number alone does not prove equivalence",MOD-001
XR,serverkey,354,BOTH,PF_serverkey_s,XR:Quake/pr_cmds.c:6537,354:PF_sv_serverkey_s/PF_cl_serverkey_s (Quake/pr_ext.c:5653),"compare donor core and extension resolution, signature and semantics; name/number alone does not prove equivalence",MOD-001
XR,serverkeyfloat,0 (implicit/dynamic),BOTH,PF_serverkey_f,XR:Quake/pr_cmds.c:6538,0:PF_sv_serverkey_f/PF_cl_serverkey_f (Quake/pr_ext.c:5654),"compare donor core and extension resolution, signature and semantics; name/number alone does not prove equivalence",MOD-001
XR,loadfont,357,CSQC,PF_cl_loadfont,XR:Quake/pr_cmds.c:6539,,"compare donor core and extension resolution, signature and semantics; name/number alone does not prove equivalence",MOD-001
XR,sendevent,359,CSQC,PF_cl_sendevent,XR:Quake/pr_cmds.c:6540,,"compare donor core and extension resolution, signature and semantics; name/number alone does not prove equivalence",MOD-001
XR,readbyte,360,CSQC,PF_cl_readbyte,XR:Quake/pr_cmds.c:6541,360:PF_NoSSQC/PF_cl_readbyte (Quake/pr_ext.c:5655),"compare donor core and extension resolution, signature and semantics; name/number alone does not prove equivalence",MOD-001
XR,readchar,361,CSQC,PF_cl_readchar,XR:Quake/pr_cmds.c:6542,361:PF_NoSSQC/PF_cl_readchar (Quake/pr_ext.c:5656),"compare donor core and extension resolution, signature and semantics; name/number alone does not prove equivalence",MOD-001
XR,readshort,362,CSQC,PF_cl_readshort,XR:Quake/pr_cmds.c:6543,362:PF_NoSSQC/PF_cl_readshort (Quake/pr_ext.c:5657),"compare donor core and extension resolution, signature and semantics; name/number alone does not prove equivalence",MOD-001
XR,readlong,363,CSQC,PF_cl_readlong,XR:Quake/pr_cmds.c:6544,363:PF_NoSSQC/PF_cl_readlong (Quake/pr_ext.c:5658),"compare donor core and extension resolution, signature and semantics; name/number alone does not prove equivalence",MOD-001
XR,readcoord,364,CSQC,PF_cl_readcoord,XR:Quake/pr_cmds.c:6545,364:PF_NoSSQC/PF_cl_readcoord (Quake/pr_ext.c:5659),"compare donor core and extension resolution, signature and semantics; name/number alone does not prove equivalence",MOD-001
XR,readangle,365,CSQC,PF_cl_readangle,XR:Quake/pr_cmds.c:6546,365:PF_NoSSQC/PF_cl_readangle (Quake/pr_ext.c:5660),"compare donor core and extension resolution, signature and semantics; name/number alone does not prove equivalence",MOD-001
XR,readstring,366,CSQC,PF_cl_readstring,XR:Quake/pr_cmds.c:6547,366:PF_NoSSQC/PF_cl_readstring (Quake/pr_ext.c:5661),"compare donor core and extension resolution, signature and semantics; name/number alone does not prove equivalence",MOD-001
XR,readfloat,367,CSQC,PF_cl_readfloat,XR:Quake/pr_cmds.c:6548,367:PF_NoSSQC/PF_cl_readfloat (Quake/pr_ext.c:5662),"compare donor core and extension resolution, signature and semantics; name/number alone does not prove equivalence",MOD-001
XR,readentitynum,368,CSQC,PF_cl_readentitynum,XR:Quake/pr_cmds.c:6549,368:PF_NoSSQC/PF_cl_readentitynum (Quake/pr_ext.c:5668),"compare donor core and extension resolution, signature and semantics; name/number alone does not prove equivalence",MOD-001
XR,copyentity,400,BOTH,PF_copyentity,XR:Quake/pr_cmds.c:6550,400:PF_copyentity/PF_copyentity (Quake/pr_ext.c:5669),"compare donor core and extension resolution, signature and semantics; name/number alone does not prove equivalence",MOD-001
XR,setcolors,401,SSQC,PF_setcolors,XR:Quake/pr_cmds.c:6551,,"compare donor core and extension resolution, signature and semantics; name/number alone does not prove equivalence",MOD-001
XR,findchain,402,BOTH,PF_findchain,XR:Quake/pr_cmds.c:6552,402:PF_findchain/PF_findchain (Quake/pr_ext.c:5670),"compare donor core and extension resolution, signature and semantics; name/number alone does not prove equivalence",MOD-001
XR,findchainfloat,403,BOTH,PF_findchainfloat,XR:Quake/pr_cmds.c:6553,403:PF_findchainfloat/PF_findchainfloat (Quake/pr_ext.c:5671),"compare donor core and extension resolution, signature and semantics; name/number alone does not prove equivalence",MOD-001
XR,te_particlerain,409,BOTH,PF_te_particlerain,XR:Quake/pr_cmds.c:6554,409:PF_sv_te_particlerain/NULL (Quake/pr_ext.c:5673),"compare donor core and extension resolution, signature and semantics; name/number alone does not prove equivalence",MOD-001
XR,te_particlesnow,410,BOTH,PF_te_particlesnow,XR:Quake/pr_cmds.c:6555,410:PF_sv_te_particlesnow/NULL (Quake/pr_ext.c:5674),"compare donor core and extension resolution, signature and semantics; name/number alone does not prove equivalence",MOD-001
XR,ex_CheckPlayerEXFlags,430,SSQC,PF_CheckPlayerEXFlags,XR:Quake/pr_cmds.c:6557,0:PF_sv_CheckPlayerEXFlags/PF_NoCSQC (Quake/pr_ext.c:5770),"compare donor core and extension resolution, signature and semantics; name/number alone does not prove equivalence",MOD-001
XR,vectorvectors,432,BOTH,PF_vectorvectors,XR:Quake/pr_cmds.c:6558,432:PF_vectorvectors/PF_vectorvectors (Quake/pr_ext.c:5689),"compare donor core and extension resolution, signature and semantics; name/number alone does not prove equivalence",MOD-001
XR,getsurfacenumpoints,434,BOTH,PF_getsurfacenumpoints,XR:Quake/pr_cmds.c:6559,434:PF_getsurfacenumpoints/PF_getsurfacenumpoints (Quake/pr_ext.c:5690),"compare donor core and extension resolution, signature and semantics; name/number alone does not prove equivalence",MOD-001
XR,getsurfacepoint,435,BOTH,PF_getsurfacepoint,XR:Quake/pr_cmds.c:6560,435:PF_getsurfacepoint/PF_getsurfacepoint (Quake/pr_ext.c:5691),"compare donor core and extension resolution, signature and semantics; name/number alone does not prove equivalence",MOD-001
XR,getsurfacenormal,436,BOTH,PF_getsurfacenormal,XR:Quake/pr_cmds.c:6561,436:PF_getsurfacenormal/PF_getsurfacenormal (Quake/pr_ext.c:5692),"compare donor core and extension resolution, signature and semantics; name/number alone does not prove equivalence",MOD-001
XR,getsurfacetexture,437,BOTH,PF_getsurfacetexture,XR:Quake/pr_cmds.c:6562,437:PF_getsurfacetexture/PF_getsurfacetexture (Quake/pr_ext.c:5693),"compare donor core and extension resolution, signature and semantics; name/number alone does not prove equivalence",MOD-001
XR,getsurfacenearpoint,438,BOTH,PF_getsurfacenearpoint,XR:Quake/pr_cmds.c:6563,438:PF_getsurfacenearpoint/PF_getsurfacenearpoint (Quake/pr_ext.c:5694),"compare donor core and extension resolution, signature and semantics; name/number alone does not prove equivalence",MOD-001
XR,getsurfaceclippedpoint,439,BOTH,PF_getsurfaceclippedpoint,XR:Quake/pr_cmds.c:6564,439:PF_getsurfaceclippedpoint/PF_getsurfaceclippedpoint (Quake/pr_ext.c:5695),"compare donor core and extension resolution, signature and semantics; name/number alone does not prove equivalence",MOD-001
XR,clientcommand,440,SSQC,PF_clientcommand,XR:Quake/pr_cmds.c:6566,440:PF_clientcommand/PF_NoCSQC (Quake/pr_ext.c:5696),"compare donor core and extension resolution, signature and semantics; name/number alone does not prove equivalence",MOD-001
XR,tokenize,441,BOTH,PF_Tokenize,XR:Quake/pr_cmds.c:6567,441:PF_Tokenize/PF_Tokenize (Quake/pr_ext.c:5697),"compare donor core and extension resolution, signature and semantics; name/number alone does not prove equivalence",MOD-001
XR,argv,442,BOTH,PF_ArgV,XR:Quake/pr_cmds.c:6568,442:PF_ArgV/PF_ArgV (Quake/pr_ext.c:5698),"compare donor core and extension resolution, signature and semantics; name/number alone does not prove equivalence",MOD-001
XR,argc,0 (implicit/dynamic),BOTH,PF_ArgC,XR:Quake/pr_cmds.c:6569,0:PF_ArgC/PF_ArgC (Quake/pr_ext.c:5699),"compare donor core and extension resolution, signature and semantics; name/number alone does not prove equivalence",MOD-001
XR,search_begin,444,BOTH,PF_search_begin,XR:Quake/pr_cmds.c:6570,,"compare donor core and extension resolution, signature and semantics; name/number alone does not prove equivalence",MOD-001
XR,search_end,445,BOTH,PF_search_end,XR:Quake/pr_cmds.c:6571,,"compare donor core and extension resolution, signature and semantics; name/number alone does not prove equivalence",MOD-001
XR,search_getsize,446,BOTH,PF_search_getsize,XR:Quake/pr_cmds.c:6572,,"compare donor core and extension resolution, signature and semantics; name/number alone does not prove equivalence",MOD-001
XR,search_getfilename,447,BOTH,PF_search_getfilename,XR:Quake/pr_cmds.c:6573,,"compare donor core and extension resolution, signature and semantics; name/number alone does not prove equivalence",MOD-001
XR,cvar_string,448,BOTH,PF_cvar_string,XR:Quake/pr_cmds.c:6574,448:PF_cvar_string/PF_cvar_string (Quake/pr_ext.c:5701),"compare donor core and extension resolution, signature and semantics; name/number alone does not prove equivalence",MOD-001
XR,findflags,449,BOTH,PF_findflags,XR:Quake/pr_cmds.c:6575,449:PF_findflags/PF_findflags (Quake/pr_ext.c:5702),"compare donor core and extension resolution, signature and semantics; name/number alone does not prove equivalence",MOD-001
XR,findchainflags,450,BOTH,PF_findchainflags,XR:Quake/pr_cmds.c:6576,450:PF_findchainflags/PF_findchainflags (Quake/pr_ext.c:5703),"compare donor core and extension resolution, signature and semantics; name/number alone does not prove equivalence",MOD-001
XR,edict_num,459,BOTH,PF_edict_for_num,XR:Quake/pr_cmds.c:6577,459:PF_edict_for_num/PF_edict_for_num (Quake/pr_ext.c:5708),"compare donor core and extension resolution, signature and semantics; name/number alone does not prove equivalence",MOD-001
XR,buf_create,460,BOTH,PF_buf_create,XR:Quake/pr_cmds.c:6578,460:PF_buf_create/PF_buf_create (Quake/pr_ext.c:5709),"compare donor core and extension resolution, signature and semantics; name/number alone does not prove equivalence",MOD-001
XR,buf_del,461,BOTH,PF_buf_del,XR:Quake/pr_cmds.c:6579,461:PF_buf_del/PF_buf_del (Quake/pr_ext.c:5710),"compare donor core and extension resolution, signature and semantics; name/number alone does not prove equivalence",MOD-001
XR,buf_getsize,462,BOTH,PF_buf_getsize,XR:Quake/pr_cmds.c:6580,462:PF_buf_getsize/PF_buf_getsize (Quake/pr_ext.c:5711),"compare donor core and extension resolution, signature and semantics; name/number alone does not prove equivalence",MOD-001
XR,buf_copy,463,BOTH,PF_buf_copy,XR:Quake/pr_cmds.c:6581,463:PF_buf_copy/PF_buf_copy (Quake/pr_ext.c:5712),"compare donor core and extension resolution, signature and semantics; name/number alone does not prove equivalence",MOD-001
XR,buf_sort,464,BOTH,PF_buf_sort,XR:Quake/pr_cmds.c:6582,464:PF_buf_sort/PF_buf_sort (Quake/pr_ext.c:5713),"compare donor core and extension resolution, signature and semantics; name/number alone does not prove equivalence",MOD-001
XR,buf_implode,465,BOTH,PF_buf_implode,XR:Quake/pr_cmds.c:6583,465:PF_buf_implode/PF_buf_implode (Quake/pr_ext.c:5714),"compare donor core and extension resolution, signature and semantics; name/number alone does not prove equivalence",MOD-001
XR,bufstr_get,466,BOTH,PF_bufstr_get,XR:Quake/pr_cmds.c:6584,466:PF_bufstr_get/PF_bufstr_get (Quake/pr_ext.c:5715),"compare donor core and extension resolution, signature and semantics; name/number alone does not prove equivalence",MOD-001
XR,bufstr_set,467,BOTH,PF_bufstr_set,XR:Quake/pr_cmds.c:6585,467:PF_bufstr_set/PF_bufstr_set (Quake/pr_ext.c:5716),"compare donor core and extension resolution, signature and semantics; name/number alone does not prove equivalence",MOD-001
XR,bufstr_add,468,BOTH,PF_bufstr_add,XR:Quake/pr_cmds.c:6586,468:PF_bufstr_add/PF_bufstr_add (Quake/pr_ext.c:5717),"compare donor core and extension resolution, signature and semantics; name/number alone does not prove equivalence",MOD-001
XR,bufstr_free,469,BOTH,PF_bufstr_free,XR:Quake/pr_cmds.c:6587,469:PF_bufstr_free/PF_bufstr_free (Quake/pr_ext.c:5718),"compare donor core and extension resolution, signature and semantics; name/number alone does not prove equivalence",MOD-001
XR,asin,471,BOTH,PF_asin,XR:Quake/pr_cmds.c:6589,471:PF_asin/PF_asin (Quake/pr_ext.c:5719),"compare donor core and extension resolution, signature and semantics; name/number alone does not prove equivalence",MOD-001
XR,acos,472,BOTH,PF_acos,XR:Quake/pr_cmds.c:6590,472:PF_acos/PF_acos (Quake/pr_ext.c:5720),"compare donor core and extension resolution, signature and semantics; name/number alone does not prove equivalence",MOD-001
XR,atan,473,BOTH,PF_atan,XR:Quake/pr_cmds.c:6591,473:PF_atan/PF_atan (Quake/pr_ext.c:5721),"compare donor core and extension resolution, signature and semantics; name/number alone does not prove equivalence",MOD-001
XR,atan2,474,BOTH,PF_atan2,XR:Quake/pr_cmds.c:6592,474:PF_atan2/PF_atan2 (Quake/pr_ext.c:5722),"compare donor core and extension resolution, signature and semantics; name/number alone does not prove equivalence",MOD-001
XR,tan,475,BOTH,PF_tan,XR:Quake/pr_cmds.c:6593,475:PF_tan/PF_tan (Quake/pr_ext.c:5723),"compare donor core and extension resolution, signature and semantics; name/number alone does not prove equivalence",MOD-001
XR,strlennocol,476,BOTH,PF_strlennocol,XR:Quake/pr_cmds.c:6594,476:PF_strlennocol/PF_strlennocol (Quake/pr_ext.c:5724),"compare donor core and extension resolution, signature and semantics; name/number alone does not prove equivalence",MOD-001
XR,strdecolorize,477,BOTH,PF_strdecolorize,XR:Quake/pr_cmds.c:6595,477:PF_strdecolorize/PF_strdecolorize (Quake/pr_ext.c:5725),"compare donor core and extension resolution, signature and semantics; name/number alone does not prove equivalence",MOD-001
XR,strftime,478,BOTH,PF_strftime,XR:Quake/pr_cmds.c:6596,478:PF_strftime/PF_strftime (Quake/pr_ext.c:5726),"compare donor core and extension resolution, signature and semantics; name/number alone does not prove equivalence",MOD-001
XR,tokenizebyseparator,479,BOTH,PF_tokenizebyseparator,XR:Quake/pr_cmds.c:6597,479:PF_tokenizebyseparator/PF_tokenizebyseparator (Quake/pr_ext.c:5727),"compare donor core and extension resolution, signature and semantics; name/number alone does not prove equivalence",MOD-001
XR,strtolower,480,BOTH,PF_strtolower,XR:Quake/pr_cmds.c:6598,480:PF_strtolower/PF_strtolower (Quake/pr_ext.c:5728),"compare donor core and extension resolution, signature and semantics; name/number alone does not prove equivalence",MOD-001
XR,strtoupper,481,BOTH,PF_strtoupper,XR:Quake/pr_cmds.c:6599,481:PF_strtoupper/PF_strtoupper (Quake/pr_ext.c:5729),"compare donor core and extension resolution, signature and semantics; name/number alone does not prove equivalence",MOD-001
XR,cvar_defstring,482,BOTH,PF_cvar_defstring,XR:Quake/pr_cmds.c:6600,482:PF_cvar_defstring/PF_cvar_defstring (Quake/pr_ext.c:5730),"compare donor core and extension resolution, signature and semantics; name/number alone does not prove equivalence",MOD-001
XR,strreplace,484,BOTH,PF_strreplace,XR:Quake/pr_cmds.c:6601,484:PF_strreplace/PF_strreplace (Quake/pr_ext.c:5732),"compare donor core and extension resolution, signature and semantics; name/number alone does not prove equivalence",MOD-001
XR,strireplace,485,BOTH,PF_strireplace,XR:Quake/pr_cmds.c:6602,485:PF_strireplace/PF_strireplace (Quake/pr_ext.c:5733),"compare donor core and extension resolution, signature and semantics; name/number alone does not prove equivalence",MOD-001
XR,getsurfacepointattribute,486,BOTH,PF_getsurfacepointattribute,XR:Quake/pr_cmds.c:6603,486:PF_getsurfacepointattribute/PF_getsurfacepointattribute (Quake/pr_ext.c:5734),"compare donor core and extension resolution, signature and semantics; name/number alone does not prove equivalence",MOD-001
XR,crc16,494,BOTH,PF_crc16,XR:Quake/pr_cmds.c:6604,494:PF_crc16/PF_crc16 (Quake/pr_ext.c:5735),"compare donor core and extension resolution, signature and semantics; name/number alone does not prove equivalence",MOD-001
XR,cvar_type,495,BOTH,PF_cvar_type,XR:Quake/pr_cmds.c:6605,495:PF_cvar_type/PF_cvar_type (Quake/pr_ext.c:5736),"compare donor core and extension resolution, signature and semantics; name/number alone does not prove equivalence",MOD-001
XR,numentityfields,496,BOTH,PF_numentityfields,XR:Quake/pr_cmds.c:6606,496:PF_numentityfields/PF_numentityfields (Quake/pr_ext.c:5737),"compare donor core and extension resolution, signature and semantics; name/number alone does not prove equivalence",MOD-001
XR,findentityfield,0 (implicit/dynamic),BOTH,PF_findentityfield,XR:Quake/pr_cmds.c:6607,0:PF_findentityfield/PF_findentityfield (Quake/pr_ext.c:5738),"compare donor core and extension resolution, signature and semantics; name/number alone does not prove equivalence",MOD-001
XR,entityfieldref,0 (implicit/dynamic),BOTH,PF_entityfieldref,XR:Quake/pr_cmds.c:6608,0:PF_entityfieldref/PF_entityfieldref (Quake/pr_ext.c:5739),"compare donor core and extension resolution, signature and semantics; name/number alone does not prove equivalence",MOD-001
XR,entityfieldname,497,BOTH,PF_entityfieldname,XR:Quake/pr_cmds.c:6609,497:PF_entityfieldname/PF_entityfieldname (Quake/pr_ext.c:5740),"compare donor core and extension resolution, signature and semantics; name/number alone does not prove equivalence",MOD-001
XR,entityfieldtype,498,BOTH,PF_entityfieldtype,XR:Quake/pr_cmds.c:6610,498:PF_entityfieldtype/PF_entityfieldtype (Quake/pr_ext.c:5741),"compare donor core and extension resolution, signature and semantics; name/number alone does not prove equivalence",MOD-001
XR,getentityfieldstring,499,BOTH,PF_getentityfieldstring,XR:Quake/pr_cmds.c:6611,499:PF_getentfldstr/PF_getentfldstr (Quake/pr_ext.c:5742),"compare donor core and extension resolution, signature and semantics; name/number alone does not prove equivalence",MOD-001
XR,putentityfieldstring,500,BOTH,PF_putentityfieldstring,XR:Quake/pr_cmds.c:6612,500:PF_putentfldstr/PF_putentfldstr (Quake/pr_ext.c:5743),"compare donor core and extension resolution, signature and semantics; name/number alone does not prove equivalence",MOD-001
XR,whichpack,503,BOTH,PF_whichpack,XR:Quake/pr_cmds.c:6613,503:PF_whichpack/PF_whichpack (Quake/pr_ext.c:5744),"compare donor core and extension resolution, signature and semantics; name/number alone does not prove equivalence",MOD-001
XR,uri_escape,510,BOTH,PF_uri_escape,XR:Quake/pr_cmds.c:6614,510:PF_uri_escape/PF_uri_escape (Quake/pr_ext.c:5746),"compare donor core and extension resolution, signature and semantics; name/number alone does not prove equivalence",MOD-001
XR,uri_unescape,511,BOTH,PF_uri_unescape,XR:Quake/pr_cmds.c:6615,511:PF_uri_unescape/PF_uri_unescape (Quake/pr_ext.c:5747),"compare donor core and extension resolution, signature and semantics; name/number alone does not prove equivalence",MOD-001
XR,num_for_edict,512,BOTH,PF_num_for_edict,XR:Quake/pr_cmds.c:6616,512:PF_num_for_edict/PF_num_for_edict (Quake/pr_ext.c:5748),"compare donor core and extension resolution, signature and semantics; name/number alone does not prove equivalence",MOD-001
XR,tokenize_console,514,BOTH,PF_tokenize_console,XR:Quake/pr_cmds.c:6618,514:PF_tokenize_console/PF_tokenize_console (Quake/pr_ext.c:5750),"compare donor core and extension resolution, signature and semantics; name/number alone does not prove equivalence",MOD-001
XR,argv_start_index,515,BOTH,PF_argv_start_index,XR:Quake/pr_cmds.c:6619,515:PF_argv_start_index/PF_argv_start_index (Quake/pr_ext.c:5751),"compare donor core and extension resolution, signature and semantics; name/number alone does not prove equivalence",MOD-001
XR,argv_end_index,516,BOTH,PF_argv_end_index,XR:Quake/pr_cmds.c:6620,516:PF_argv_end_index/PF_argv_end_index (Quake/pr_ext.c:5752),"compare donor core and extension resolution, signature and semantics; name/number alone does not prove equivalence",MOD-001
XR,buf_cvarlist,517,BOTH,PF_buf_cvarlist,XR:Quake/pr_cmds.c:6621,517:PF_buf_cvarlist/PF_buf_cvarlist (Quake/pr_ext.c:5753),"compare donor core and extension resolution, signature and semantics; name/number alone does not prove equivalence",MOD-001
XR,cvar_description,518,BOTH,PF_cvar_description,XR:Quake/pr_cmds.c:6622,518:PF_cvar_description/PF_cvar_description (Quake/pr_ext.c:5754),"compare donor core and extension resolution, signature and semantics; name/number alone does not prove equivalence",MOD-001
XR,gettime,519,BOTH,PF_gettime,XR:Quake/pr_cmds.c:6623,519:PF_gettime/PF_gettime (Quake/pr_ext.c:5755),"compare donor core and extension resolution, signature and semantics; name/number alone does not prove equivalence",MOD-001
XR,log,532,BOTH,PF_Logarithm,XR:Quake/pr_cmds.c:6624,532:PF_Logarithm/PF_Logarithm (Quake/pr_ext.c:5756),"compare donor core and extension resolution, signature and semantics; name/number alone does not prove equivalence",MOD-001
XR,buf_loadfile,535,BOTH,PF_buf_loadfile,XR:Quake/pr_cmds.c:6625,,"compare donor core and extension resolution, signature and semantics; name/number alone does not prove equivalence",MOD-001
XR,buf_writefile,536,BOTH,PF_buf_writefile,XR:Quake/pr_cmds.c:6626,,"compare donor core and extension resolution, signature and semantics; name/number alone does not prove equivalence",MOD-001
XR,callfunction,605,BOTH,PF_callfunction,XR:Quake/pr_cmds.c:6627,605:PF_callfunction/PF_callfunction (Quake/pr_ext.c:5758),"compare donor core and extension resolution, signature and semantics; name/number alone does not prove equivalence",MOD-001
XR,isfunction,607,BOTH,PF_isfunction,XR:Quake/pr_cmds.c:6628,607:PF_isfunction/PF_isfunction (Quake/pr_ext.c:5759),"compare donor core and extension resolution, signature and semantics; name/number alone does not prove equivalence",MOD-001
XR,getresolution,608,CSQC,PF_cl_getresolution,XR:Quake/pr_cmds.c:6629,,"compare donor core and extension resolution, signature and semantics; name/number alone does not prove equivalence",MOD-001
XR,parseentitydata,613,BOTH,PF_parseentitydata,XR:Quake/pr_cmds.c:6630,613:PF_parseentitydata/PF_parseentitydata (Quake/pr_ext.c:5760),"compare donor core and extension resolution, signature and semantics; name/number alone does not prove equivalence",MOD-001
XR,sprintf,627,BOTH,PF_sprintf,XR:Quake/pr_cmds.c:6632,627:PF_sprintf/PF_sprintf (Quake/pr_ext.c:5761),"compare donor core and extension resolution, signature and semantics; name/number alone does not prove equivalence",MOD-001
XR,getsurfacenumtriangles,628,BOTH,PF_getsurfacenumtriangles,XR:Quake/pr_cmds.c:6633,628:PF_getsurfacenumtriangles/PF_getsurfacenumtriangles (Quake/pr_ext.c:5762),"compare donor core and extension resolution, signature and semantics; name/number alone does not prove equivalence",MOD-001
XR,getsurfacetriangle,629,BOTH,PF_getsurfacetriangle,XR:Quake/pr_cmds.c:6634,629:PF_getsurfacetriangle/PF_getsurfacetriangle (Quake/pr_ext.c:5763),"compare donor core and extension resolution, signature and semantics; name/number alone does not prove equivalence",MOD-001
