source_branch,commit,subject,feature_routes,handling
MAIN,68992122fce10b9b104736a3b28a5335bf819ac7,Initialize project with VR dual bindings and classic engine defaults,AUDIO-001;COOP-001;COOP-002;COOP-003;COOP-004;COOP-005;COOP-006;COOP-007;COOP-008;COOP-011;COOP-012;MOD-007;MOVE-002;MOVE-003;MOVE-009;MOVE-012;AUDIO-003;AV-002;FBT-002;FBT-003;FBT-005;MOD-013;MOVE-001;MOVE-008;MOVE-009;PERF-F001;UI-006;VR-001;VR-002;VR-003;VR-004;VR-005;VR-006;VR-007;VR-008;VR-009;VR-010;VR-011;VR-012;VR-013;VR-014;VR-015;VR-016;WPN-001;WPN-002;WPN-003;WPN-004;WPN-005;WPN-006;WPN-007;WPN-008;WPN-009;WPN-010;WPN-011;WPN-012;XR-004;XR-009;BASE-003;PLAT-005;UI-006;VR-009;COOP-008;COOP-010;COOP-011;COOP-009;MOD-014;PERF-F001;PERF-F003;XR-010;COOP-013;MOD-011;MOD-012;FBT-004;VR-010;VR-012;VR-013;MOD-008;UI-004;PERF/ASSET;PLAT/BASE;UI/BASE/VR;VR/WPN/FBT,final surviving behavior is authority; reverts/merges are historical; route is not per-commit acceptance
MAIN,175c360e4afcfbc61728c1d179e18330af55574c,Remove test and launch scripts from the repository,PLAT/BASE,final surviving behavior is authority; reverts/merges are historical; route is not per-commit acceptance
MAIN,bee93f7a470ee1b42196a5e97867edebb7196faa,Update README with VR multiplayer fix and add GitHub Actions build workflow,PLAT-001;PLAT-003;PLAT-005;UI-006;PLAT/BASE,final surviving behavior is authority; reverts/merges are historical; route is not per-commit acceptance
MAIN,487cca64c417c00bd9807d640e8574443c793d30,Fix build failure by updating actions/upload-artifact to v4,PLAT/BASE,final surviving behavior is authority; reverts/merges are historical; route is not per-commit acceptance
MAIN,0a944304096b2513f1ecb636531784a1d5ca3eea,Align default bindings with README and implement squeeze-only grip for Index controllers,AUDIO-003;AV-002;FBT-002;FBT-003;FBT-005;MOD-013;MOVE-001;MOVE-008;MOVE-009;PERF-F001;UI-006;VR-001;VR-002;VR-003;VR-004;VR-005;VR-006;VR-007;VR-008;VR-009;VR-010;VR-011;VR-012;VR-013;VR-014;VR-015;VR-016;WPN-001;WPN-002;WPN-003;WPN-004;WPN-005;WPN-006;WPN-007;WPN-008;WPN-009;WPN-010;WPN-011;WPN-012;XR-004;XR-009;BASE-003;PLAT-005;UI-006;VR-009;PLAT/BASE,final surviving behavior is authority; reverts/merges are historical; route is not per-commit acceptance
MAIN,9b76d8ef6f1b8a037253cc50f6e528c0688232ad,Remove GitHub Actions build workflow,PLAT/BASE,final surviving behavior is authority; reverts/merges are historical; route is not per-commit acceptance
MAIN,ef5ee446a862dec38cfeafd4f2dba27227042362,Revert default VR bindings to match upstream repository,BASE-003;PLAT-005;UI-006;VR-009,final surviving behavior is authority; reverts/merges are historical; route is not per-commit acceptance
MAIN,73b96cdf8d699f29bb667ac121f4e3a0791278d0,Finalize README: remove gameflorist links and add networking sync details,PLAT-001;PLAT-003;PLAT-005;UI-006,final surviving behavior is authority; reverts/merges are historical; route is not per-commit acceptance
MAIN,13a4c1c4e8f5a4d36cf2bf14a05e068d9625c4c4,Fix MSVC native Windows build in quakespasm-sdl2.vcxproj,AUDIO-003;AV-002;FBT-002;FBT-003;FBT-005;MOD-013;MOVE-001;MOVE-008;MOVE-009;PERF-F001;UI-006;VR-001;VR-002;VR-003;VR-004;VR-005;VR-006;VR-007;VR-008;VR-009;VR-010;VR-011;VR-012;VR-013;VR-014;VR-015;VR-016;WPN-001;WPN-002;WPN-003;WPN-004;WPN-005;WPN-006;WPN-007;WPN-008;WPN-009;WPN-010;WPN-011;WPN-012;XR-004;XR-009;PLAT/BASE,final surviving behavior is authority; reverts/merges are historical; route is not per-commit acceptance
MAIN,20718e6346981269883b2878d619a9c6847ef05c,Integrate official VR fixes and improve cross-compilation support,AUDIO-003;AV-002;FBT-002;FBT-003;FBT-005;MOD-013;MOVE-001;MOVE-008;MOVE-009;PERF-F001;UI-006;VR-001;VR-002;VR-003;VR-004;VR-005;VR-006;VR-007;VR-008;VR-009;VR-010;VR-011;VR-012;VR-013;VR-014;VR-015;VR-016;WPN-001;WPN-002;WPN-003;WPN-004;WPN-005;WPN-006;WPN-007;WPN-008;WPN-009;WPN-010;WPN-011;WPN-012;XR-004;XR-009;COOP-013;MOD-011;MOD-012;MOD-013;NET/COOP/MOVE;PLAT/BASE;VR/WPN/FBT,final surviving behavior is authority; reverts/merges are historical; route is not per-commit acceptance
MAIN,cffb4bde1142946062d6954ae49c8dc3a8dc1c06,Merge origin/linux-native-build: integrate official VR fixes,AUDIO-003;AV-002;FBT-002;FBT-003;FBT-005;MOD-013;MOVE-001;MOVE-008;MOVE-009;PERF-F001;UI-006;VR-001;VR-002;VR-003;VR-004;VR-005;VR-006;VR-007;VR-008;VR-009;VR-010;VR-011;VR-012;VR-013;VR-014;VR-015;VR-016;WPN-001;WPN-002;WPN-003;WPN-004;WPN-005;WPN-006;WPN-007;WPN-008;WPN-009;WPN-010;WPN-011;WPN-012;XR-004;XR-009;COOP-013;MOD-011;MOD-012;MOD-013;NET/COOP/MOVE;PLAT/BASE;VR/WPN/FBT,final surviving behavior is authority; reverts/merges are historical; route is not per-commit acceptance
MAIN,8945ecd5bfcbb278dcd16419d39a0255c7dedfa2,Implement VR radial weapon wheel selection with haptic feedback,AUDIO-003;AV-002;FBT-002;FBT-003;FBT-005;MOD-013;MOVE-001;MOVE-008;MOVE-009;PERF-F001;UI-006;VR-001;VR-002;VR-003;VR-004;VR-005;VR-006;VR-007;VR-008;VR-009;VR-010;VR-011;VR-012;VR-013;VR-014;VR-015;VR-016;WPN-001;WPN-002;WPN-003;WPN-004;WPN-005;WPN-006;WPN-007;WPN-008;WPN-009;WPN-010;WPN-011;WPN-012;XR-004;XR-009;COOP-009;MOD-014;PERF-F001;PERF-F003;XR-010;MOD-013;PLAT/BASE;UI/BASE/VR;VR/WPN/FBT;WPN/MOVE,final surviving behavior is authority; reverts/merges are historical; route is not per-commit acceptance
MAIN,a242a806b4a44b620b18e9d953eafde20d25d0a7,Refine VR weapon selection bindings and remove planning text files,BASE-003;PLAT-005;UI-006;VR-009;MOD-013;MOD-014;UI-002;UI-005;PLAT/BASE;WPN/MOVE,final surviving behavior is authority; reverts/merges are historical; route is not per-commit acceptance
MAIN,c3c4fce8a846624c4091cd1616795af890e8b07b,"Refine VR weapon wheel visuals, layout, selection, and haptics",AUDIO-003;AV-002;FBT-002;FBT-003;FBT-005;MOD-013;MOVE-001;MOVE-008;MOVE-009;PERF-F001;UI-006;VR-001;VR-002;VR-003;VR-004;VR-005;VR-006;VR-007;VR-008;VR-009;VR-010;VR-011;VR-012;VR-013;VR-014;VR-015;VR-016;WPN-001;WPN-002;WPN-003;WPN-004;WPN-005;WPN-006;WPN-007;WPN-008;WPN-009;WPN-010;WPN-011;WPN-012;XR-004;XR-009;AV-006;MOD-008;BASE-003;PLAT-005;UI-006;VR-009;MOD-002;UI-004;MOD-013;PERF/ASSET;VR/WPN/FBT,final surviving behavior is authority; reverts/merges are historical; route is not per-commit acceptance
MAIN,11bde5270c49525925862d2eb52a4f51a19fcf51,"Fix multiplayer VR weapon offsets, add multiplayer coop, and add a 180 snap turn default",AUDIO-003;AV-002;FBT-002;FBT-003;FBT-005;MOD-013;MOVE-001;MOVE-008;MOVE-009;PERF-F001;UI-006;VR-001;VR-002;VR-003;VR-004;VR-005;VR-006;VR-007;VR-008;VR-009;VR-010;VR-011;VR-012;VR-013;VR-014;VR-015;VR-016;WPN-001;WPN-002;WPN-003;WPN-004;WPN-005;WPN-006;WPN-007;WPN-008;WPN-009;WPN-010;WPN-011;WPN-012;XR-004;XR-009;COOP-013;MOD-011;MOD-012;FBT-004;VR-010;VR-012;VR-013;MOD-013;PLAT/BASE;VR/WPN/FBT,final surviving behavior is authority; reverts/merges are historical; route is not per-commit acceptance
MAIN,06c80209ffbeeb9367921492352fc4e6cf4918d0,Add trackpad weapon cycle fallback mappings for HTC Vive controllers,AUDIO-003;AV-002;FBT-002;FBT-003;FBT-005;MOD-013;MOVE-001;MOVE-008;MOVE-009;PERF-F001;UI-006;VR-001;VR-002;VR-003;VR-004;VR-005;VR-006;VR-007;VR-008;VR-009;VR-010;VR-011;VR-012;VR-013;VR-014;VR-015;VR-016;WPN-001;WPN-002;WPN-003;WPN-004;WPN-005;WPN-006;WPN-007;WPN-008;WPN-009;WPN-010;WPN-011;WPN-012;XR-004;XR-009,final surviving behavior is authority; reverts/merges are historical; route is not per-commit acceptance
MAIN,3e988c7b89fd1e41f63600b1a34b17ab4e92f6e6,"Fix packet overflow, VR HUD visibility, and set 16x anisotropic filtering default",AUDIO-001;COOP-001;COOP-002;COOP-003;COOP-004;COOP-005;COOP-006;COOP-007;COOP-008;COOP-011;COOP-012;MOD-007;MOVE-002;MOVE-003;MOVE-009;MOVE-012;AUDIO-003;AV-002;FBT-002;FBT-003;FBT-005;MOD-013;MOVE-001;MOVE-008;MOVE-009;PERF-F001;UI-006;VR-001;VR-002;VR-003;VR-004;VR-005;VR-006;VR-007;VR-008;VR-009;VR-010;VR-011;VR-012;VR-013;VR-014;VR-015;VR-016;WPN-001;WPN-002;WPN-003;WPN-004;WPN-005;WPN-006;WPN-007;WPN-008;WPN-009;WPN-010;WPN-011;WPN-012;XR-004;XR-009;MOD/NET;PERF/ASSET,final surviving behavior is authority; reverts/merges are historical; route is not per-commit acceptance
MAIN,27dae1a7f50cf58cf6122c98c223ff9ed0030303,Refine weapon wheel spacing and increase particle limits for Arcane Dimensions,AUDIO-003;AV-002;FBT-002;FBT-003;FBT-005;MOD-013;MOVE-001;MOVE-008;MOVE-009;PERF-F001;UI-006;VR-001;VR-002;VR-003;VR-004;VR-005;VR-006;VR-007;VR-008;VR-009;VR-010;VR-011;VR-012;VR-013;VR-014;VR-015;VR-016;WPN-001;WPN-002;WPN-003;WPN-004;WPN-005;WPN-006;WPN-007;WPN-008;WPN-009;WPN-010;WPN-011;WPN-012;XR-004;XR-009;PERF/ASSET,final surviving behavior is authority; reverts/merges are historical; route is not per-commit acceptance
MAIN,a5cf7f3f528baa6a876a0303e549728a9d3c81ee,"Refine weapon wheel: increase ring spacing and base radius, revert AD-specific projectile fix",AUDIO-003;AV-002;FBT-002;FBT-003;FBT-005;MOD-013;MOVE-001;MOVE-008;MOVE-009;PERF-F001;UI-006;VR-001;VR-002;VR-003;VR-004;VR-005;VR-006;VR-007;VR-008;VR-009;VR-010;VR-011;VR-012;VR-013;VR-014;VR-015;VR-016;WPN-001;WPN-002;WPN-003;WPN-004;WPN-005;WPN-006;WPN-007;WPN-008;WPN-009;WPN-010;WPN-011;WPN-012;XR-004;XR-009;COOP-013;MOD-011;MOD-012;MOD-013,final surviving behavior is authority; reverts/merges are historical; route is not per-commit acceptance
MAIN,f23d0e9c7282601138aa4a4a0674592511675a37,Implement universal VR weapon haptics and menu toggle,AUDIO-003;AV-002;FBT-002;FBT-003;FBT-005;MOD-013;MOVE-001;MOVE-008;MOVE-009;PERF-F001;UI-006;VR-001;VR-002;VR-003;VR-004;VR-005;VR-006;VR-007;VR-008;VR-009;VR-010;VR-011;VR-012;VR-013;VR-014;VR-015;VR-016;WPN-001;WPN-002;WPN-003;WPN-004;WPN-005;WPN-006;WPN-007;WPN-008;WPN-009;WPN-010;WPN-011;WPN-012;XR-004;XR-009;FBT-004;VR-010;VR-012;VR-013;MOD-008;UI-004;VR/WPN/FBT,final surviving behavior is authority; reverts/merges are historical; route is not per-commit acceptance
MAIN,5fc2295f2b805993a51a3b47b32ef1b249f5d817,Add Linux build instructions and fix cross-compilation ABI issue,PLAT/BASE,final surviving behavior is authority; reverts/merges are historical; route is not per-commit acceptance
MAIN,b4c23827fad9b7b8f20bae0418d9732e43dc4682,Implement advanced VR weapon offsets and logic updates from Windows environment,AUDIO-003;AV-002;FBT-002;FBT-003;FBT-005;MOD-013;MOVE-001;MOVE-008;MOVE-009;PERF-F001;UI-006;VR-001;VR-002;VR-003;VR-004;VR-005;VR-006;VR-007;VR-008;VR-009;VR-010;VR-011;VR-012;VR-013;VR-014;VR-015;VR-016;WPN-001;WPN-002;WPN-003;WPN-004;WPN-005;WPN-006;WPN-007;WPN-008;WPN-009;WPN-010;WPN-011;WPN-012;XR-004;XR-009;BASE-002;BASE-003;PLAT-005;UI-006;VR-009;COOP-013;MOD-011;MOD-012;MOD-013;MOD-013;MOD-014;UI-002;UI-005;PERF/ASSET;UI/BASE/VR;VR/WPN/FBT,final surviving behavior is authority; reverts/merges are historical; route is not per-commit acceptance
MAIN,aab7b33dffed5c51d96c6100e4de04bcac935bb3,Refine projectile spawn offsets for nailguns and grenade launcher,COOP-013;MOD-011;MOD-012,final surviving behavior is authority; reverts/merges are historical; route is not per-commit acceptance
MAIN,557030e5ccaf21644348a33ac232db7fae40bb30,VR: Keep VR mirror active even when console is forced up; add connect.bat helper,PLAT/BASE;UI-005,final surviving behavior is authority; reverts/merges are historical; route is not per-commit acceptance
MAIN,fa62adca07b3ee6a737a0a490130cea93a503f9f,Fix VR startup crash by restoring con_forcedup guards in gl_screen.c,UI-005,final surviving behavior is authority; reverts/merges are historical; route is not per-commit acceptance
MAIN,316e5422e246d17031af39a2dba76ddc7a863e3c,Refine projectile offsets (Iteration 11) and barrel alignment fixes,COOP-013;MOD-011;MOD-012,final surviving behavior is authority; reverts/merges are historical; route is not per-commit acceptance
MAIN,e96ac066f6c935bee1e992a139cdf76b9899991b,Restore master-style offset logic with multiplayer synchronization,COOP-013;MOD-011;MOD-012,final surviving behavior is authority; reverts/merges are historical; route is not per-commit acceptance
MAIN,ced22341dd950edf8322004c75a79c60382614f0,Fix cross-compilation scripts and add VR support to Makefile.w32,PLAT/BASE,final surviving behavior is authority; reverts/merges are historical; route is not per-commit acceptance
MAIN,aa29a91cf44ab83872075cdbdf4a538e5e13b466,Finalize VR features and multiplayer sync for deployment,AUDIO-003;AV-002;FBT-002;FBT-003;FBT-005;MOD-013;MOVE-001;MOVE-008;MOVE-009;PERF-F001;UI-006;VR-001;VR-002;VR-003;VR-004;VR-005;VR-006;VR-007;VR-008;VR-009;VR-010;VR-011;VR-012;VR-013;VR-014;VR-015;VR-016;WPN-001;WPN-002;WPN-003;WPN-004;WPN-005;WPN-006;WPN-007;WPN-008;WPN-009;WPN-010;WPN-011;WPN-012;XR-004;XR-009;BASE-003;PLAT-005;UI-006;VR-009;COOP-013;MOD-011;MOD-012;NET/COOP/MOVE;UI/BASE/VR,final surviving behavior is authority; reverts/merges are historical; route is not per-commit acceptance
MAIN,38a04fd32f002f09957dde1545f9992475259fb5,"Finalize VR features, multiplayer sync, and build system fixes for deployment",PLAT/BASE;VR/WPN/FBT,final surviving behavior is authority; reverts/merges are historical; route is not per-commit acceptance
MAIN,1832531c8de408f33c87dbd2a115c48bbb454dad,VR: Sync gameplay logic and physics improvements,BASE-001;COOP-002;COOP-010;MOD-002;MOD-006;COOP-013;MOD-011;MOD-012;PLAT/BASE,final surviving behavior is authority; reverts/merges are historical; route is not per-commit acceptance
MAIN,f009800c1308657573fe611c310d25c86152dc8c,Integrate VR weapon selection and UI fixes,AUDIO-003;AV-002;FBT-002;FBT-003;FBT-005;MOD-013;MOVE-001;MOVE-008;MOVE-009;PERF-F001;UI-006;VR-001;VR-002;VR-003;VR-004;VR-005;VR-006;VR-007;VR-008;VR-009;VR-010;VR-011;VR-012;VR-013;VR-014;VR-015;VR-016;WPN-001;WPN-002;WPN-003;WPN-004;WPN-005;WPN-006;WPN-007;WPN-008;WPN-009;WPN-010;WPN-011;WPN-012;XR-004;XR-009;AUDIO-005;COOP-009;MOD-002;BASE-003;PLAT-005;UI-006;VR-009;FBT-004;VR-010;VR-012;VR-013;NET/COOP/MOVE;VR/WPN/FBT,final surviving behavior is authority; reverts/merges are historical; route is not per-commit acceptance
MAIN,ff9b4788660670923441a43e4aa978823be7d949,Integrate co-op player outlines and latest VR weapon selection,AUDIO-005;COOP-009;MOD-002;AV-006;MOD-008;COOP-009;MOD-014;PERF-F001;PERF-F003;XR-010;PLAT/BASE,final surviving behavior is authority; reverts/merges are historical; route is not per-commit acceptance
MAIN,abfba010b99987011ea926ff9eb58d98a7eb226c,Add vr_movement_instant_stop and sync latest source changes,AUDIO-003;AV-002;FBT-002;FBT-003;FBT-005;MOD-013;MOVE-001;MOVE-008;MOVE-009;PERF-F001;UI-006;VR-001;VR-002;VR-003;VR-004;VR-005;VR-006;VR-007;VR-008;VR-009;VR-010;VR-011;VR-012;VR-013;VR-014;VR-015;VR-016;WPN-001;WPN-002;WPN-003;WPN-004;WPN-005;WPN-006;WPN-007;WPN-008;WPN-009;WPN-010;WPN-011;WPN-012;XR-004;XR-009,final surviving behavior is authority; reverts/merges are historical; route is not per-commit acceptance
MAIN,5c1317d3a1d19a640da99477980610118ddef290,Commit latest server and VR fixes,AUDIO-001;COOP-001;COOP-002;COOP-003;COOP-004;COOP-005;COOP-006;COOP-007;COOP-008;COOP-011;COOP-012;MOD-007;MOVE-002;MOVE-003;MOVE-009;MOVE-012;AUDIO-003;AV-002;FBT-002;FBT-003;FBT-005;MOD-013;MOVE-001;MOVE-008;MOVE-009;PERF-F001;UI-006;VR-001;VR-002;VR-003;VR-004;VR-005;VR-006;VR-007;VR-008;VR-009;VR-010;VR-011;VR-012;VR-013;VR-014;VR-015;VR-016;WPN-001;WPN-002;WPN-003;WPN-004;WPN-005;WPN-006;WPN-007;WPN-008;WPN-009;WPN-010;WPN-011;WPN-012;XR-004;XR-009;COOP-013;MOD-011;MOD-012;NET/COOP/MOVE,final surviving behavior is authority; reverts/merges are historical; route is not per-commit acceptance
MAIN,66cf1207f288932ea83fa0c2d15f34b170de79d6,"Sync latest input, physics and VR weapon tuning fixes",AUDIO-003;AV-002;FBT-002;FBT-003;FBT-005;MOD-013;MOVE-001;MOVE-008;MOVE-009;PERF-F001;UI-006;VR-001;VR-002;VR-003;VR-004;VR-005;VR-006;VR-007;VR-008;VR-009;VR-010;VR-011;VR-012;VR-013;VR-014;VR-015;VR-016;WPN-001;WPN-002;WPN-003;WPN-004;WPN-005;WPN-006;WPN-007;WPN-008;WPN-009;WPN-010;WPN-011;WPN-012;XR-004;XR-009;COOP-013;MOD-011;MOD-012;MOD-013,final surviving behavior is authority; reverts/merges are historical; route is not per-commit acceptance
MAIN,948ace84081c7f6c00c749ff2c2866ae7b4c6372,Final Rogue weapon offset tuning and UI improvements,AUDIO-003;AV-002;FBT-002;FBT-003;FBT-005;MOD-013;MOVE-001;MOVE-008;MOVE-009;PERF-F001;UI-006;VR-001;VR-002;VR-003;VR-004;VR-005;VR-006;VR-007;VR-008;VR-009;VR-010;VR-011;VR-012;VR-013;VR-014;VR-015;VR-016;WPN-001;WPN-002;WPN-003;WPN-004;WPN-005;WPN-006;WPN-007;WPN-008;WPN-009;WPN-010;WPN-011;WPN-012;XR-004;XR-009,final surviving behavior is authority; reverts/merges are historical; route is not per-commit acceptance
MAIN,70e23aa35aa2824e4bfd625682f65d4972f14cf5,Final robust Rogue projectile fix and weapon tuning,AUDIO-003;AV-002;FBT-002;FBT-003;FBT-005;MOD-013;MOVE-001;MOVE-008;MOVE-009;PERF-F001;UI-006;VR-001;VR-002;VR-003;VR-004;VR-005;VR-006;VR-007;VR-008;VR-009;VR-010;VR-011;VR-012;VR-013;VR-014;VR-015;VR-016;WPN-001;WPN-002;WPN-003;WPN-004;WPN-005;WPN-006;WPN-007;WPN-008;WPN-009;WPN-010;WPN-011;WPN-012;XR-004;XR-009;BASE-001;COOP-002;COOP-010;MOD-002;MOD-006;COOP-013;MOD-011;MOD-012;MOD-013;VR/WPN/FBT,final surviving behavior is authority; reverts/merges are historical; route is not per-commit acceptance
MAIN,e7f72d1ebca3030b99ff1cb13d220935c734c9f5,Add Hipnotic mission pack weapon support to VR menu,AUDIO-003;AV-002;FBT-002;FBT-003;FBT-005;MOD-013;MOVE-001;MOVE-008;MOVE-009;PERF-F001;UI-006;VR-001;VR-002;VR-003;VR-004;VR-005;VR-006;VR-007;VR-008;VR-009;VR-010;VR-011;VR-012;VR-013;VR-014;VR-015;VR-016;WPN-001;WPN-002;WPN-003;WPN-004;WPN-005;WPN-006;WPN-007;WPN-008;WPN-009;WPN-010;WPN-011;WPN-012;XR-004;XR-009,final surviving behavior is authority; reverts/merges are historical; route is not per-commit acceptance
MAIN,8430320f8b396a2ddba1cbfa5377eeba0613c330,Final robust projectile fix restoration and mission pack tuning,COOP-013;MOD-011;MOD-012,final surviving behavior is authority; reverts/merges are historical; route is not per-commit acceptance
MAIN,3a1963239c1af243fed98cc7bce804e03c5534a0,Fix MSVC build errors in vr.c and update rendering logic,AUDIO-003;AV-002;FBT-002;FBT-003;FBT-005;MOD-013;MOVE-001;MOVE-008;MOVE-009;PERF-F001;UI-006;VR-001;VR-002;VR-003;VR-004;VR-005;VR-006;VR-007;VR-008;VR-009;VR-010;VR-011;VR-012;VR-013;VR-014;VR-015;VR-016;WPN-001;WPN-002;WPN-003;WPN-004;WPN-005;WPN-006;WPN-007;WPN-008;WPN-009;WPN-010;WPN-011;WPN-012;XR-004;XR-009,final surviving behavior is authority; reverts/merges are historical; route is not per-commit acceptance
MAIN,4555e11bc1c22634400d038dd72a82dcee098b57,Fix Index controller Left A button remapping and increase default sv_maxpacketsize to 32768,AUDIO-001;COOP-001;COOP-002;COOP-003;COOP-004;COOP-005;COOP-006;COOP-007;COOP-008;COOP-011;COOP-012;MOD-007;MOVE-002;MOVE-003;MOVE-009;MOVE-012;AUDIO-003;AV-002;FBT-002;FBT-003;FBT-005;MOD-013;MOVE-001;MOVE-008;MOVE-009;PERF-F001;UI-006;VR-001;VR-002;VR-003;VR-004;VR-005;VR-006;VR-007;VR-008;VR-009;VR-010;VR-011;VR-012;VR-013;VR-014;VR-015;VR-016;WPN-001;WPN-002;WPN-003;WPN-004;WPN-005;WPN-006;WPN-007;WPN-008;WPN-009;WPN-010;WPN-011;WPN-012;XR-004;XR-009,final surviving behavior is authority; reverts/merges are historical; route is not per-commit acceptance
MAIN,d4b2d5275a4e8b343fcf810cabbe496e775e6407,Remap Right Grip (RSHOULDER) to +showscores,BASE-003;PLAT-005;UI-006;VR-009;PLAT-001;PLAT-003;PLAT-005;UI-006;UI/BASE/VR,final surviving behavior is authority; reverts/merges are historical; route is not per-commit acceptance
MAIN,1b8da8240c780e2680dd96ab496fff08481e223d,Commit changes before debugging Rogue multiplayer messages,AUDIO-001;COOP-001;COOP-002;COOP-003;COOP-004;COOP-005;COOP-006;COOP-007;COOP-008;COOP-011;COOP-012;MOD-007;MOVE-002;MOVE-003;MOVE-009;MOVE-012;AUDIO-003;AV-002;FBT-002;FBT-003;FBT-005;MOD-013;MOVE-001;MOVE-008;MOVE-009;PERF-F001;UI-006;VR-001;VR-002;VR-003;VR-004;VR-005;VR-006;VR-007;VR-008;VR-009;VR-010;VR-011;VR-012;VR-013;VR-014;VR-015;VR-016;WPN-001;WPN-002;WPN-003;WPN-004;WPN-005;WPN-006;WPN-007;WPN-008;WPN-009;WPN-010;WPN-011;WPN-012;XR-004;XR-009;COOP-013;MOD-011;MOD-012;FBT-004;VR-010;VR-012;VR-013;MOD-001;MOD-003;MOD-004;MOD-005;MOD-006;MOD-009;MOD-010;WPN-010;PLAT/BASE;VR/WPN/FBT,final surviving behavior is authority; reverts/merges are historical; route is not per-commit acceptance
MAIN,d8f9363d9a27ef092aaa166b5d9201bcc4d22fe8,Fix Rogue expansion multiplayer localization and message formatting,AUDIO-003;AV-002;FBT-002;FBT-003;FBT-005;MOD-013;MOVE-001;MOVE-008;MOVE-009;PERF-F001;UI-006;VR-001;VR-002;VR-003;VR-004;VR-005;VR-006;VR-007;VR-008;VR-009;VR-010;VR-011;VR-012;VR-013;VR-014;VR-015;VR-016;WPN-001;WPN-002;WPN-003;WPN-004;WPN-005;WPN-006;WPN-007;WPN-008;WPN-009;WPN-010;WPN-011;WPN-012;XR-004;XR-009;BASE-001;COOP-002;COOP-010;MOD-002;MOD-006;COOP-008;COOP-010;COOP-011;COOP-013;MOD-011;MOD-012;MOD-002;UI-004;MOD-006;UI-001;UI-005;MOD-008;UI-004;PLAT/BASE;VR/WPN/FBT,final surviving behavior is authority; reverts/merges are historical; route is not per-commit acceptance
MAIN,8d43600579f6957f2348852676838b2120ecd35c,Fix MSVC compilation for debug_log.c and debug_log.h,PLAT/BASE,final surviving behavior is authority; reverts/merges are historical; route is not per-commit acceptance
MAIN,9326abebac023929f491cdcab6f7e4ba2335cfe8,Add debug_log.o to Makefile.w32 and Makefile.darwin,PLAT/BASE,final surviving behavior is authority; reverts/merges are historical; route is not per-commit acceptance
MAIN,dfc4cf5d26c431cdd48ad05bef9ed25d3c5fb05f,Revert player collider shrinking and swap index controller right A and B bindings,AUDIO-003;AV-002;FBT-002;FBT-003;FBT-005;MOD-013;MOVE-001;MOVE-008;MOVE-009;PERF-F001;UI-006;VR-001;VR-002;VR-003;VR-004;VR-005;VR-006;VR-007;VR-008;VR-009;VR-010;VR-011;VR-012;VR-013;VR-014;VR-015;VR-016;WPN-001;WPN-002;WPN-003;WPN-004;WPN-005;WPN-006;WPN-007;WPN-008;WPN-009;WPN-010;WPN-011;WPN-012;XR-004;XR-009;BASE-003;PLAT-005;UI-006;VR-009;MOD-001;MOD-003;MOD-004;MOD-005;MOD-006;MOD-009;MOD-010;WPN-010,final surviving behavior is authority; reverts/merges are historical; route is not per-commit acceptance
MAIN,969a527be3df9ce4470d10fa60942a9d393c7a63,Fix SteamVR's Grip/A mapping conflict causing Index Right A to trigger showscores instead of weapon cycling,AUDIO-003;AV-002;FBT-002;FBT-003;FBT-005;MOD-013;MOVE-001;MOVE-008;MOVE-009;PERF-F001;UI-006;VR-001;VR-002;VR-003;VR-004;VR-005;VR-006;VR-007;VR-008;VR-009;VR-010;VR-011;VR-012;VR-013;VR-014;VR-015;VR-016;WPN-001;WPN-002;WPN-003;WPN-004;WPN-005;WPN-006;WPN-007;WPN-008;WPN-009;WPN-010;WPN-011;WPN-012;XR-004;XR-009;BASE-003;PLAT-005;UI-006;VR-009,final surviving behavior is authority; reverts/merges are historical; route is not per-commit acceptance
MAIN,62e25bddfc14f01c4666a7608d02854d019a52a1,Change default Left Grip VR binding to +showscores,BASE-003;PLAT-005;UI-006;VR-009,final surviving behavior is authority; reverts/merges are historical; route is not per-commit acceptance
MAIN,94826886bb3a7e122e5922f2bed37150a8a62cd2,Update default.cfg and default_cfg.h for left grip scoreboard binding and restore right thumbstick weapon wheel bindings,UI/BASE/VR,final surviving behavior is authority; reverts/merges are historical; route is not per-commit acceptance
MAIN,a56b9236f85c620254fd0e267aaf3b460ac49567,Remove duplicate SetMinMaxSize call left behind by previous revert,MOD-001;MOD-003;MOD-004;MOD-005;MOD-006;MOD-009;MOD-010;WPN-010,final surviving behavior is authority; reverts/merges are historical; route is not per-commit acceptance
MAIN,474833fb978fa9fb61d20b7b17c2800c02038853,Link libFLAC statically to fix cross-distro compatibility,PLAT/BASE;VR/WPN/FBT,final surviving behavior is authority; reverts/merges are historical; route is not per-commit acceptance
MAIN,b13cb72ac57609eb5deea653919b75f685ce1cb4,Fix glibc 2.43 dependency breaking Mint Linux clients,PLAT/BASE;VR/WPN/FBT,final surviving behavior is authority; reverts/merges are historical; route is not per-commit acceptance
MAIN,d37fe48ebe85c493b368e78839577e5eee1cc82b,Fix VR client crash on map change by keeping compositor alive during loading,AUDIO-003;AV-002;FBT-002;FBT-003;FBT-005;MOD-013;MOVE-001;MOVE-008;MOVE-009;PERF-F001;UI-006;VR-001;VR-002;VR-003;VR-004;VR-005;VR-006;VR-007;VR-008;VR-009;VR-010;VR-011;VR-012;VR-013;VR-014;VR-015;VR-016;WPN-001;WPN-002;WPN-003;WPN-004;WPN-005;WPN-006;WPN-007;WPN-008;WPN-009;WPN-010;WPN-011;WPN-012;XR-004;XR-009;UI-005;VR/WPN/FBT,final surviving behavior is authority; reverts/merges are historical; route is not per-commit acceptance
MAIN,822527023175938658c463e153bbd55f28b854b1,Add missing debug_log.o to default Makefile,PLAT/BASE;VR/WPN/FBT,final surviving behavior is authority; reverts/merges are historical; route is not per-commit acceptance
MAIN,5479f7cd466ddd03c93ede384fea502d213c7621,Fix Makefile.w64 cross-compilation: statically link C++ runtime and rename output to quakespasm-openvr.exe,PLAT/BASE,final surviving behavior is authority; reverts/merges are historical; route is not per-commit acceptance
MAIN,0bacf4de6c8c8333ce688d96a0c4030047ffa4d2,Bundle static libFLAC.a so default Linux build is portable,AUDIO;PLAT/BASE;VR/WPN/FBT,final surviving behavior is authority; reverts/merges are historical; route is not per-commit acceptance
MAIN,8980650320f1e79c8f68eb764aa3ecfcc46bd41d,Log packet reception during reconnect-wait window,MOD-002;UI-004;VR/WPN/FBT,final surviving behavior is authority; reverts/merges are historical; route is not per-commit acceptance
MAIN,f2c0b44d6d01c03c72b230267e7e4848f8fe5ffb,Reduce datagram size to one IP MTU to fix choppy multiplayer for remote clients,AUDIO-001;COOP-001;COOP-002;COOP-003;COOP-004;COOP-005;COOP-006;COOP-007;COOP-008;COOP-011;COOP-012;MOD-007;MOVE-002;MOVE-003;MOVE-009;MOVE-012;MOD/NET;VR/WPN/FBT,final surviving behavior is authority; reverts/merges are historical; route is not per-commit acceptance
MAIN,5f28185bc0d30422dfe242a75139630acdcc5d8f,Fix flat (non-VR) mouse and demo camera turning,BASE-003;MOD-013;UI-005;VR/WPN/FBT,final surviving behavior is authority; reverts/merges are historical; route is not per-commit acceptance
MAIN,d53e630adec10999931bad813f3526f430394da3,Restore upstream desktop default keybindings,BASE-003;PLAT-005;UI-006;VR-009;UI/BASE/VR;VR/WPN/FBT,final surviving behavior is authority; reverts/merges are historical; route is not per-commit acceptance
MAIN,f58223be6788f1ae45dfff016b691ab8bd2b9e97,Survive symmetric NAT and addon paks shipping JPEGs as .tga,NET/COOP/MOVE;PERF/ASSET,final surviving behavior is authority; reverts/merges are historical; route is not per-commit acceptance
MAIN,70f6817e8cbd0f9a102a91b9346ccda223eddcbb,Smooth multiplayer: pace client sends and extrapolate entities,BASE-001;COOP-002;COOP-010;MOD-002;MOD-006;MOD-002;UI-004,final surviving behavior is authority; reverts/merges are historical; route is not per-commit acceptance
MAIN,8f9114ed9c4b20b74848e0614742e2b43d60343f,Port ironwail's sv_netsort entity priority sorting,AUDIO-001;COOP-001;COOP-002;COOP-003;COOP-004;COOP-005;COOP-006;COOP-007;COOP-008;COOP-011;COOP-012;MOD-007;MOVE-002;MOVE-003;MOVE-009;MOVE-012,final surviving behavior is authority; reverts/merges are historical; route is not per-commit acceptance
MAIN,50b4d7d93f44696c0e5bf5941267872d9badef47,Gate vr_enabled on -vr command-line flag,AUDIO-003;AV-002;FBT-002;FBT-003;FBT-005;MOD-013;MOVE-001;MOVE-008;MOVE-009;PERF-F001;UI-006;VR-001;VR-002;VR-003;VR-004;VR-005;VR-006;VR-007;VR-008;VR-009;VR-010;VR-011;VR-012;VR-013;VR-014;VR-015;VR-016;WPN-001;WPN-002;WPN-003;WPN-004;WPN-005;WPN-006;WPN-007;WPN-008;WPN-009;WPN-010;WPN-011;WPN-012;XR-004;XR-009,final surviving behavior is authority; reverts/merges are historical; route is not per-commit acceptance
MAIN,45f33b29ff672c2d145c983fc79bd3aa193a13a0,Add SteamVR Index binding installer,AUDIO-003;AV-002;FBT-002;FBT-003;FBT-005;MOD-013;MOVE-001;MOVE-008;MOVE-009;PERF-F001;UI-006;VR-001;VR-002;VR-003;VR-004;VR-005;VR-006;VR-007;VR-008;VR-009;VR-010;VR-011;VR-012;VR-013;VR-014;VR-015;VR-016;WPN-001;WPN-002;WPN-003;WPN-004;WPN-005;WPN-006;WPN-007;WPN-008;WPN-009;WPN-010;WPN-011;WPN-012;XR-004;XR-009;PLAT-001;PLAT-003;PLAT-005;UI-006;VR/WPN/FBT,final surviving behavior is authority; reverts/merges are historical; route is not per-commit acceptance
MAIN,fecd5396248da9eeb758cd0ef8d4aca9ad0bc796,Bound reliable fragments to DATAGRAM_MTU,MOD/NET;NET/COOP/MOVE,final surviving behavior is authority; reverts/merges are historical; route is not per-commit acceptance
MAIN,f7ab92490272c07fa77c0933687420a7bb6238a9,Fix Makefile.w64: add -fno-exceptions -fno-rtti to VR C++ compilation,PLAT/BASE,final surviving behavior is authority; reverts/merges are historical; route is not per-commit acceptance
MAIN,72a58be47c8e0f724a0af9479d7579fac2398761,Add build_cross_win64-openvr.sh for reliable Linux cross-compilation,PLAT/BASE;VR/WPN/FBT,final surviving behavior is authority; reverts/merges are historical; route is not per-commit acceptance
MAIN,1a4b4d0d2ef68e2950eb6743dba88e1b8af0d7a2,Fix VR multiplayer input and projectile edge cases,AUDIO-003;AV-002;FBT-002;FBT-003;FBT-005;MOD-013;MOVE-001;MOVE-008;MOVE-009;PERF-F001;UI-006;VR-001;VR-002;VR-003;VR-004;VR-005;VR-006;VR-007;VR-008;VR-009;VR-010;VR-011;VR-012;VR-013;VR-014;VR-015;VR-016;WPN-001;WPN-002;WPN-003;WPN-004;WPN-005;WPN-006;WPN-007;WPN-008;WPN-009;WPN-010;WPN-011;WPN-012;XR-004;XR-009;BASE-003;COOP-013;MOD-011;MOD-012;MOD-013;NET/COOP/MOVE,final surviving behavior is authority; reverts/merges are historical; route is not per-commit acceptance
MAIN,f85dbb7da4416d8117cef8cdb7905e71ebb51290,Restore NAT-friendly Datagram_GetMessage port remap,NET/COOP/MOVE,final surviving behavior is authority; reverts/merges are historical; route is not per-commit acceptance
MAIN,4c10a142696fc0f78d2bcbed23f95198c9510bcb,Defer NAT remap until packet passes sequence validation,NET/COOP/MOVE,final surviving behavior is authority; reverts/merges are historical; route is not per-commit acceptance
MAIN,ef5a931b60ca18255f9f0e6a98b50d8b9ba3ec2d,Commit DATA-path NAT remap before duplicate-sequence skip,NET/COOP/MOVE,final surviving behavior is authority; reverts/merges are historical; route is not per-commit acceptance
MAIN,74b8a7a13d2c939f6f736421258bd958bed10d99,Reject stale-port stragglers as NAT remap candidates,NET/COOP/MOVE,final surviving behavior is authority; reverts/merges are historical; route is not per-commit acceptance
MAIN,17ec262b2e87f451f786cc9f0e2173ff5bb40ce3,Clear straggler-memory on qsocket reuse in NET_NewQSocket,NET/COOP/MOVE,final surviving behavior is authority; reverts/merges are historical; route is not per-commit acceptance
MAIN,2199b2b1c09d3f2635821220dfd436d57e4bc823,Disable player collision in coop,BASE-001;COOP-002;COOP-010;MOD-002;MOD-006;COOP-013;PLAT/BASE,final surviving behavior is authority; reverts/merges are historical; route is not per-commit acceptance
MAIN,b7a117962e9fb20d4b5f3d1cc338d954d013d1f7,Make Windows cross-build script executable,VR/WPN/FBT,final surviving behavior is authority; reverts/merges are historical; route is not per-commit acceptance
MAIN,2ec163eb4d7165ef6c136d156ef9c46cc9bf8643,Fix AD VR weapon offsets and warp textures,AUDIO-003;AV-002;FBT-002;FBT-003;FBT-005;MOD-013;MOVE-001;MOVE-008;MOVE-009;PERF-F001;UI-006;VR-001;VR-002;VR-003;VR-004;VR-005;VR-006;VR-007;VR-008;VR-009;VR-010;VR-011;VR-012;VR-013;VR-014;VR-015;VR-016;WPN-001;WPN-002;WPN-003;WPN-004;WPN-005;WPN-006;WPN-007;WPN-008;WPN-009;WPN-010;WPN-011;WPN-012;XR-004;XR-009;AV-007;PERF-F002;MOD-006;UI-001;UI-005;PERF/ASSET,final surviving behavior is authority; reverts/merges are historical; route is not per-commit acceptance
MAIN,5bac1dc7c2c82978539ef17886fdbf207ab7de6c,Improve datagram networking for VR coop,AUDIO-001;COOP-001;COOP-002;COOP-003;COOP-004;COOP-005;COOP-006;COOP-007;COOP-008;COOP-011;COOP-012;MOD-007;MOVE-002;MOVE-003;MOVE-009;MOVE-012;BASE-001;COOP-002;COOP-010;MOD-002;MOD-006;MOD-002;UI-004;NET/COOP/MOVE;PLAT/BASE,final surviving behavior is authority; reverts/merges are historical; route is not per-commit acceptance
MAIN,bd7137256dcaaed5370a20edc690ab3ffab006c2,Fix VR weapon schema zone free,AUDIO-001;COOP-001;COOP-002;COOP-003;COOP-004;COOP-005;COOP-006;COOP-007;COOP-008;COOP-011;COOP-012;MOD-007;MOVE-002;MOVE-003;MOVE-009;MOVE-012;AUDIO-003;AV-002;FBT-002;FBT-003;FBT-005;MOD-013;MOVE-001;MOVE-008;MOVE-009;PERF-F001;UI-006;VR-001;VR-002;VR-003;VR-004;VR-005;VR-006;VR-007;VR-008;VR-009;VR-010;VR-011;VR-012;VR-013;VR-014;VR-015;VR-016;WPN-001;WPN-002;WPN-003;WPN-004;WPN-005;WPN-006;WPN-007;WPN-008;WPN-009;WPN-010;WPN-011;WPN-012;XR-004;XR-009;NET/COOP/MOVE,final surviving behavior is authority; reverts/merges are historical; route is not per-commit acceptance
MAIN,1e5ac3f09f557af044eabfc0d14aa0d40c363afa,Fix single socket datagram handling,AUDIO-001;COOP-001;COOP-002;COOP-003;COOP-004;COOP-005;COOP-006;COOP-007;COOP-008;COOP-011;COOP-012;MOD-007;MOVE-002;MOVE-003;MOVE-009;MOVE-012;NET/COOP/MOVE,final surviving behavior is authority; reverts/merges are historical; route is not per-commit acceptance
MAIN,50173cf46f84190beac2ce26914069b439242cc8,Port central server datagram receive,NET/COOP/MOVE,final surviving behavior is authority; reverts/merges are historical; route is not per-commit acceptance
MAIN,24d4cec9de670bca59030b5110b4aa22ccc2c692,Drain empty UDP datagrams safely,NET/COOP/MOVE,final surviving behavior is authority; reverts/merges are historical; route is not per-commit acceptance
MAIN,dc8bf209bbaa1f4a0ec32e6b7fcc66419095c621,Route queued datagrams by assigned socket,NET/COOP/MOVE,final surviving behavior is authority; reverts/merges are historical; route is not per-commit acceptance
MAIN,4ffb761233ec5c37919f0c41ce92808e4238c026,Add lag debug timing diagnostics,AUDIO-001;COOP-001;COOP-002;COOP-003;COOP-004;COOP-005;COOP-006;COOP-007;COOP-008;COOP-011;COOP-012;MOD-007;MOVE-002;MOVE-003;MOVE-009;MOVE-012;BASE-001;COOP-002;COOP-010;MOD-002;MOD-006;MOD-002;UI-004;MOD-008;UI-004;NET/COOP/MOVE,final surviving behavior is authority; reverts/merges are historical; route is not per-commit acceptance
MAIN,56443f84f31ea20dc6a389ff20f26d16471190ab,Fix datagram control bursts and reordering,NET/COOP/MOVE,final surviving behavior is authority; reverts/merges are historical; route is not per-commit acceptance
MAIN,e5aecc4b799735c760928adc71c76ec8bcc9c14b,Fix unreliable update sequencing,AUDIO-001;COOP-001;COOP-002;COOP-003;COOP-004;COOP-005;COOP-006;COOP-007;COOP-008;COOP-011;COOP-012;MOD-007;MOVE-002;MOVE-003;MOVE-009;MOVE-012;NET/COOP/MOVE;PLAT/BASE;VR/WPN/FBT,final surviving behavior is authority; reverts/merges are historical; route is not per-commit acceptance
MAIN,77ccf7c2f176563ada36fe72f98b05cfaa00ef3e,Fix Makefile.w64: always use g++ as linker regardless of CXX,PLAT/BASE,final surviving behavior is authority; reverts/merges are historical; route is not per-commit acceptance
MAIN,0eb677d55927dffe86aa2509176bb5e076c3bf41,Harden network input gaps,AUDIO-001;COOP-001;COOP-002;COOP-003;COOP-004;COOP-005;COOP-006;COOP-007;COOP-008;COOP-011;COOP-012;MOD-007;MOVE-002;MOVE-003;MOVE-009;MOVE-012;MOD-013;NET/COOP/MOVE;PLAT/BASE,final surviving behavior is authority; reverts/merges are historical; route is not per-commit acceptance
MAIN,1516d144b4d4bd2e1648a8f21e01cd5ef47723e0,Merge remote-tracking branch 'origin/feature/vr-weapon-selection' into feature/vr-weapon-selection,AUDIO-001;COOP-001;COOP-002;COOP-003;COOP-004;COOP-005;COOP-006;COOP-007;COOP-008;COOP-011;COOP-012;MOD-007;MOVE-002;MOVE-003;MOVE-009;MOVE-012;MOD-013;NET/COOP/MOVE;PLAT/BASE,final surviving behavior is authority; reverts/merges are historical; route is not per-commit acceptance
MAIN,88cb5d8ba4f425ab61a3908b99c8cba0c128b0fa,Fix Makefile.w64: use gcc (CC) not g++ as linker to eliminate libgcc_s_dw2-1.dll,PLAT/BASE,final surviving behavior is authority; reverts/merges are historical; route is not per-commit acceptance
MAIN,bf1bad7a16f1afb80b8d9d1e09e294d68bb68d3b,Fix co-op weapon targets and gap logging,AUDIO-001;COOP-001;COOP-002;COOP-003;COOP-004;COOP-005;COOP-006;COOP-007;COOP-008;COOP-011;COOP-012;MOD-007;MOVE-002;MOVE-003;MOVE-009;MOVE-012;COOP-013;MOD-001;MOD-007;MOD-012;MOD-014;PLAT/BASE,final surviving behavior is authority; reverts/merges are historical; route is not per-commit acceptance
MAIN,359d3b4297b036aa21e4d5fa71773ee8aff51216,Restrict co-op weapon target fix to weapon_touch,COOP-013,final surviving behavior is authority; reverts/merges are historical; route is not per-commit acceptance
MAIN,89b661c07d90148366b1f991bd76b92011c19eb0,Merge remote-tracking branch 'origin/feature/vr-weapon-selection' into feature/vr-weapon-selection,AUDIO-001;COOP-001;COOP-002;COOP-003;COOP-004;COOP-005;COOP-006;COOP-007;COOP-008;COOP-011;COOP-012;MOD-007;MOVE-002;MOVE-003;MOVE-009;MOVE-012;COOP-013;MOD-001;MOD-007;MOD-012;MOD-014;PLAT/BASE,final surviving behavior is authority; reverts/merges are historical; route is not per-commit acceptance
MAIN,933bb21fcb5c2d6a5786234c7d51bb060fa21fc7,Add postcfg and gated server save controls,BASE-001;COOP-002;COOP-010;MOD-002;MOD-006;BASE-002;BASE/MOD/COOP;COOP-008;COOP-010;COOP-011;MOD-006;UI-001;UI-005;PLAT/BASE;VR/WPN/FBT,final surviving behavior is authority; reverts/merges are historical; route is not per-commit acceptance
MAIN,d482ec551da68f0e5efc707a65931ac9b91b4b36,Add coop ammo respawn and melee revive,AUDIO-001;COOP-001;COOP-002;COOP-003;COOP-004;COOP-005;COOP-006;COOP-007;COOP-008;COOP-011;COOP-012;MOD-007;MOVE-002;MOVE-003;MOVE-009;MOVE-012;COOP-013;COOP-013;MOD-011;MOD-012;MOD-001;MOD-003;MOD-004;MOD-005;MOD-006;MOD-009;MOD-010;WPN-010;PLAT/BASE,final surviving behavior is authority; reverts/merges are historical; route is not per-commit acceptance
MAIN,1e22f0926d4f459d29b0c90ba07c68072ea61e9a,Improve coop pickup triggers and VR weapon schemas,AUDIO-001;COOP-001;COOP-002;COOP-003;COOP-004;COOP-005;COOP-006;COOP-007;COOP-008;COOP-011;COOP-012;MOD-007;MOVE-002;MOVE-003;MOVE-009;MOVE-012;AUDIO-003;AV-002;FBT-002;FBT-003;FBT-005;MOD-013;MOVE-001;MOVE-008;MOVE-009;PERF-F001;UI-006;VR-001;VR-002;VR-003;VR-004;VR-005;VR-006;VR-007;VR-008;VR-009;VR-010;VR-011;VR-012;VR-013;VR-014;VR-015;VR-016;WPN-001;WPN-002;WPN-003;WPN-004;WPN-005;WPN-006;WPN-007;WPN-008;WPN-009;WPN-010;WPN-011;WPN-012;XR-004;XR-009;COOP-013;COOP-013;MOD-011;MOD-012;MOD-013;PLAT/BASE;VR/WPN/FBT,final surviving behavior is authority; reverts/merges are historical; route is not per-commit acceptance
MAIN,1aeaa98482d7e2af7ee7d1dc08bc367d3fafe8ab,Integrate CSQC mod compatibility support,AUDIO-001;COOP-001;COOP-002;COOP-003;COOP-004;COOP-005;COOP-006;COOP-007;COOP-008;COOP-011;COOP-012;MOD-007;MOVE-002;MOVE-003;MOVE-009;MOVE-012;AUDIO-003;AV-002;FBT-002;FBT-003;FBT-005;MOD-013;MOVE-001;MOVE-008;MOVE-009;PERF-F001;UI-006;VR-001;VR-002;VR-003;VR-004;VR-005;VR-006;VR-007;VR-008;VR-009;VR-010;VR-011;VR-012;VR-013;VR-014;VR-015;VR-016;WPN-001;WPN-002;WPN-003;WPN-004;WPN-005;WPN-006;WPN-007;WPN-008;WPN-009;WPN-010;WPN-011;WPN-012;XR-004;XR-009;AUDIO-005;COOP-009;MOD-002;BASE-001;BASE-001;COOP-002;COOP-010;MOD-002;MOD-006;BASE-002;BASE-003;BASE-003;PLAT-005;UI-006;VR-009;BASE/MOD/COOP;COOP-008;COOP-010;COOP-011;COOP-009;MOD-014;PERF-F001;PERF-F003;XR-010;COOP-013;COOP-013;MOD-011;MOD-012;MOD-001;MOD-001;MOD-003;MOD-004;MOD-005;MOD-006;MOD-009;MOD-010;WPN-010;MOD-002;UI-004;MOD-003;MOD-007;MOD-012;MOD-014;MOD-008;UI-004;MOD-013;MOD/NET;NET/COOP/MOVE;PERF/ASSET;PLAT-001;PLAT-003;PLAT-005;UI-006;PLAT/BASE;UI-005;UI/BASE/VR;VR-014,final surviving behavior is authority; reverts/merges are historical; route is not per-commit acceptance
MAIN,a75cf1aa0078e419e8ba7148aa5451db6795197b,Enable vanilla desktop movement,BASE-003;MOD-002;UI-004;MOD-013;NET/COOP/MOVE;PLAT/BASE;VR/WPN/FBT,final surviving behavior is authority; reverts/merges are historical; route is not per-commit acceptance
MAIN,8f0ef5ecfd7191280a40733625acc16e6e0ebbf6,Add VR weapon and muzzle calibration schema,AUDIO-003;AV-002;FBT-002;FBT-003;FBT-005;MOD-013;MOVE-001;MOVE-008;MOVE-009;PERF-F001;UI-006;VR-001;VR-002;VR-003;VR-004;VR-005;VR-006;VR-007;VR-008;VR-009;VR-010;VR-011;VR-012;VR-013;VR-014;VR-015;VR-016;WPN-001;WPN-002;WPN-003;WPN-004;WPN-005;WPN-006;WPN-007;WPN-008;WPN-009;WPN-010;WPN-011;WPN-012;XR-004;XR-009;COOP-013;MOD-011;MOD-012;MOD-013;PLAT-001;PLAT-003;PLAT-005;UI-006;PLAT/BASE;VR/WPN/FBT,final surviving behavior is authority; reverts/merges are historical; route is not per-commit acceptance
MAIN,0efcc749f973ce25dca575b8d182f45e65d04469,Improve QBJ3 CSQC HUD support,AUDIO-003;AV-002;FBT-002;FBT-003;FBT-005;MOD-013;MOVE-001;MOVE-008;MOVE-009;PERF-F001;UI-006;VR-001;VR-002;VR-003;VR-004;VR-005;VR-006;VR-007;VR-008;VR-009;VR-010;VR-011;VR-012;VR-013;VR-014;VR-015;VR-016;WPN-001;WPN-002;WPN-003;WPN-004;WPN-005;WPN-006;WPN-007;WPN-008;WPN-009;WPN-010;WPN-011;WPN-012;XR-004;XR-009;AUDIO-005;COOP-009;MOD-002;MOD-003;MOD-008;UI-004;PLAT-001;PLAT-003;PLAT-005;UI-006;PLAT/BASE;VR/WPN/FBT,final surviving behavior is authority; reverts/merges are historical; route is not per-commit acceptance
MAIN,1e8c4ad1e77c5905a5fe6ed62a9a599787b8c41c,Rebuild Linux executable,VR/WPN/FBT,final surviving behavior is authority; reverts/merges are historical; route is not per-commit acceptance
MAIN,8152f4fde45dcd22906a3564d0187f991766a79c,Fix VR adjustment save edge cases,AUDIO-003;AV-002;FBT-002;FBT-003;FBT-005;MOD-013;MOVE-001;MOVE-008;MOVE-009;PERF-F001;UI-006;VR-001;VR-002;VR-003;VR-004;VR-005;VR-006;VR-007;VR-008;VR-009;VR-010;VR-011;VR-012;VR-013;VR-014;VR-015;VR-016;WPN-001;WPN-002;WPN-003;WPN-004;WPN-005;WPN-006;WPN-007;WPN-008;WPN-009;WPN-010;WPN-011;WPN-012;XR-004;XR-009;COOP-009;MOD-014;PERF-F001;PERF-F003;XR-010;VR/WPN/FBT,final surviving behavior is authority; reverts/merges are historical; route is not per-commit acceptance
MAIN,852bdcafc24e91d760eec44729b45f9c25cf3a32,Fix VR adjustment preview and untrack Linux binaries,AUDIO-003;AV-002;FBT-002;FBT-003;FBT-005;MOD-013;MOVE-001;MOVE-008;MOVE-009;PERF-F001;UI-006;VR-001;VR-002;VR-003;VR-004;VR-005;VR-006;VR-007;VR-008;VR-009;VR-010;VR-011;VR-012;VR-013;VR-014;VR-015;VR-016;WPN-001;WPN-002;WPN-003;WPN-004;WPN-005;WPN-006;WPN-007;WPN-008;WPN-009;WPN-010;WPN-011;WPN-012;XR-004;XR-009;PLAT/BASE;VR/WPN/FBT,final surviving behavior is authority; reverts/merges are historical; route is not per-commit acceptance
MAIN,b92a3d639b2cf4710c86909ee6bc967c48038611,Restore multiplayer held weapon adjustment,AUDIO-003;AV-002;FBT-002;FBT-003;FBT-005;MOD-013;MOVE-001;MOVE-008;MOVE-009;PERF-F001;UI-006;VR-001;VR-002;VR-003;VR-004;VR-005;VR-006;VR-007;VR-008;VR-009;VR-010;VR-011;VR-012;VR-013;VR-014;VR-015;VR-016;WPN-001;WPN-002;WPN-003;WPN-004;WPN-005;WPN-006;WPN-007;WPN-008;WPN-009;WPN-010;WPN-011;WPN-012;XR-004;XR-009;PLAT-001;PLAT-003;PLAT-005;UI-006;VR/WPN/FBT,final surviving behavior is authority; reverts/merges are historical; route is not per-commit acceptance
MAIN,577614f14bd9833710c8b97a753d23bc4bda1f6b,Fix VR viewmodel scaling and desktop crosshairs,AV-006;MOD-008;UI-005;VR-014,final surviving behavior is authority; reverts/merges are historical; route is not per-commit acceptance
MAIN,2b0fac9a79366267ae60309cf9642404091c32ba,Fix CSQC compatibility review issues,COOP-013;MOD-001;MOD-001;MOD-003;MOD-004;MOD-005;MOD-006;MOD-009;MOD-010;WPN-010;MOD-003;MOD-007;MOD-012;MOD-014,final surviving behavior is authority; reverts/merges are historical; route is not per-commit acceptance
MAIN,fcc044785e1f339ab13ff0ccdc12dba94724966f,Fix savegame edict free-list restore,COOP-008;COOP-010;COOP-011;MOD-007;MOD-012;MOD-014;PLAT/BASE,final surviving behavior is authority; reverts/merges are historical; route is not per-commit acceptance
MAIN,82237fb64f57183c4dbd68757529595beb383a39,Add optional skyroom map support,AUDIO-001;COOP-001;COOP-002;COOP-003;COOP-004;COOP-005;COOP-006;COOP-007;COOP-008;COOP-011;COOP-012;MOD-007;MOVE-002;MOVE-003;MOVE-009;MOVE-012;AV-007;PERF-F002;COOP-009;MOD-014;PERF-F001;PERF-F003;XR-010;MOD-007;MOD-007;MOD-012;MOD-014;PLAT/BASE,final surviving behavior is authority; reverts/merges are historical; route is not per-commit acceptance
MAIN,dd52e2dd28ebcfecf880105508d64842d42c57e0,Register rerelease CheckPlayerEXFlags builtins,MOD-001;MOD-003;MOD-004;MOD-005;MOD-006;MOD-009;MOD-010;WPN-010,final surviving behavior is authority; reverts/merges are historical; route is not per-commit acceptance
MAIN,97fc16724b315dfceb583378f08dc3df642de874,Register rerelease low builtin slots,MOD-001;MOD-003;MOD-004;MOD-005;MOD-006;MOD-009;MOD-010;WPN-010,final surviving behavior is authority; reverts/merges are historical; route is not per-commit acceptance
MAIN,4dd9300739ece4bb19c582bceef492530fef4c7f,Add sequenced co-op movement prediction,AUDIO-001;COOP-001;COOP-002;COOP-003;COOP-004;COOP-005;COOP-006;COOP-007;COOP-008;COOP-011;COOP-012;MOD-007;MOVE-002;MOVE-003;MOVE-009;MOVE-012;COOP-013;COOP-013;MOD-011;MOD-012;MOD-002;UI-004;MOD-008;UI-004;MOD-013;NET/COOP/MOVE;PLAT/BASE,final surviving behavior is authority; reverts/merges are historical; route is not per-commit acceptance
MAIN,f6c920eca8764d750b234d41d9f2621abeb03e3e,Fix co-op prediction edge cases,MOD-002;UI-004,final surviving behavior is authority; reverts/merges are historical; route is not per-commit acceptance
MAIN,55e23b14909d765a5f11d841b6b09fc93047cb60,Improve co-op networking diagnostics and prediction,AUDIO-001;COOP-001;COOP-002;COOP-003;COOP-004;COOP-005;COOP-006;COOP-007;COOP-008;COOP-011;COOP-012;MOD-007;MOVE-002;MOVE-003;MOVE-009;MOVE-012;BASE-001;BASE-001;COOP-002;COOP-010;MOD-002;MOD-006;BASE-002;BASE-003;PLAT-005;UI-006;VR-009;BASE/MOD/COOP;COOP-008;COOP-010;COOP-011;COOP-009;MOD-014;PERF-F001;PERF-F003;XR-010;COOP-013;MOD-011;MOD-012;MOD-002;UI-004;MOD-008;UI-004;MOD-013;MOD/NET;NET/COOP/MOVE;PERF/ASSET;PLAT/BASE,final surviving behavior is authority; reverts/merges are historical; route is not per-commit acceptance
MAIN,4a4be11ae64699a9c6c8b706ddeb646f1b09bcbb,Handle co-op save late joins safely,AUDIO-001;COOP-001;COOP-002;COOP-003;COOP-004;COOP-005;COOP-006;COOP-007;COOP-008;COOP-011;COOP-012;MOD-007;MOVE-002;MOVE-003;MOVE-009;MOVE-012;COOP-008;COOP-010;COOP-011;COOP-013;MOD-011;MOD-012;PLAT/BASE,final surviving behavior is authority; reverts/merges are historical; route is not per-commit acceptance
MAIN,4bc922a0c18309bc4665be1f3d7ca35f1f7110e5,Checkpoint network protocol fixes,AUDIO-001;COOP-001;COOP-002;COOP-003;COOP-004;COOP-005;COOP-006;COOP-007;COOP-008;COOP-011;COOP-012;MOD-007;MOVE-002;MOVE-003;MOVE-009;MOVE-012;COOP-009;MOD-014;PERF-F001;PERF-F003;XR-010;MOD-001;MOD-003;MOD-004;MOD-005;MOD-006;MOD-009;MOD-010;WPN-010;MOD-002;UI-004;MOD-008;UI-004;MOD-013;NET/COOP/MOVE;PLAT/BASE,final surviving behavior is authority; reverts/merges are historical; route is not per-commit acceptance
MAIN,d0010c21088c69ba3b181731348036ef897507e3,Improve redundant move and snapshot handling,AUDIO-001;COOP-001;COOP-002;COOP-003;COOP-004;COOP-005;COOP-006;COOP-007;COOP-008;COOP-011;COOP-012;MOD-007;MOVE-002;MOVE-003;MOVE-009;MOVE-012;MOD-008;UI-004;NET/COOP/MOVE;PLAT/BASE,final surviving behavior is authority; reverts/merges are historical; route is not per-commit acceptance
MAIN,af4169d8388347b2851957c89349b5cd5f139688,Smooth split snapshot recovery,AUDIO-001;COOP-001;COOP-002;COOP-003;COOP-004;COOP-005;COOP-006;COOP-007;COOP-008;COOP-011;COOP-012;MOD-007;MOVE-002;MOVE-003;MOVE-009;MOVE-012;MOD-002;UI-004;MOD-008;UI-004;MOD-013;NET/COOP/MOVE;PLAT/BASE,final surviving behavior is authority; reverts/merges are historical; route is not per-commit acceptance
MAIN,b0540a67bb6dff65c5d33d6add08dc423d631c89,Disable flawed prediction smoothing default,MOD-002;UI-004,final surviving behavior is authority; reverts/merges are historical; route is not per-commit acceptance
MAIN,c5aefc0587df73eca712caa667841f1f23029f90,"Revert ""Disable flawed prediction smoothing default""",MOD-002;UI-004,final surviving behavior is authority; reverts/merges are historical; route is not per-commit acceptance
MAIN,2d40c5c5b6d7c257434841d9f4eba27da16a51d4,"Revert ""Smooth split snapshot recovery""",AUDIO-001;COOP-001;COOP-002;COOP-003;COOP-004;COOP-005;COOP-006;COOP-007;COOP-008;COOP-011;COOP-012;MOD-007;MOVE-002;MOVE-003;MOVE-009;MOVE-012;MOD-002;UI-004;MOD-008;UI-004;MOD-013;NET/COOP/MOVE;PLAT/BASE,final surviving behavior is authority; reverts/merges are historical; route is not per-commit acceptance
MAIN,19e5f7f5baf28ce8b8ed4d5c3c856a4b06fa8713,Add safe network diagnostics after rollback,AUDIO-001;COOP-001;COOP-002;COOP-003;COOP-004;COOP-005;COOP-006;COOP-007;COOP-008;COOP-011;COOP-012;MOD-007;MOVE-002;MOVE-003;MOVE-009;MOVE-012;MOD-002;UI-004;MOD-008;UI-004;NET/COOP/MOVE;PLAT/BASE,final surviving behavior is authority; reverts/merges are historical; route is not per-commit acceptance
MAIN,ce0a917fe68fcf00bee2d071df9180e34443c5f4,Improve split snapshot recovery,AUDIO-001;COOP-001;COOP-002;COOP-003;COOP-004;COOP-005;COOP-006;COOP-007;COOP-008;COOP-011;COOP-012;MOD-007;MOVE-002;MOVE-003;MOVE-009;MOVE-012;MOD-002;UI-004;MOD-008;UI-004;MOD-013;NET/COOP/MOVE;PLAT/BASE,final surviving behavior is authority; reverts/merges are historical; route is not per-commit acceptance
MAIN,8b6c89ce8d6b3723e6cfa65f504dd588c5f8621a,Improve move ack and disable split snapshots by default,AUDIO-001;COOP-001;COOP-002;COOP-003;COOP-004;COOP-005;COOP-006;COOP-007;COOP-008;COOP-011;COOP-012;MOD-007;MOVE-002;MOVE-003;MOVE-009;MOVE-012;MOD-008;UI-004;NET/COOP/MOVE;PLAT/BASE,final surviving behavior is authority; reverts/merges are historical; route is not per-commit acceptance
MAIN,03b930ed05a417406a68cbde55bd19412370e8d2,Integrate PMove prediction and replacement deltas,AUDIO-001;COOP-001;COOP-002;COOP-003;COOP-004;COOP-005;COOP-006;COOP-007;COOP-008;COOP-011;COOP-012;MOD-007;MOVE-002;MOVE-003;MOVE-009;MOVE-012;BASE-001;COOP-002;COOP-010;MOD-002;MOD-006;BASE/MOD/COOP;COOP-008;COOP-010;COOP-011;COOP-013;MOD-011;MOD-012;MOD-001;MOD-001;MOD-003;MOD-004;MOD-005;MOD-006;MOD-009;MOD-010;WPN-010;MOD-002;UI-004;MOD-006;UI-001;UI-005;MOD-007;MOD-012;MOD-014;MOD-008;UI-004;MOD-011;MOD-013;MOD/NET;MOVE/NET;NET/COOP/MOVE;PLAT/BASE;UI-005;UI/BASE/VR,final surviving behavior is authority; reverts/merges are historical; route is not per-commit acceptance
MAIN,2623e86026a59f96621c3d4f8a80aa3a988213e1,Improve snapshot fairness and packet sizing,AUDIO-001;COOP-001;COOP-002;COOP-003;COOP-004;COOP-005;COOP-006;COOP-007;COOP-008;COOP-011;COOP-012;MOD-007;MOVE-002;MOVE-003;MOVE-009;MOVE-012;MOD/NET;NET/COOP/MOVE;PLAT/BASE,final surviving behavior is authority; reverts/merges are historical; route is not per-commit acceptance
MAIN,84d17facf746fb65d2cf8240bd125bf731c648f8,Improve coop respawn and VR multiplayer handling,AUDIO-001;COOP-001;COOP-002;COOP-003;COOP-004;COOP-005;COOP-006;COOP-007;COOP-008;COOP-011;COOP-012;MOD-007;MOVE-002;MOVE-003;MOVE-009;MOVE-012;AUDIO-003;AV-002;FBT-002;FBT-003;FBT-005;MOD-013;MOVE-001;MOVE-008;MOVE-009;PERF-F001;UI-006;VR-001;VR-002;VR-003;VR-004;VR-005;VR-006;VR-007;VR-008;VR-009;VR-010;VR-011;VR-012;VR-013;VR-014;VR-015;VR-016;WPN-001;WPN-002;WPN-003;WPN-004;WPN-005;WPN-006;WPN-007;WPN-008;WPN-009;WPN-010;WPN-011;WPN-012;XR-004;XR-009;COOP-008;COOP-010;COOP-011;COOP-009;MOD-014;PERF-F001;PERF-F003;XR-010;COOP-013;MOD-011;MOD-012;MOD-002;UI-004;MOD-008;UI-004;MOD-011;MOD-013;NET/COOP/MOVE;PLAT/BASE;VR/WPN/FBT,final surviving behavior is authority; reverts/merges are historical; route is not per-commit acceptance
MAIN,c23b32ea1b91091697f9d301af9a65a449526172,Add QSS-M particle and mod compatibility support,AUDIO-001;COOP-001;COOP-002;COOP-003;COOP-004;COOP-005;COOP-006;COOP-007;COOP-008;COOP-011;COOP-012;MOD-007;MOVE-002;MOVE-003;MOVE-009;MOVE-012;AV-007;PERF-F002;BASE-002;BASE/MOD/COOP;COOP-009;MOD-014;PERF-F001;PERF-F003;XR-010;MOD-001;MOD-003;MOD-004;MOD-005;MOD-006;MOD-009;MOD-010;WPN-010;MOD-002;UI-004;MOD-006;UI-001;UI-005;MOD-007;MOD-008;UI-004;MOD-009;MOD-010;MOD-013;MOD/NET;NET/COOP/MOVE;PERF-F002;PERF/ASSET;PLAT/BASE;UI/BASE/VR,final surviving behavior is authority; reverts/merges are historical; route is not per-commit acceptance
MAIN,ea10be4978f73f10683c812d8b3f68e05581e25f,Optimize renderer state changes,AUDIO-003;AV-002;FBT-002;FBT-003;FBT-005;MOD-013;MOVE-001;MOVE-008;MOVE-009;PERF-F001;UI-006;VR-001;VR-002;VR-003;VR-004;VR-005;VR-006;VR-007;VR-008;VR-009;VR-010;VR-011;VR-012;VR-013;VR-014;VR-015;VR-016;WPN-001;WPN-002;WPN-003;WPN-004;WPN-005;WPN-006;WPN-007;WPN-008;WPN-009;WPN-010;WPN-011;WPN-012;XR-004;XR-009;AV-006;MOD-008;COOP-009;MOD-014;PERF-F001;PERF-F003;XR-010;PERF/ASSET;PLAT/BASE;UI-005,final surviving behavior is authority; reverts/merges are historical; route is not per-commit acceptance
MAIN,f5ba887ede661a762084330dec86f24bcaa9f386,Add modern mod compatibility builtins and alpha fixes,AV-007;PERF-F002;COOP-009;MOD-014;PERF-F001;PERF-F003;XR-010;MOD-001;MOD-001;MOD-003;MOD-004;MOD-005;MOD-006;MOD-009;MOD-010;WPN-010;MOD-007;MOD-012;MOD-014;NET/COOP/MOVE;PERF-F002;PERF/ASSET;PLAT/BASE,final surviving behavior is authority; reverts/merges are historical; route is not per-commit acceptance
MAIN,43c9e4cb3c7968c8ec16f0fcaeaa23bd6cd08cc9,Move client entities into client state,AUDIO-003;AV-002;FBT-002;FBT-003;FBT-005;MOD-013;MOVE-001;MOVE-008;MOVE-009;PERF-F001;UI-006;VR-001;VR-002;VR-003;VR-004;VR-005;VR-006;VR-007;VR-008;VR-009;VR-010;VR-011;VR-012;VR-013;VR-014;VR-015;VR-016;WPN-001;WPN-002;WPN-003;WPN-004;WPN-005;WPN-006;WPN-007;WPN-008;WPN-009;WPN-010;WPN-011;WPN-012;XR-004;XR-009;AV-006;MOD-008;BASE-001;COOP-002;COOP-010;MOD-002;MOD-006;COOP-009;MOD-014;PERF-F001;PERF-F003;XR-010;MOD-002;UI-004;MOD-008;UI-004;MOD-009;MOD-010;MOD-011;MOD-013;PERF/ASSET;PLAT/BASE;VR-014,final surviving behavior is authority; reverts/merges are historical; route is not per-commit acceptance
MAIN,a52405f0878dc47be07f1457db854348ddc4a5c2,Add renderer performance diagnostics and VR compatibility updates,AUDIO-003;AV-002;FBT-002;FBT-003;FBT-005;MOD-013;MOVE-001;MOVE-008;MOVE-009;PERF-F001;UI-006;VR-001;VR-002;VR-003;VR-004;VR-005;VR-006;VR-007;VR-008;VR-009;VR-010;VR-011;VR-012;VR-013;VR-014;VR-015;VR-016;WPN-001;WPN-002;WPN-003;WPN-004;WPN-005;WPN-006;WPN-007;WPN-008;WPN-009;WPN-010;WPN-011;WPN-012;XR-004;XR-009;AV-006;MOD-008;AV-007;PERF-F002;COOP-009;MOD-014;PERF-F001;PERF-F003;XR-010;COOP-013;MOD-008;UI-004;MOD-013;PERF/ASSET;PLAT/BASE;VR/WPN/FBT,final surviving behavior is authority; reverts/merges are historical; route is not per-commit acceptance
MAIN,bd5ad3eab47279ba9f4011ef1e621da6b4840268,Move networking toward QSS-style prediction,AUDIO-001;COOP-001;COOP-002;COOP-003;COOP-004;COOP-005;COOP-006;COOP-007;COOP-008;COOP-011;COOP-012;MOD-007;MOVE-002;MOVE-003;MOVE-009;MOVE-012;AUDIO-003;AV-002;FBT-002;FBT-003;FBT-005;MOD-013;MOVE-001;MOVE-008;MOVE-009;PERF-F001;UI-006;VR-001;VR-002;VR-003;VR-004;VR-005;VR-006;VR-007;VR-008;VR-009;VR-010;VR-011;VR-012;VR-013;VR-014;VR-015;VR-016;WPN-001;WPN-002;WPN-003;WPN-004;WPN-005;WPN-006;WPN-007;WPN-008;WPN-009;WPN-010;WPN-011;WPN-012;XR-004;XR-009;AV-007;PERF-F002;BASE-001;COOP-002;COOP-010;MOD-002;MOD-006;BASE-003;BASE-003;PLAT-005;UI-006;VR-009;COOP-008;COOP-010;COOP-011;COOP-013;MOD-011;MOD-012;MOD-001;MOD-003;MOD-004;MOD-005;MOD-006;MOD-009;MOD-010;WPN-010;MOD-002;UI-004;MOD-008;UI-004;MOD-013;MOD-013;MOD-014;UI-002;UI-005;NET/COOP/MOVE;PLAT-001;PLAT-003;PLAT-005;UI-006;PLAT/BASE;UI/BASE/VR,final surviving behavior is authority; reverts/merges are historical; route is not per-commit acceptance
MAIN,34514c85543a26150be466848bc944783222eafe,Send replacement stats once per update,AUDIO-001;COOP-001;COOP-002;COOP-003;COOP-004;COOP-005;COOP-006;COOP-007;COOP-008;COOP-011;COOP-012;MOD-007;MOVE-002;MOVE-003;MOVE-009;MOVE-012,final surviving behavior is authority; reverts/merges are historical; route is not per-commit acceptance
MAIN,2a108c2306aa03685c5cbd18fb8adc7c85cdffcd,Add replacement delta packet diagnostics,AUDIO-001;COOP-001;COOP-002;COOP-003;COOP-004;COOP-005;COOP-006;COOP-007;COOP-008;COOP-011;COOP-012;MOD-007;MOVE-002;MOVE-003;MOVE-009;MOVE-012;PLAT/BASE,final surviving behavior is authority; reverts/merges are historical; route is not per-commit acceptance
MAIN,fb2d11b4684621583deb758d1ad88ee664f00dc5,Default replacement pacing to strict soft cap,AUDIO-001;COOP-001;COOP-002;COOP-003;COOP-004;COOP-005;COOP-006;COOP-007;COOP-008;COOP-011;COOP-012;MOD-007;MOVE-002;MOVE-003;MOVE-009;MOVE-012;PLAT-001;PLAT-003;PLAT-005;UI-006,final surviving behavior is authority; reverts/merges are historical; route is not per-commit acceptance
MAIN,f11b5d55de9b1580dd1f0eb298ac21893e922d0d,Duplicate only primary replacement packet by default,AUDIO-001;COOP-001;COOP-002;COOP-003;COOP-004;COOP-005;COOP-006;COOP-007;COOP-008;COOP-011;COOP-012;MOD-007;MOVE-002;MOVE-003;MOVE-009;MOVE-012;PLAT-001;PLAT-003;PLAT-005;UI-006;PLAT/BASE,final surviving behavior is authority; reverts/merges are historical; route is not per-commit acceptance
MAIN,398598b3b5b50c743aab4208d0c21e1f688bba5f,Log replacement datagram payload sources,AUDIO-001;COOP-001;COOP-002;COOP-003;COOP-004;COOP-005;COOP-006;COOP-007;COOP-008;COOP-011;COOP-012;MOD-007;MOVE-002;MOVE-003;MOVE-009;MOVE-012,final surviving behavior is authority; reverts/merges are historical; route is not per-commit acceptance
MAIN,35ccd1788208f21fd66145092b2c32fac4fd4a48,Classify replacement datagram lagdebug bytes,AUDIO-001;COOP-001;COOP-002;COOP-003;COOP-004;COOP-005;COOP-006;COOP-007;COOP-008;COOP-011;COOP-012;MOD-007;MOVE-002;MOVE-003;MOVE-009;MOVE-012,final surviving behavior is authority; reverts/merges are historical; route is not per-commit acceptance
MAIN,971b9237242fdbf681d59cf0de84e49d4e2735ec,Cap cosmetic particles in replacement updates,AUDIO-001;COOP-001;COOP-002;COOP-003;COOP-004;COOP-005;COOP-006;COOP-007;COOP-008;COOP-011;COOP-012;MOD-007;MOVE-002;MOVE-003;MOVE-009;MOVE-012;PLAT-001;PLAT-003;PLAT-005;UI-006;PLAT/BASE,final surviving behavior is authority; reverts/merges are historical; route is not per-commit acceptance
MAIN,305fd3b7edbdb07cf3c574d6bfd8c827af0e8845,Reserve datagram space in replacement updates,AUDIO-001;COOP-001;COOP-002;COOP-003;COOP-004;COOP-005;COOP-006;COOP-007;COOP-008;COOP-011;COOP-012;MOD-007;MOVE-002;MOVE-003;MOVE-009;MOVE-012;PLAT-001;PLAT-003;PLAT-005;UI-006,final surviving behavior is authority; reverts/merges are historical; route is not per-commit acceptance
MAIN,ecd6139a84f75c7b3f714536991fe9e701150655,Route server sounds through client datagrams,AUDIO-001;COOP-001;COOP-002;COOP-003;COOP-004;COOP-005;COOP-006;COOP-007;COOP-008;COOP-011;COOP-012;MOD-007;MOVE-002;MOVE-003;MOVE-009;MOVE-012;PLAT-001;PLAT-003;PLAT-005;UI-006,final surviving behavior is authority; reverts/merges are historical; route is not per-commit acceptance
MAIN,41ac862f9d3e7efcc82ca7570b7b2a1698b43ac0,Bound private datagrams to packet size,AUDIO-001;COOP-001;COOP-002;COOP-003;COOP-004;COOP-005;COOP-006;COOP-007;COOP-008;COOP-011;COOP-012;MOD-007;MOVE-002;MOVE-003;MOVE-009;MOVE-012,final surviving behavior is authority; reverts/merges are historical; route is not per-commit acceptance
MAIN,6801546a40b303b9a6c8ab6fe9d7a0aec39b37e2,Flush soft replacement deltas same frame,AUDIO-001;COOP-001;COOP-002;COOP-003;COOP-004;COOP-005;COOP-006;COOP-007;COOP-008;COOP-011;COOP-012;MOD-007;MOVE-002;MOVE-003;MOVE-009;MOVE-012;PLAT-001;PLAT-003;PLAT-005;UI-006,final surviving behavior is authority; reverts/merges are historical; route is not per-commit acceptance
MAIN,220cc3f72353a2459d1341ebd19568f3c0072e24,Duplicate replacement continuation packets by default,AUDIO-001;COOP-001;COOP-002;COOP-003;COOP-004;COOP-005;COOP-006;COOP-007;COOP-008;COOP-011;COOP-012;MOD-007;MOVE-002;MOVE-003;MOVE-009;MOVE-012;PLAT-001;PLAT-003;PLAT-005;UI-006,final surviving behavior is authority; reverts/merges are historical; route is not per-commit acceptance
MAIN,d5a7283628cad561e7e3d62938daa999b9874580,Bound client move timestamps to server time,MOD-002;UI-004;PLAT-001;PLAT-003;PLAT-005;UI-006,final surviving behavior is authority; reverts/merges are historical; route is not per-commit acceptance
MAIN,a6d678fdc82dfb3a92d35bff8076c32a8bf961c4,Log replacement snapshot ack age,AUDIO-001;COOP-001;COOP-002;COOP-003;COOP-004;COOP-005;COOP-006;COOP-007;COOP-008;COOP-011;COOP-012;MOD-007;MOVE-002;MOVE-003;MOVE-009;MOVE-012;NET/COOP/MOVE;PLAT/BASE,final surviving behavior is authority; reverts/merges are historical; route is not per-commit acceptance
MAIN,c5449f5fab1dbd1a7e5137ec6714f52eb99c13d8,Default client send rate to QSS cadence,BASE-001;COOP-002;COOP-010;MOD-002;MOD-006;PLAT-001;PLAT-003;PLAT-005;UI-006,final surviving behavior is authority; reverts/merges are historical; route is not per-commit acceptance
MAIN,90e7b01d7906f5222d7d7efb3f2d031a4edd387a,Isolate network frames at client send cadence,BASE-001;COOP-002;COOP-010;MOD-002;MOD-006;PLAT-001;PLAT-003;PLAT-005;UI-006,final surviving behavior is authority; reverts/merges are historical; route is not per-commit acceptance
MAIN,71f8b3cca9e0b6abf5fd29682a55832ca432ca8e,Default move packet duplication off,MOD-013;PLAT-001;PLAT-003;PLAT-005;UI-006,final surviving behavior is authority; reverts/merges are historical; route is not per-commit acceptance
MAIN,c9cdd12ef38ee06741c36feea9d87c514cef2ff8,Align replacement delta packet defaults with QSS,AUDIO-001;COOP-001;COOP-002;COOP-003;COOP-004;COOP-005;COOP-006;COOP-007;COOP-008;COOP-011;COOP-012;MOD-007;MOVE-002;MOVE-003;MOVE-009;MOVE-012;BASE-002;MOD-006;UI-001;UI-005;PLAT-001;PLAT-003;PLAT-005;UI-006,final surviving behavior is authority; reverts/merges are historical; route is not per-commit acceptance
MAIN,b314e41184b0fe5015d324d9c6f48ad8ca615333,Enable small unreliable reorder window,NET/COOP/MOVE;PLAT-001;PLAT-003;PLAT-005;UI-006,final surviving behavior is authority; reverts/merges are historical; route is not per-commit acceptance
MAIN,a81d6ae238adbe871260469f1a3dc87c8f21d9aa,Log host frame gaps for network diagnostics,BASE-001;COOP-002;COOP-010;MOD-002;MOD-006,final surviving behavior is authority; reverts/merges are historical; route is not per-commit acceptance
MAIN,e30176dc7fa0b3f9764c05210745f5e767bf5954,Tolerate brief input gaps before clearing movement,NET/COOP/MOVE;PLAT-001;PLAT-003;PLAT-005;UI-006,final surviving behavior is authority; reverts/merges are historical; route is not per-commit acceptance
MAIN,06be4811963988abf68c96d8f0e24d046a40e6ec,Increase default move command redundancy,MOD-013;PLAT-001;PLAT-003;PLAT-005;UI-006,final surviving behavior is authority; reverts/merges are historical; route is not per-commit acceptance
MAIN,47cd8f2a75b392b9e9358f53d4f630ad8d6b58d6,Cap bundled move packets by size,MOD-002;UI-004;MOD-013;NET/COOP/MOVE;PLAT-001;PLAT-003;PLAT-005;UI-006;PLAT/BASE,final surviving behavior is authority; reverts/merges are historical; route is not per-commit acceptance
MAIN,89ad3d67c389c0f1b566ec25106eba7613a53797,Disable unreliable reorder holdback by default,NET/COOP/MOVE;PLAT-001;PLAT-003;PLAT-005;UI-006,final surviving behavior is authority; reverts/merges are historical; route is not per-commit acceptance
MAIN,d1e510c76058ed32b12fcf5323bdb277adb5e7b6,Prune stale same-IP reconnect sockets,NET/COOP/MOVE;PLAT-001;PLAT-003;PLAT-005;UI-006,final surviving behavior is authority; reverts/merges are historical; route is not per-commit acceptance
MAIN,fa23679b389a3ebb580a632d51b60574e35fdbad,Clamp recovered move time instead of discarding it,NET/COOP/MOVE,final surviving behavior is authority; reverts/merges are historical; route is not per-commit acceptance
MAIN,9a1f1ccc48861af0fa2248d9b1c22a8f0ec57ddb,Raise default UDP packet budget to 1400,AUDIO-001;COOP-001;COOP-002;COOP-003;COOP-004;COOP-005;COOP-006;COOP-007;COOP-008;COOP-011;COOP-012;MOD-007;MOVE-002;MOVE-003;MOVE-009;MOVE-012;MOD-013;PLAT-001;PLAT-003;PLAT-005;UI-006,final surviving behavior is authority; reverts/merges are historical; route is not per-commit acceptance
MAIN,fb9756e5bc871cdcc5c46f41956ca6401ec6cf96,Duplicate first replacement delta packet by default,AUDIO-001;COOP-001;COOP-002;COOP-003;COOP-004;COOP-005;COOP-006;COOP-007;COOP-008;COOP-011;COOP-012;MOD-007;MOVE-002;MOVE-003;MOVE-009;MOVE-012;PLAT-001;PLAT-003;PLAT-005;UI-006,final surviving behavior is authority; reverts/merges are historical; route is not per-commit acceptance
MAIN,d32215e6c64768e50e89e4c335bfddb2ab0c1ab1,Keep move timing independent of snapshot interpolation,MOD-002;UI-004;MOD-013;PLAT-001;PLAT-003;PLAT-005;UI-006,final surviving behavior is authority; reverts/merges are historical; route is not per-commit acceptance
MAIN,d93650f76a18a5cb751c44d58005f05e6a0ceebd,Duplicate all replacement delta packets by default,AUDIO-001;COOP-001;COOP-002;COOP-003;COOP-004;COOP-005;COOP-006;COOP-007;COOP-008;COOP-011;COOP-012;MOD-007;MOVE-002;MOVE-003;MOVE-009;MOVE-012;PLAT-001;PLAT-003;PLAT-005;UI-006,final surviving behavior is authority; reverts/merges are historical; route is not per-commit acceptance
MAIN,38f7ed0f58b19510dc8c41f4f6f88fb1ca092410,Resend duplicate move packets with same sequence,MOD-013,final surviving behavior is authority; reverts/merges are historical; route is not per-commit acceptance
MAIN,c2b79321e93cfc771fce6435c824982a8d44dc70,Improve movement judder diagnostics,MOD-002;UI-004;NET/COOP/MOVE,final surviving behavior is authority; reverts/merges are historical; route is not per-commit acceptance
MAIN,a3831eecb3652e8453e531d688736fa7e5e96092,Recover same-burst unreliable reordering,NET/COOP/MOVE;PLAT-001;PLAT-003;PLAT-005;UI-006,final surviving behavior is authority; reverts/merges are historical; route is not per-commit acceptance
MAIN,3573a06fc78c6a0f26b7b5df880921d7b66a297e,Send independent movement acknowledgements,AUDIO-001;COOP-001;COOP-002;COOP-003;COOP-004;COOP-005;COOP-006;COOP-007;COOP-008;COOP-011;COOP-012;MOD-007;MOVE-002;MOVE-003;MOVE-009;MOVE-012;PLAT-001;PLAT-003;PLAT-005;UI-006,final surviving behavior is authority; reverts/merges are historical; route is not per-commit acceptance
MAIN,c1103306c82d3cc53a3d5b178dd234a0a00736b0,Use logical replacement frame acknowledgements,AUDIO-001;COOP-001;COOP-002;COOP-003;COOP-004;COOP-005;COOP-006;COOP-007;COOP-008;COOP-011;COOP-012;MOD-007;MOVE-002;MOVE-003;MOVE-009;MOVE-012;MOD-008;UI-004;NET/COOP/MOVE;PLAT-001;PLAT-003;PLAT-005;UI-006,final surviving behavior is authority; reverts/merges are historical; route is not per-commit acceptance
MAIN,1f06e1d5dc173629abf1169c09f3234036acd66b,Redundantly send replacement frame acknowledgements,MOD-002;UI-004;MOD-008;UI-004;MOD-013;NET/COOP/MOVE;PLAT/BASE,final surviving behavior is authority; reverts/merges are historical; route is not per-commit acceptance
MAIN,4145d2b30b08b51af53fd6d20459433065f37fcf,Default legacy PMove to compatibility mode,NET/COOP/MOVE;PLAT-001;PLAT-003;PLAT-005;UI-006,final surviving behavior is authority; reverts/merges are historical; route is not per-commit acceptance
MAIN,01c47ceb1d3633c6fa83b9889c56fd2a46cdb3b8,Send replacement ACKs without movement commands,MOD-002;UI-004;MOD-013,final surviving behavior is authority; reverts/merges are historical; route is not per-commit acceptance
MAIN,d1e42372576fe6ddfc3789ba1e76344f1b26c8ae,Default PMove fallback and smooth small corrections,MOD-002;UI-004;NET/COOP/MOVE;PLAT-001;PLAT-003;PLAT-005;UI-006,final surviving behavior is authority; reverts/merges are historical; route is not per-commit acceptance
MAIN,e651cc782ffe5d18d9507d4286e3712cdc6963e5,Keep replacement move ACKs synchronized with snapshots,AUDIO-001;COOP-001;COOP-002;COOP-003;COOP-004;COOP-005;COOP-006;COOP-007;COOP-008;COOP-011;COOP-012;MOD-007;MOVE-002;MOVE-003;MOVE-009;MOVE-012;PLAT-001;PLAT-003;PLAT-005;UI-006,final surviving behavior is authority; reverts/merges are historical; route is not per-commit acceptance
MAIN,e1907c6b1979a68c2fbb15adbc6b137c1374d78d,Reset prediction history on player teleports,MOD-002;UI-004,final surviving behavior is authority; reverts/merges are historical; route is not per-commit acceptance
MAIN,08290e8d43a4600197b1749e783c5d15272ce0e2,Sync Visual Studio project source list,PLAT/BASE,final surviving behavior is authority; reverts/merges are historical; route is not per-commit acceptance
MAIN,8670c32300302ad8b5fe342df151eb1afd98d5f6,Preserve QC velocity in legacy PMove,AUDIO-001;COOP-001;COOP-002;COOP-003;COOP-004;COOP-005;COOP-006;COOP-007;COOP-008;COOP-011;COOP-012;MOD-007;MOVE-002;MOVE-003;MOVE-009;MOVE-012;COOP-013;MOD-011;MOD-012;NET/COOP/MOVE,final surviving behavior is authority; reverts/merges are historical; route is not per-commit acceptance
MAIN,caf59f7c9a4bfe289f8264e18c48fec7a9b3ab2a,Fix VR input and weapon wheel regressions,AUDIO-003;AV-002;FBT-002;FBT-003;FBT-005;MOD-013;MOVE-001;MOVE-008;MOVE-009;PERF-F001;UI-006;VR-001;VR-002;VR-003;VR-004;VR-005;VR-006;VR-007;VR-008;VR-009;VR-010;VR-011;VR-012;VR-013;VR-014;VR-015;VR-016;WPN-001;WPN-002;WPN-003;WPN-004;WPN-005;WPN-006;WPN-007;WPN-008;WPN-009;WPN-010;WPN-011;WPN-012;XR-004;XR-009;BASE-003;PLAT-005;UI-006;VR-009;MOD-007;MOD-008;UI-004;MOD-011;MOD-013;MOD-013;MOD-014;UI-002;UI-005;PERF/ASSET;PLAT-001;PLAT-003;PLAT-005;UI-006;UI/BASE/VR,final surviving behavior is authority; reverts/merges are historical; route is not per-commit acceptance
MAIN,a3872636d56da142c482817581d9517f99820d71,Fix skybox image loading and clean repo artifacts,AUDIO;AUDIO-001;COOP-001;COOP-002;COOP-003;COOP-004;COOP-005;COOP-006;COOP-007;COOP-008;COOP-011;COOP-012;MOD-007;MOVE-002;MOVE-003;MOVE-009;MOVE-012;MOD-001;NET/COOP/MOVE;PERF/ASSET;PLAT/BASE;UI/BASE/VR,final surviving behavior is authority; reverts/merges are historical; route is not per-commit acceptance
MAIN,c6f167ec1134e81ade740e55cee485a67c084fb9,Add co-op respawn delay safeguards,AUDIO;AUDIO-001;COOP-001;COOP-002;COOP-003;COOP-004;COOP-005;COOP-006;COOP-007;COOP-008;COOP-011;COOP-012;MOD-007;MOVE-002;MOVE-003;MOVE-009;MOVE-012;COOP-013;MOD-011;MOD-012;PLAT-001;PLAT-003;PLAT-005;UI-006;PLAT/BASE,final surviving behavior is authority; reverts/merges are historical; route is not per-commit acceptance
MAIN,6d7532f32dd1f9fa1767bd3c8a762a226a89984a,Document active fork changes,COOP-013;MOD-011;MOD-012;PLAT-001;PLAT-003;PLAT-005;UI-006,final surviving behavior is authority; reverts/merges are historical; route is not per-commit acceptance
MAIN,c578678a80a88a18ba4a8746a7c1ac7f1f11fdbf,Clean README attribution,PLAT-001;PLAT-003;PLAT-005;UI-006,final surviving behavior is authority; reverts/merges are historical; route is not per-commit acceptance
MAIN,d021da6f07d16c72b8d6f4bfba0410665bc0f702,Add Linux GitHub Actions build,PLAT/BASE,final surviving behavior is authority; reverts/merges are historical; route is not per-commit acceptance
MAIN,a22755a44836a2bbd9204acc83256c29e18fa996,Fix Linux CI dependencies,PLAT/BASE,final surviving behavior is authority; reverts/merges are historical; route is not per-commit acceptance
MAIN,662b34b2eeeca94040275d6803b1ea5dbd2a4f78,Add Windows MSVC GitHub Actions build,PLAT/BASE,final surviving behavior is authority; reverts/merges are historical; route is not per-commit acceptance
MAIN,cc371e4cbab8f537e49b505d76804879d16f501f,Improve VR mod weapon metadata handling,AUDIO-001;COOP-001;COOP-002;COOP-003;COOP-004;COOP-005;COOP-006;COOP-007;COOP-008;COOP-011;COOP-012;MOD-007;MOVE-002;MOVE-003;MOVE-009;MOVE-012;AUDIO-003;AV-002;FBT-002;FBT-003;FBT-005;MOD-013;MOVE-001;MOVE-008;MOVE-009;PERF-F001;UI-006;VR-001;VR-002;VR-003;VR-004;VR-005;VR-006;VR-007;VR-008;VR-009;VR-010;VR-011;VR-012;VR-013;VR-014;VR-015;VR-016;WPN-001;WPN-002;WPN-003;WPN-004;WPN-005;WPN-006;WPN-007;WPN-008;WPN-009;WPN-010;WPN-011;WPN-012;XR-004;XR-009;COOP-008;COOP-010;COOP-011;COOP-013;MOD-011;MOD-012;MOD-001;MOD-003;MOD-004;MOD-005;MOD-006;MOD-009;MOD-010;WPN-010;MOD-013;MOD/NET;NET/COOP/MOVE;PLAT-001;PLAT-003;PLAT-005;UI-006;PLAT/BASE;VR/WPN/FBT,final surviving behavior is authority; reverts/merges are historical; route is not per-commit acceptance
MAIN,c44431feb2cd49d84b6fcd6f7d68730c49b75886,Fix co-op respawn and restore vanilla VR movement defaults,AUDIO-001;COOP-001;COOP-002;COOP-003;COOP-004;COOP-005;COOP-006;COOP-007;COOP-008;COOP-011;COOP-012;MOD-007;MOVE-002;MOVE-003;MOVE-009;MOVE-012;AUDIO-003;AV-002;FBT-002;FBT-003;FBT-005;MOD-013;MOVE-001;MOVE-008;MOVE-009;PERF-F001;UI-006;VR-001;VR-002;VR-003;VR-004;VR-005;VR-006;VR-007;VR-008;VR-009;VR-010;VR-011;VR-012;VR-013;VR-014;VR-015;VR-016;WPN-001;WPN-002;WPN-003;WPN-004;WPN-005;WPN-006;WPN-007;WPN-008;WPN-009;WPN-010;WPN-011;WPN-012;XR-004;XR-009;COOP-008;COOP-010;COOP-011;COOP-009;MOD-014;PERF-F001;PERF-F003;XR-010;COOP-013;MOD-011;MOD-012;MOD-001;MOD-003;MOD-004;MOD-005;MOD-006;MOD-009;MOD-010;WPN-010;NET/COOP/MOVE;PLAT-001;PLAT-003;PLAT-005;UI-006;PLAT/BASE,final surviving behavior is authority; reverts/merges are historical; route is not per-commit acceptance
MAIN,77ebb763a18d91f80ef2c1d41b835f5e491e8a7b,Fix VR hot-connect startup demos,COOP-008;COOP-010;COOP-011;MOD-002;UI-004,final surviving behavior is authority; reverts/merges are historical; route is not per-commit acceptance
MAIN,eabc8646ad72a3f4e39c10cbd8bd179640120872,Preserve core VR controller bindings,AUDIO-003;AV-002;FBT-002;FBT-003;FBT-005;MOD-013;MOVE-001;MOVE-008;MOVE-009;PERF-F001;UI-006;VR-001;VR-002;VR-003;VR-004;VR-005;VR-006;VR-007;VR-008;VR-009;VR-010;VR-011;VR-012;VR-013;VR-014;VR-015;VR-016;WPN-001;WPN-002;WPN-003;WPN-004;WPN-005;WPN-006;WPN-007;WPN-008;WPN-009;WPN-010;WPN-011;WPN-012;XR-004;XR-009;UI/BASE/VR;VR/WPN/FBT,final surviving behavior is authority; reverts/merges are historical; route is not per-commit acceptance
MAIN,100f9795730026c8247a03fa93ee519dbc4432fb,Use VR weapon stat for unschematized weapons,AUDIO-003;AV-002;FBT-002;FBT-003;FBT-005;MOD-013;MOVE-001;MOVE-008;MOVE-009;PERF-F001;UI-006;VR-001;VR-002;VR-003;VR-004;VR-005;VR-006;VR-007;VR-008;VR-009;VR-010;VR-011;VR-012;VR-013;VR-014;VR-015;VR-016;WPN-001;WPN-002;WPN-003;WPN-004;WPN-005;WPN-006;WPN-007;WPN-008;WPN-009;WPN-010;WPN-011;WPN-012;XR-004;XR-009,final surviving behavior is authority; reverts/merges are historical; route is not per-commit acceptance
MAIN,dd74e66c92ed42788de75319a5ec4806a6aa83fd,Brighten nametags and raise VR jump,AUDIO-001;COOP-001;COOP-002;COOP-003;COOP-004;COOP-005;COOP-006;COOP-007;COOP-008;COOP-011;COOP-012;MOD-007;MOVE-002;MOVE-003;MOVE-009;MOVE-012;COOP-009;MOD-014;PERF-F001;PERF-F003;XR-010;COOP-013;MOD-011;MOD-012;MOD-011;PLAT/BASE,final surviving behavior is authority; reverts/merges are historical; route is not per-commit acceptance
MAIN,28896cc2d1656088c6f54c43a5b2dad601a9c354,Restore legacymain VR overlay placement,AUDIO-003;AV-002;FBT-002;FBT-003;FBT-005;MOD-013;MOVE-001;MOVE-008;MOVE-009;PERF-F001;UI-006;VR-001;VR-002;VR-003;VR-004;VR-005;VR-006;VR-007;VR-008;VR-009;VR-010;VR-011;VR-012;VR-013;VR-014;VR-015;VR-016;WPN-001;WPN-002;WPN-003;WPN-004;WPN-005;WPN-006;WPN-007;WPN-008;WPN-009;WPN-010;WPN-011;WPN-012;XR-004;XR-009,final surviving behavior is authority; reverts/merges are historical; route is not per-commit acceptance
MAIN,6e9f6961217bb66a88cfb57ec15ad827734e01f8,Fix VR platform and menu input defaults,BASE-003;BASE-003;PLAT-005;UI-006;VR-009;COOP-013;MOD-011;MOD-012;NET/COOP/MOVE,final surviving behavior is authority; reverts/merges are historical; route is not per-commit acceptance
MAIN,43fb64cee17ba806a93af847b42cec215ee50ff4,Fix VR menu input and moving platform contact,AUDIO-003;AV-002;FBT-002;FBT-003;FBT-005;MOD-013;MOVE-001;MOVE-008;MOVE-009;PERF-F001;UI-006;VR-001;VR-002;VR-003;VR-004;VR-005;VR-006;VR-007;VR-008;VR-009;VR-010;VR-011;VR-012;VR-013;VR-014;VR-015;VR-016;WPN-001;WPN-002;WPN-003;WPN-004;WPN-005;WPN-006;WPN-007;WPN-008;WPN-009;WPN-010;WPN-011;WPN-012;XR-004;XR-009;BASE-003;COOP-013;MOD-011;MOD-012,final surviving behavior is authority; reverts/merges are historical; route is not per-commit acceptance
MAIN,4a27ae0231b9bdd88a2a2fbdcb3902133e9fd4ae,Fix VR stereo transparency state,AUDIO-003;AV-002;FBT-002;FBT-003;FBT-005;MOD-013;MOVE-001;MOVE-008;MOVE-009;PERF-F001;UI-006;VR-001;VR-002;VR-003;VR-004;VR-005;VR-006;VR-007;VR-008;VR-009;VR-010;VR-011;VR-012;VR-013;VR-014;VR-015;VR-016;WPN-001;WPN-002;WPN-003;WPN-004;WPN-005;WPN-006;WPN-007;WPN-008;WPN-009;WPN-010;WPN-011;WPN-012;XR-004;XR-009;COOP-009;MOD-014;PERF-F001;PERF-F003;XR-010;MOD-009;PERF/ASSET;PLAT/BASE,final surviving behavior is authority; reverts/merges are historical; route is not per-commit acceptance
MAIN,4a75a1156d878671c3e783e4d48a12a82e748cf4,Harden VR weapon wheel ownership detection,AUDIO-001;COOP-001;COOP-002;COOP-003;COOP-004;COOP-005;COOP-006;COOP-007;COOP-008;COOP-011;COOP-012;MOD-007;MOVE-002;MOVE-003;MOVE-009;MOVE-012;AUDIO-003;AV-002;FBT-002;FBT-003;FBT-005;MOD-013;MOVE-001;MOVE-008;MOVE-009;PERF-F001;UI-006;VR-001;VR-002;VR-003;VR-004;VR-005;VR-006;VR-007;VR-008;VR-009;VR-010;VR-011;VR-012;VR-013;VR-014;VR-015;VR-016;WPN-001;WPN-002;WPN-003;WPN-004;WPN-005;WPN-006;WPN-007;WPN-008;WPN-009;WPN-010;WPN-011;WPN-012;XR-004;XR-009;MOD/NET,final surviving behavior is authority; reverts/merges are historical; route is not per-commit acceptance
MAIN,cb9de395c0ad3b1bec34db17225d6d57e054fd29,Fix VR coop weapon and movement edge cases,AUDIO-003;AV-002;FBT-002;FBT-003;FBT-005;MOD-013;MOVE-001;MOVE-008;MOVE-009;PERF-F001;UI-006;VR-001;VR-002;VR-003;VR-004;VR-005;VR-006;VR-007;VR-008;VR-009;VR-010;VR-011;VR-012;VR-013;VR-014;VR-015;VR-016;WPN-001;WPN-002;WPN-003;WPN-004;WPN-005;WPN-006;WPN-007;WPN-008;WPN-009;WPN-010;WPN-011;WPN-012;XR-004;XR-009;COOP-009;MOD-014;PERF-F001;PERF-F003;XR-010;COOP-013;MOD-011;MOD-012;MOD-001;MOD-003;MOD-004;MOD-005;MOD-006;MOD-009;MOD-010;WPN-010;MOD-011;MOD-013;NET/COOP/MOVE;PLAT/BASE;UI/BASE/VR,final surviving behavior is authority; reverts/merges are historical; route is not per-commit acceptance
MAIN,02eb2da27379168209a75bb5e2ba402200b4ecbe,Fix input recovery and mod giveall state,COOP-008;COOP-010;COOP-011;UI/BASE/VR,final surviving behavior is authority; reverts/merges are historical; route is not per-commit acceptance
MAIN,f43f10d835b1ef5c4a5a29768b4ced79420e9315,Fix coop respawn and weapon wheel teleport,AUDIO-003;AV-002;FBT-002;FBT-003;FBT-005;MOD-013;MOVE-001;MOVE-008;MOVE-009;PERF-F001;UI-006;VR-001;VR-002;VR-003;VR-004;VR-005;VR-006;VR-007;VR-008;VR-009;VR-010;VR-011;VR-012;VR-013;VR-014;VR-015;VR-016;WPN-001;WPN-002;WPN-003;WPN-004;WPN-005;WPN-006;WPN-007;WPN-008;WPN-009;WPN-010;WPN-011;WPN-012;XR-004;XR-009;BASE-003;PLAT-005;UI-006;VR-009;COOP-008;COOP-010;COOP-011;COOP-009;MOD-014;PERF-F001;PERF-F003;XR-010;COOP-013;MOD-011;MOD-012;MOD-013;NET/COOP/MOVE;PLAT/BASE;UI/BASE/VR;VR/WPN/FBT,final surviving behavior is authority; reverts/merges are historical; route is not per-commit acceptance
MAIN,08e33d36af9f7c61e817d491d947b0a2fe089c1c,Adopt QSS-M dynamic hunk allocation,AV-007;PERF-F002;PERF/ASSET;PLAT/BASE;UI/BASE/VR,final surviving behavior is authority; reverts/merges are historical; route is not per-commit acceptance
MAIN,4139423dc10714a3b1ac7f3a58ad40c7ef7dfef1,Improve coop player selection visuals,AUDIO-003;AV-002;FBT-002;FBT-003;FBT-005;MOD-013;MOVE-001;MOVE-008;MOVE-009;PERF-F001;UI-006;VR-001;VR-002;VR-003;VR-004;VR-005;VR-006;VR-007;VR-008;VR-009;VR-010;VR-011;VR-012;VR-013;VR-014;VR-015;VR-016;WPN-001;WPN-002;WPN-003;WPN-004;WPN-005;WPN-006;WPN-007;WPN-008;WPN-009;WPN-010;WPN-011;WPN-012;XR-004;XR-009;COOP-009;MOD-014;PERF-F001;PERF-F003;XR-010;VR/WPN/FBT,final surviving behavior is authority; reverts/merges are historical; route is not per-commit acceptance
MAIN,f1fbe4ac8203cdc9615ecb100d8ce534b8efd071,Avoid legacy water draw path when warp textures exist,PERF-F003;PERF/ASSET,final surviving behavior is authority; reverts/merges are historical; route is not per-commit acceptance
MAIN,53466168e031793a0475ff0c3481e4fb910ef00f,Stabilize server PMove defaults,NET/COOP/MOVE,final surviving behavior is authority; reverts/merges are historical; route is not per-commit acceptance
MAIN,45523a20ac2bcadc7b43a0c18034e907a41b0a13,Send full prediction base in move acks,AUDIO-001;COOP-001;COOP-002;COOP-003;COOP-004;COOP-005;COOP-006;COOP-007;COOP-008;COOP-011;COOP-012;MOD-007;MOVE-002;MOVE-003;MOVE-009;MOVE-012;MOD-002;UI-004;MOD-008;UI-004;NET/COOP/MOVE;PLAT/BASE,final surviving behavior is authority; reverts/merges are historical; route is not per-commit acceptance
MAIN,b0d9729712789015fa7b08963d7d0341ff45445f,Keep trusted movement out of water exits,NET/COOP/MOVE,final surviving behavior is authority; reverts/merges are historical; route is not per-commit acceptance
MAIN,c8d027ddb883bee3061a4503fc7e054bc3fb1913,Remove trusted movement path,AUDIO-001;COOP-001;COOP-002;COOP-003;COOP-004;COOP-005;COOP-006;COOP-007;COOP-008;COOP-011;COOP-012;MOD-007;MOVE-002;MOVE-003;MOVE-009;MOVE-012;COOP-013;MOD-011;MOD-012;MOD-002;UI-004;MOD-013;NET/COOP/MOVE;PLAT/BASE,final surviving behavior is authority; reverts/merges are historical; route is not per-commit acceptance
MAIN,50a1ae428469056c9f485c48ff16b7c3bab6c505,Send one movement command per packet,MOD-013;NET/COOP/MOVE,final surviving behavior is authority; reverts/merges are historical; route is not per-commit acceptance
MAIN,611b677c96b56e546e13c92c06393bec9c845ca8,Gate independent move acks to PMove,AUDIO-001;COOP-001;COOP-002;COOP-003;COOP-004;COOP-005;COOP-006;COOP-007;COOP-008;COOP-011;COOP-012;MOD-007;MOVE-002;MOVE-003;MOVE-009;MOVE-012;PLAT-001;PLAT-003;PLAT-005;UI-006,final surviving behavior is authority; reverts/merges are historical; route is not per-commit acceptance
MAIN,6d4f540ee96f0d16c59d502c69bcc55211fb26ec,Use latest command for classic movement,NET/COOP/MOVE,final surviving behavior is authority; reverts/merges are historical; route is not per-commit acceptance
MAIN,bfee98ecd10c79d7fa89dbec194d9e76c095e323,Run PMove commands directly like QSS-M,AUDIO-001;COOP-001;COOP-002;COOP-003;COOP-004;COOP-005;COOP-006;COOP-007;COOP-008;COOP-011;COOP-012;MOD-007;MOVE-002;MOVE-003;MOVE-009;MOVE-012;COOP-008;COOP-010;COOP-011;COOP-013;MOD-011;MOD-012;NET/COOP/MOVE;PLAT/BASE,final surviving behavior is authority; reverts/merges are historical; route is not per-commit acceptance
MAIN,144ac3b86e7aa729906c8cdc15f07180b2fe0e22,Fix latest-client PMove timing,AUDIO-001;COOP-001;COOP-002;COOP-003;COOP-004;COOP-005;COOP-006;COOP-007;COOP-008;COOP-011;COOP-012;MOD-007;MOVE-002;MOVE-003;MOVE-009;MOVE-012;BASE-001;COOP-002;COOP-010;MOD-002;MOD-006;MOD-008;UI-004;NET/COOP/MOVE,final surviving behavior is authority; reverts/merges are historical; route is not per-commit acceptance
MAIN,13603f0cae71727097225164df890fcba5cf4a9c,Run CSQC input frame for sent commands,MOD-001;MOD-001;MOD-003;MOD-004;MOD-005;MOD-006;MOD-009;MOD-010;WPN-010;MOD-002;UI-004,final surviving behavior is authority; reverts/merges are historical; route is not per-commit acceptance
MAIN,2f54acf3c6dc1da5cb8333b72d000b846d3bc9d7,Mirror QSS-M network pacing defaults,BASE-001;COOP-002;COOP-010;MOD-002;MOD-006;MOD-013;PLAT-001;PLAT-003;PLAT-005;UI-006,final surviving behavior is authority; reverts/merges are historical; route is not per-commit acceptance
MAIN,8fd88b2efc78dda6ed00a05b9f687a5181dcd8e6,Disable snapshot packet duplication by default,AUDIO-001;COOP-001;COOP-002;COOP-003;COOP-004;COOP-005;COOP-006;COOP-007;COOP-008;COOP-011;COOP-012;MOD-007;MOVE-002;MOVE-003;MOVE-009;MOVE-012;PLAT-001;PLAT-003;PLAT-005;UI-006,final surviving behavior is authority; reverts/merges are historical; route is not per-commit acceptance
MAIN,36d4fdc58e016e149de5a68cc868a483cb9a2a24,Default network interpolation to QSS-M timing,BASE-001;COOP-002;COOP-010;MOD-002;MOD-006;MOD-002;UI-004;MOD-006;UI-001;UI-005;PLAT-001;PLAT-003;PLAT-005;UI-006,final surviving behavior is authority; reverts/merges are historical; route is not per-commit acceptance
MAIN,5ac77ec770cddcd17e271162cd15ea2f93e124f7,Use entity snapshots as PMove prediction base,AUDIO-001;COOP-001;COOP-002;COOP-003;COOP-004;COOP-005;COOP-006;COOP-007;COOP-008;COOP-011;COOP-012;MOD-007;MOVE-002;MOVE-003;MOVE-009;MOVE-012;MOD-002;UI-004;MOD-008;UI-004;NET/COOP/MOVE;PLAT-001;PLAT-003;PLAT-005;UI-006,final surviving behavior is authority; reverts/merges are historical; route is not per-commit acceptance
MAIN,1f2a3b82040a82741cf2c0aa379c412dd3d6e5f1,Require latest replacement movement protocol,AUDIO-001;COOP-001;COOP-002;COOP-003;COOP-004;COOP-005;COOP-006;COOP-007;COOP-008;COOP-011;COOP-012;MOD-007;MOVE-002;MOVE-003;MOVE-009;MOVE-012;MOD-002;UI-004;MOD-008;UI-004;MOD-011;NET/COOP/MOVE;PLAT-001;PLAT-003;PLAT-005;UI-006;PLAT/BASE,final surviving behavior is authority; reverts/merges are historical; route is not per-commit acceptance
MAIN,181d84a19446c436ddfb0d4ec08934dcf8d8894f,Require latest multiplayer PMove path,BASE-001;COOP-002;COOP-010;MOD-002;MOD-006;MOD-002;UI-004;NET/COOP/MOVE;PLAT-001;PLAT-003;PLAT-005;UI-006,final surviving behavior is authority; reverts/merges are historical; route is not per-commit acceptance
MAIN,3e6ee968bf039b69510d11d9bf2e641414170629,Accumulate network time before frame filtering,BASE-001;COOP-002;COOP-010;MOD-002;MOD-006,final surviving behavior is authority; reverts/merges are historical; route is not per-commit acceptance
MAIN,ae5691e0bfe91e40907642c77e87eeccf8d7b80b,Use QSS-M command timing for movement,MOD-002;UI-004;MOD-013;PLAT-001;PLAT-003;PLAT-005;UI-006;PLAT/BASE,final surviving behavior is authority; reverts/merges are historical; route is not per-commit acceptance
MAIN,e6afd3be38fb58882ae8dbf8bc9a7f8a5d869b88,Ack PMove commands when accepted,NET/COOP/MOVE,final surviving behavior is authority; reverts/merges are historical; route is not per-commit acceptance
MAIN,b1393188f5f5d337d9b4bf4b3ac728bb67126ec4,Default replacement deltas to QSS-M pacing,AUDIO-001;COOP-001;COOP-002;COOP-003;COOP-004;COOP-005;COOP-006;COOP-007;COOP-008;COOP-011;COOP-012;MOD-007;MOVE-002;MOVE-003;MOVE-009;MOVE-012;PLAT-001;PLAT-003;PLAT-005;UI-006,final surviving behavior is authority; reverts/merges are historical; route is not per-commit acceptance
MAIN,ae4f0f2a9e8513786f689ee1ded49c350bc634da,Default unreliable packet reordering off,NET/COOP/MOVE;PLAT-001;PLAT-003;PLAT-005;UI-006,final surviving behavior is authority; reverts/merges are historical; route is not per-commit acceptance
MAIN,b56afe6e02e51e95c007e51be18ab28b0497bac3,Drop stale unreliable snapshots,NET/COOP/MOVE,final surviving behavior is authority; reverts/merges are historical; route is not per-commit acceptance
MAIN,4357ad3fc006ffd152e53f2ef99ab84a708a3e5d,Harden UDP burst sends like QSS-M,MOD/NET;NET/COOP/MOVE,final surviving behavior is authority; reverts/merges are historical; route is not per-commit acceptance
MAIN,db763222d98526fdf04459121828df6e36e13741,Use transport sequence for replacement ACKs,AUDIO-001;COOP-001;COOP-002;COOP-003;COOP-004;COOP-005;COOP-006;COOP-007;COOP-008;COOP-011;COOP-012;MOD-007;MOVE-002;MOVE-003;MOVE-009;MOVE-012;MOD-008;UI-004;MOD-013;NET/COOP/MOVE,final surviving behavior is authority; reverts/merges are historical; route is not per-commit acceptance
MAIN,7f9456e55ef29c23f7b0c1b57aba2b281fd81804,Remove stale split snapshot protocol,AUDIO-001;COOP-001;COOP-002;COOP-003;COOP-004;COOP-005;COOP-006;COOP-007;COOP-008;COOP-011;COOP-012;MOD-007;MOVE-002;MOVE-003;MOVE-009;MOVE-012;MOD-008;UI-004;NET/COOP/MOVE;PLAT/BASE,final surviving behavior is authority; reverts/merges are historical; route is not per-commit acceptance
MAIN,17d4af9cba3479e54db8f54720d7fce39bedd792,Remove unreliable datagram reorder queue,NET/COOP/MOVE,final surviving behavior is authority; reverts/merges are historical; route is not per-commit acceptance
MAIN,444c7c5b71473cc8c8163c9d5c57f2bf9681ad6c,Remove unreliable packet duplication toggles,AUDIO-001;COOP-001;COOP-002;COOP-003;COOP-004;COOP-005;COOP-006;COOP-007;COOP-008;COOP-011;COOP-012;MOD-007;MOVE-002;MOVE-003;MOVE-009;MOVE-012;MOD-002;UI-004;MOD-013;NET/COOP/MOVE;PLAT/BASE,final surviving behavior is authority; reverts/merges are historical; route is not per-commit acceptance
MAIN,6d1f294316d698bd28ccf57a69e29ae9f7242e83,Always clamp client move timing,AUDIO-001;COOP-001;COOP-002;COOP-003;COOP-004;COOP-005;COOP-006;COOP-007;COOP-008;COOP-011;COOP-012;MOD-007;MOVE-002;MOVE-003;MOVE-009;MOVE-012;NET/COOP/MOVE,final surviving behavior is authority; reverts/merges are historical; route is not per-commit acceptance
MAIN,c90d2340f8212ad9c3910ea97c295ca08ca36b60,Mirror QSS-M snapshot ACK handling,AUDIO-001;COOP-001;COOP-002;COOP-003;COOP-004;COOP-005;COOP-006;COOP-007;COOP-008;COOP-011;COOP-012;MOD-007;MOVE-002;MOVE-003;MOVE-009;MOVE-012;MOD-002;UI-004;MOD-008;UI-004;MOD-013;PLAT/BASE,final surviving behavior is authority; reverts/merges are historical; route is not per-commit acceptance
MAIN,12c77379540f5fcefd8c402c2c912580ae7980a2,Require RMQ protocol for latest clients,AUDIO-001;COOP-001;COOP-002;COOP-003;COOP-004;COOP-005;COOP-006;COOP-007;COOP-008;COOP-011;COOP-012;MOD-007;MOVE-002;MOVE-003;MOVE-009;MOVE-012;MOD-008;UI-004,final surviving behavior is authority; reverts/merges are historical; route is not per-commit acceptance
MAIN,5ccb8e969c95ac460f70a88ef12636dca5a8ad3a,Force shared datagram socket path,NET/COOP/MOVE,final surviving behavior is authority; reverts/merges are historical; route is not per-commit acceptance
MAIN,d88d3b8beba0942dbc443d907c6b3dd799625e37,Remove replacement snapshot throttle cvars,AUDIO-001;COOP-001;COOP-002;COOP-003;COOP-004;COOP-005;COOP-006;COOP-007;COOP-008;COOP-011;COOP-012;MOD-007;MOVE-002;MOVE-003;MOVE-009;MOVE-012;PLAT/BASE,final surviving behavior is authority; reverts/merges are historical; route is not per-commit acceptance
MAIN,24a2bfc8a5d0bb29cb3d139f09c77650e9afef1e,Track unreliable packet loss per socket,AUDIO-001;COOP-001;COOP-002;COOP-003;COOP-004;COOP-005;COOP-006;COOP-007;COOP-008;COOP-011;COOP-012;MOD-007;MOVE-002;MOVE-003;MOVE-009;MOVE-012;NET/COOP/MOVE;PLAT-001;PLAT-003;PLAT-005;UI-006,final surviving behavior is authority; reverts/merges are historical; route is not per-commit acceptance
MAIN,d6fdfd6238d28fecd8cc059b910e5c97b97f0432,Drain all server ACKs during reliable fanout,NET/COOP/MOVE,final surviving behavior is authority; reverts/merges are historical; route is not per-commit acceptance
MAIN,5d744ee887822abac4c2da088110f795b18dd142,Raise dedicated server tick default,BASE-001;COOP-002;COOP-010;MOD-002;MOD-006;PLAT-001;PLAT-003;PLAT-005;UI-006,final surviving behavior is authority; reverts/merges are historical; route is not per-commit acceptance
MAIN,a408022704efceef95314041e70f6d205f544c26,Prune stale same-IP virtual sockets,NET/COOP/MOVE,final surviving behavior is authority; reverts/merges are historical; route is not per-commit acceptance
MAIN,0ad10d91f39fa64dd5bda93a812080f3f9f1246b,Remove move prediction handshake,AUDIO-001;COOP-001;COOP-002;COOP-003;COOP-004;COOP-005;COOP-006;COOP-007;COOP-008;COOP-011;COOP-012;MOD-007;MOVE-002;MOVE-003;MOVE-009;MOVE-012;MOD-002;UI-004;NET/COOP/MOVE;PLAT/BASE,final surviving behavior is authority; reverts/merges are historical; route is not per-commit acceptance
MAIN,c6ef138b679e467dc1c13c878ee9c1b55005b375,Use applied move sequence for server ACKs,NET/COOP/MOVE;PLAT/BASE,final surviving behavior is authority; reverts/merges are historical; route is not per-commit acceptance
MAIN,f9e1d95a7f1cec7738f134e6f830e5f2df9baba9,Gate global reliables after serverinfo,AUDIO-001;COOP-001;COOP-002;COOP-003;COOP-004;COOP-005;COOP-006;COOP-007;COOP-008;COOP-011;COOP-012;MOD-007;MOVE-002;MOVE-003;MOVE-009;MOVE-012,final surviving behavior is authority; reverts/merges are historical; route is not per-commit acceptance
MAIN,e211a1d22b87ec82d84e14daba1c3f30295c3524,Match QSS-M float coordinate protocol,AUDIO-001;COOP-001;COOP-002;COOP-003;COOP-004;COOP-005;COOP-006;COOP-007;COOP-008;COOP-011;COOP-012;MOD-007;MOVE-002;MOVE-003;MOVE-009;MOVE-012;MOD-008;UI-004,final surviving behavior is authority; reverts/merges are historical; route is not per-commit acceptance
MAIN,e7fe7437d3bcd17b86fc6723da863fd35142f206,Default server PMove to QSS-M behavior,AUDIO-001;COOP-001;COOP-002;COOP-003;COOP-004;COOP-005;COOP-006;COOP-007;COOP-008;COOP-011;COOP-012;MOD-007;MOVE-002;MOVE-003;MOVE-009;MOVE-012;NET/COOP/MOVE;PLAT/BASE,final surviving behavior is authority; reverts/merges are historical; route is not per-commit acceptance
MAIN,d20752d1f10b4edad0364bf06d9c49949432ed2e,Precompute replacement snapshots before sends,AUDIO-001;COOP-001;COOP-002;COOP-003;COOP-004;COOP-005;COOP-006;COOP-007;COOP-008;COOP-011;COOP-012;MOD-007;MOVE-002;MOVE-003;MOVE-009;MOVE-012,final surviving behavior is authority; reverts/merges are historical; route is not per-commit acceptance
MAIN,c61e45daad81d36cc204157dc967dfa218454c99,Restore QSS-M dedicated tick default,BASE-001;COOP-002;COOP-010;MOD-002;MOD-006,final surviving behavior is authority; reverts/merges are historical; route is not per-commit acceptance
MAIN,b2ea3c8ba6455fa01347388cfb5a958d6f42d519,Remove custom replacement delta prioritization,AUDIO-001;COOP-001;COOP-002;COOP-003;COOP-004;COOP-005;COOP-006;COOP-007;COOP-008;COOP-011;COOP-012;MOD-007;MOVE-002;MOVE-003;MOVE-009;MOVE-012;PLAT/BASE,final surviving behavior is authority; reverts/merges are historical; route is not per-commit acceptance
MAIN,0723addc2e06ce3122bfddabc5501f8d18139863,Match QSS-M datagram send cadence,AUDIO-001;COOP-001;COOP-002;COOP-003;COOP-004;COOP-005;COOP-006;COOP-007;COOP-008;COOP-011;COOP-012;MOD-007;MOVE-002;MOVE-003;MOVE-009;MOVE-012,final surviving behavior is authority; reverts/merges are historical; route is not per-commit acceptance
MAIN,6d7196d90302bb9d813401b39dbdbd4a201e4cc3,Preserve contiguous replacement acks,AUDIO-001;COOP-001;COOP-002;COOP-003;COOP-004;COOP-005;COOP-006;COOP-007;COOP-008;COOP-011;COOP-012;MOD-007;MOVE-002;MOVE-003;MOVE-009;MOVE-012;MOD-008;UI-004;PLAT/BASE,final surviving behavior is authority; reverts/merges are historical; route is not per-commit acceptance
MAIN,f8ef709f67e42de8085a69c039936913a67a20e5,Gate prediction on acknowledged live player,MOD-002;UI-004,final surviving behavior is authority; reverts/merges are historical; route is not per-commit acceptance
MAIN,d5bb54e6a12d5a33a12147282b662dfc7ac8b56a,Migrate stale VR instant-stop defaults,AUDIO-001;COOP-001;COOP-002;COOP-003;COOP-004;COOP-005;COOP-006;COOP-007;COOP-008;COOP-011;COOP-012;MOD-007;MOVE-002;MOVE-003;MOVE-009;MOVE-012;AUDIO-003;AV-002;FBT-002;FBT-003;FBT-005;MOD-013;MOVE-001;MOVE-008;MOVE-009;PERF-F001;UI-006;VR-001;VR-002;VR-003;VR-004;VR-005;VR-006;VR-007;VR-008;VR-009;VR-010;VR-011;VR-012;VR-013;VR-014;VR-015;VR-016;WPN-001;WPN-002;WPN-003;WPN-004;WPN-005;WPN-006;WPN-007;WPN-008;WPN-009;WPN-010;WPN-011;WPN-012;XR-004;XR-009;BASE-001;COOP-002;COOP-010;MOD-002;MOD-006;MOD-006;UI-001;UI-005;VR/WPN/FBT,final surviving behavior is authority; reverts/merges are historical; route is not per-commit acceptance
MAIN,0bc1aa5903844c7b64b694ed37311a56c4a4beb6,Migrate stale VR movement speed defaults,AUDIO-003;AV-002;FBT-002;FBT-003;FBT-005;MOD-013;MOVE-001;MOVE-008;MOVE-009;PERF-F001;UI-006;VR-001;VR-002;VR-003;VR-004;VR-005;VR-006;VR-007;VR-008;VR-009;VR-010;VR-011;VR-012;VR-013;VR-014;VR-015;VR-016;WPN-001;WPN-002;WPN-003;WPN-004;WPN-005;WPN-006;WPN-007;WPN-008;WPN-009;WPN-010;WPN-011;WPN-012;XR-004;XR-009,final surviving behavior is authority; reverts/merges are historical; route is not per-commit acceptance
MAIN,8c5272d83326ea1f66fc4bb636f3b493938d4de2,Advertise required PEXT2 protocol,AUDIO-001;COOP-001;COOP-002;COOP-003;COOP-004;COOP-005;COOP-006;COOP-007;COOP-008;COOP-011;COOP-012;MOD-007;MOVE-002;MOVE-003;MOVE-009;MOVE-012;MOD-008;UI-004,final surviving behavior is authority; reverts/merges are historical; route is not per-commit acceptance
MAIN,aa8d08307a096039b48f08538b4d623ddd1c9335,Match QSS-M PMove timing catchup,COOP-013;MOD-011;MOD-012;MOD-002;UI-004;NET/COOP/MOVE,final surviving behavior is authority; reverts/merges are historical; route is not per-commit acceptance
MAIN,cbe80cec147124e37d9a300698e291c2f9afafed,Require latest PEXT2 protocol path,AUDIO-001;COOP-001;COOP-002;COOP-003;COOP-004;COOP-005;COOP-006;COOP-007;COOP-008;COOP-011;COOP-012;MOD-007;MOVE-002;MOVE-003;MOVE-009;MOVE-012;MOD-002;UI-004;MOD-008;UI-004;NET/COOP/MOVE,final surviving behavior is authority; reverts/merges are historical; route is not per-commit acceptance
MAIN,3620f344701d327f37f7144e1c08243a5af46edd,Match QSS-M move ack state handling,AUDIO-001;COOP-001;COOP-002;COOP-003;COOP-004;COOP-005;COOP-006;COOP-007;COOP-008;COOP-011;COOP-012;MOD-007;MOVE-002;MOVE-003;MOVE-009;MOVE-012;COOP-008;COOP-010;COOP-011;MOD-008;UI-004;NET/COOP/MOVE;PLAT-001;PLAT-003;PLAT-005;UI-006;PLAT/BASE,final surviving behavior is authority; reverts/merges are historical; route is not per-commit acceptance
MAIN,02f756d0baaaf61704e3ed6ef8785688ca35cb18,Preserve latest replacement frame ack,MOD-008;UI-004;PLAT/BASE,final surviving behavior is authority; reverts/merges are historical; route is not per-commit acceptance
MAIN,edc69229b3a160a0a2a0d2fa7b67a1e8de801ec4,Match QSS-M client snapshot interpolation,AUDIO-001;COOP-001;COOP-002;COOP-003;COOP-004;COOP-005;COOP-006;COOP-007;COOP-008;COOP-011;COOP-012;MOD-007;MOVE-002;MOVE-003;MOVE-009;MOVE-012;MOD-002;UI-004;PLAT-001;PLAT-003;PLAT-005;UI-006;PLAT/BASE,final surviving behavior is authority; reverts/merges are historical; route is not per-commit acceptance
MAIN,2f728baece037e038b9ee0dd28b016a70b41484c,Apply host frame pacing in VR,BASE-001;COOP-002;COOP-010;MOD-002;MOD-006,final surviving behavior is authority; reverts/merges are historical; route is not per-commit acceptance
MAIN,1ea01803125512ff11e4a8d9804fb967a508e9fa,Avoid duplicate server client message drains,NET/COOP/MOVE,final surviving behavior is authority; reverts/merges are historical; route is not per-commit acceptance
MAIN,41947deb75160535d4a5a5d64ed79a0f7dec607c,Align server client frame handling with QSS-M,AUDIO-001;COOP-001;COOP-002;COOP-003;COOP-004;COOP-005;COOP-006;COOP-007;COOP-008;COOP-011;COOP-012;MOD-007;MOVE-002;MOVE-003;MOVE-009;MOVE-012;NET/COOP/MOVE,final surviving behavior is authority; reverts/merges are historical; route is not per-commit acceptance
MAIN,a59e1be815ebbcc60e1f688b653aada994de5d9f,Keep server PMove disabled by default,NET/COOP/MOVE;PLAT-001;PLAT-003;PLAT-005;UI-006,final surviving behavior is authority; reverts/merges are historical; route is not per-commit acceptance
MAIN,319bf8282fd612f60291a0e581cd8be13eea5b88,Align server send path with QSS-M,AUDIO-001;COOP-001;COOP-002;COOP-003;COOP-004;COOP-005;COOP-006;COOP-007;COOP-008;COOP-011;COOP-012;MOD-007;MOVE-002;MOVE-003;MOVE-009;MOVE-012;BASE-001;COOP-002;COOP-010;MOD-002;MOD-006,final surviving behavior is authority; reverts/merges are historical; route is not per-commit acceptance
MAIN,d1c83688e6cc4457a4bef1ca7c302d8d6d13ddd1,Use server frame time for vanilla movement,NET/COOP/MOVE,final surviving behavior is authority; reverts/merges are historical; route is not per-commit acceptance
MAIN,86a08bd61fe771304cd93a5fbe3ddb125532adf1,Align network frame pacing with QSS-M,AUDIO-001;COOP-001;COOP-002;COOP-003;COOP-004;COOP-005;COOP-006;COOP-007;COOP-008;COOP-011;COOP-012;MOD-007;MOVE-002;MOVE-003;MOVE-009;MOVE-012;BASE-001;COOP-002;COOP-010;MOD-002;MOD-006;COOP-013;MOD-011;MOD-012;MOD/NET;PLAT-001;PLAT-003;PLAT-005;UI-006;PLAT/BASE,final surviving behavior is authority; reverts/merges are historical; route is not per-commit acceptance
MAIN,004bfea079e0d6949bc27bdeb54f5508b6e9f072,Align net packet handling with QSS-M,BASE-001;COOP-002;COOP-010;MOD-002;MOD-006;NET/COOP/MOVE,final surviving behavior is authority; reverts/merges are historical; route is not per-commit acceptance
MAIN,a4d823ec15ab876893fea0be0358af4f0615dc76,Align gamedir and timeout net handling,AUDIO-001;COOP-001;COOP-002;COOP-003;COOP-004;COOP-005;COOP-006;COOP-007;COOP-008;COOP-011;COOP-012;MOD-007;MOVE-002;MOVE-003;MOVE-009;MOVE-012;BASE/MOD/COOP;MOD-006;UI-001;UI-005;MOD-008;UI-004;NET/COOP/MOVE;PLAT-001;PLAT-003;PLAT-005;UI-006;PLAT/BASE,final surviving behavior is authority; reverts/merges are historical; route is not per-commit acceptance
MAIN,3cb8792eb1507fe1578673e8f558ff568921d4d9,Harden movement ack and pmove state handling,MOD-008;UI-004;NET/COOP/MOVE,final surviving behavior is authority; reverts/merges are historical; route is not per-commit acceptance
MAIN,a1650af7edcbc2e8d30bf4dd2186ce7aae1c6a35,Add QSS-M netfps probe,BASE-001;COOP-002;COOP-010;MOD-002;MOD-006,final surviving behavior is authority; reverts/merges are historical; route is not per-commit acceptance
MAIN,f1cc31eb02fcca10f886368bb0932511f788ba0a,Make remote packet size cap effective,AUDIO-001;COOP-001;COOP-002;COOP-003;COOP-004;COOP-005;COOP-006;COOP-007;COOP-008;COOP-011;COOP-012;MOD-007;MOVE-002;MOVE-003;MOVE-009;MOVE-012,final surviving behavior is authority; reverts/merges are historical; route is not per-commit acceptance
MAIN,09237dddf62e9ad257ed273780bba970fc921e8d,Preserve replacement-delta ack ordering,MOD-008;UI-004,final surviving behavior is authority; reverts/merges are historical; route is not per-commit acceptance
MAIN,99f6946df99ca110eb1b40496df89f0c9873cc23,Restore replacement-delta movement metadata,AUDIO-001;COOP-001;COOP-002;COOP-003;COOP-004;COOP-005;COOP-006;COOP-007;COOP-008;COOP-011;COOP-012;MOD-007;MOVE-002;MOVE-003;MOVE-009;MOVE-012;MOD-008;UI-004,final surviving behavior is authority; reverts/merges are historical; route is not per-commit acceptance
MAIN,a3c7c38474c3d8b1bbc996e26b4c0c3709d989ab,Add straight and Foundry deploy scripts,PLAT/BASE,final surviving behavior is authority; reverts/merges are historical; route is not per-commit acceptance
MAIN,ed42d5bbb02a511e5f8498a39fa0598ccad60a1a,Align remote packet cap with QSS-M,AUDIO-001;COOP-001;COOP-002;COOP-003;COOP-004;COOP-005;COOP-006;COOP-007;COOP-008;COOP-011;COOP-012;MOD-007;MOVE-002;MOVE-003;MOVE-009;MOVE-012;MOD-008;UI-004;PLAT/BASE,final surviving behavior is authority; reverts/merges are historical; route is not per-commit acceptance
MAIN,a43074ac79e7779ab6d3ebfd52554622abac01d1,Match QSS-M CSQC entity updates,AUDIO-001;COOP-001;COOP-002;COOP-003;COOP-004;COOP-005;COOP-006;COOP-007;COOP-008;COOP-011;COOP-012;MOD-007;MOVE-002;MOVE-003;MOVE-009;MOVE-012;MOD-008;UI-004,final surviving behavior is authority; reverts/merges are historical; route is not per-commit acceptance
MAIN,68ddb43a292b3aa5a6b930c41b2351f4da0c3c5a,Match QSS-M snapshot visibility rules,AUDIO-001;COOP-001;COOP-002;COOP-003;COOP-004;COOP-005;COOP-006;COOP-007;COOP-008;COOP-011;COOP-012;MOD-007;MOVE-002;MOVE-003;MOVE-009;MOVE-012;MOD-001;MOD-007;MOD-012;MOD-014;PLAT/BASE,final surviving behavior is authority; reverts/merges are historical; route is not per-commit acceptance
MAIN,128091ee5374fc93f8a18414474952e298a8303f,Pace replacement delta packet bursts,AUDIO-001;COOP-001;COOP-002;COOP-003;COOP-004;COOP-005;COOP-006;COOP-007;COOP-008;COOP-011;COOP-012;MOD-007;MOVE-002;MOVE-003;MOVE-009;MOVE-012;PLAT-001;PLAT-003;PLAT-005;UI-006,final surviving behavior is authority; reverts/merges are historical; route is not per-commit acceptance
MAIN,1bee4b03265ce321ecec6a21c6ac2ad3292bb1c2,Stabilize replacement delta pacing,AUDIO-001;COOP-001;COOP-002;COOP-003;COOP-004;COOP-005;COOP-006;COOP-007;COOP-008;COOP-011;COOP-012;MOD-007;MOVE-002;MOVE-003;MOVE-009;MOVE-012;MOD-008;UI-004;MOD-013;NET/COOP/MOVE;PLAT-001;PLAT-003;PLAT-005;UI-006;PLAT/BASE,final surviving behavior is authority; reverts/merges are historical; route is not per-commit acceptance
MAIN,2560cba540883bfc0326923bfe24c720027c666f,Migrate stale network defaults,BASE-001;COOP-002;COOP-010;MOD-002;MOD-006;PLAT-001;PLAT-003;PLAT-005;UI-006,final surviving behavior is authority; reverts/merges are historical; route is not per-commit acceptance
MAIN,652b971563dd6cfacda5c687580129a2af709e62,Gate server PMove behind trusted movement cvar,AUDIO-001;COOP-001;COOP-002;COOP-003;COOP-004;COOP-005;COOP-006;COOP-007;COOP-008;COOP-011;COOP-012;MOD-007;MOVE-002;MOVE-003;MOVE-009;MOVE-012;BASE-001;COOP-002;COOP-010;MOD-002;MOD-006;NET/COOP/MOVE;PLAT/BASE,final surviving behavior is authority; reverts/merges are historical; route is not per-commit acceptance
MAIN,3821f85724e1474f40f45da59918d42d89c69352,Deploy managed co-op server defaults,COOP;PLAT/BASE,final surviving behavior is authority; reverts/merges are historical; route is not per-commit acceptance
MAIN,3fcb9cfb1d5670f0b2bbbedefc104f2d4ab9fb0f,Manage co-op server launch scripts,COOP;PLAT-001;PLAT-003;PLAT-005;UI-006;PLAT/BASE,final surviving behavior is authority; reverts/merges are historical; route is not per-commit acceptance
MAIN,c0ff49ac8ee89c1ad4f752e7f8c46804b603c5da,Drain full replacement snapshots like QSS-M,AUDIO-001;COOP-001;COOP-002;COOP-003;COOP-004;COOP-005;COOP-006;COOP-007;COOP-008;COOP-011;COOP-012;MOD-007;MOVE-002;MOVE-003;MOVE-009;MOVE-012;COOP;PLAT-001;PLAT-003;PLAT-005;UI-006,final surviving behavior is authority; reverts/merges are historical; route is not per-commit acceptance
MAIN,428abd4a5daa028cda3f070564f7d7704c76633e,Skip client input polling on dedicated servers,BASE-001;COOP-002;COOP-010;MOD-002;MOD-006,final surviving behavior is authority; reverts/merges are historical; route is not per-commit acceptance
MAIN,bd9bd1bde7e89ef649a67b3089a5080060a741c5,Terminate dedicated console input commands,BASE-001;COOP-002;COOP-010;MOD-002;MOD-006,final surviving behavior is authority; reverts/merges are historical; route is not per-commit acceptance
MAIN,beb70362e704e8444de3ad8d98218f5b03688cc4,Match QSS-M datagram server drain,BASE-001;COOP-002;COOP-010;MOD-002;MOD-006;COOP;NET/COOP/MOVE;PLAT-001;PLAT-003;PLAT-005;UI-006,final surviving behavior is authority; reverts/merges are historical; route is not per-commit acceptance
MAIN,f398a101c1468adf6efefc200d270ef655a92e65,Restore QSS-M replacement snapshot drain,AUDIO-001;COOP-001;COOP-002;COOP-003;COOP-004;COOP-005;COOP-006;COOP-007;COOP-008;COOP-011;COOP-012;MOD-007;MOVE-002;MOVE-003;MOVE-009;MOVE-012;BASE-001;COOP-002;COOP-010;MOD-002;MOD-006;COOP;MOD-002;UI-004;PLAT-001;PLAT-003;PLAT-005;UI-006,final surviving behavior is authority; reverts/merges are historical; route is not per-commit acceptance
MAIN,ca13c17665b70cbd1545b402109390e8aba62880,Match QSS-M stale input defaults,BASE-001;COOP-002;COOP-010;MOD-002;MOD-006;COOP;NET/COOP/MOVE;PLAT-001;PLAT-003;PLAT-005;UI-006,final surviving behavior is authority; reverts/merges are historical; route is not per-commit acceptance
MAIN,619941b803630c09973a6dd9b55a4205210896a7,Remove replacement delta packet ceiling,AUDIO-001;COOP-001;COOP-002;COOP-003;COOP-004;COOP-005;COOP-006;COOP-007;COOP-008;COOP-011;COOP-012;MOD-007;MOVE-002;MOVE-003;MOVE-009;MOVE-012;COOP;PLAT-001;PLAT-003;PLAT-005;UI-006,final surviving behavior is authority; reverts/merges are historical; route is not per-commit acceptance
MAIN,ec92b80fc9380f464f0f4dbc6d04942e0d13ff63,Match QSS-M replacement view stats,AUDIO-001;COOP-001;COOP-002;COOP-003;COOP-004;COOP-005;COOP-006;COOP-007;COOP-008;COOP-011;COOP-012;MOD-007;MOVE-002;MOVE-003;MOVE-009;MOVE-012;MOD-002;UI-004;MOD-008;UI-004;MOD/NET;UI-005;VR-014,final surviving behavior is authority; reverts/merges are historical; route is not per-commit acceptance
MAIN,ccab5c3a0e84e4e6dce50963c435bffb2e58fa42,Use pmove flags for prediction jump state,AUDIO-001;COOP-001;COOP-002;COOP-003;COOP-004;COOP-005;COOP-006;COOP-007;COOP-008;COOP-011;COOP-012;MOD-007;MOVE-002;MOVE-003;MOVE-009;MOVE-012,final surviving behavior is authority; reverts/merges are historical; route is not per-commit acceptance
MAIN,d60db4ae8c3cc652a69d866d0f5e615efa690b35,Scrub stale network defaults on deploy,COOP,final surviving behavior is authority; reverts/merges are historical; route is not per-commit acceptance
MAIN,fc49855615d906442ac5f445530358fd4f058945,Retire stale client net smoothing cvars,COOP;MOD-002;UI-004;PLAT-001;PLAT-003;PLAT-005;UI-006,final surviving behavior is authority; reverts/merges are historical; route is not per-commit acceptance
MAIN,1ade13a4ec8540403ba90f2ce070fb47f72a5e75,Tighten QSS-M movement parity,MOD-002;UI-004;NET/COOP/MOVE;PLAT-001;PLAT-003;PLAT-005;UI-006,final surviving behavior is authority; reverts/merges are historical; route is not per-commit acceptance
MAIN,a497b30efeecaeefa295f1bccc25a8d5b94a5bf5,Match QSS-M frame-time animation sync,MOD-008;UI-004;PERF/ASSET,final surviving behavior is authority; reverts/merges are historical; route is not per-commit acceptance
MAIN,1d5d61eede029d987583e434e8eacec41d1187d0,Match QSS-M network buffer limits,NET/COOP/MOVE,final surviving behavior is authority; reverts/merges are historical; route is not per-commit acceptance
MAIN,fb76212c55080ea52d76d24cca717e17bcaa09e2,Match QSS-M snapshot relink cleanup,AUDIO-001;COOP-001;COOP-002;COOP-003;COOP-004;COOP-005;COOP-006;COOP-007;COOP-008;COOP-011;COOP-012;MOD-007;MOVE-002;MOVE-003;MOVE-009;MOVE-012;MOD-002;UI-004,final surviving behavior is authority; reverts/merges are historical; route is not per-commit acceptance
MAIN,dde6e44f126c9efbbcb6c3ed80612ea30c600cc6,Stage prespawn signon state like QSS-M,AUDIO-001;COOP-001;COOP-002;COOP-003;COOP-004;COOP-005;COOP-006;COOP-007;COOP-008;COOP-011;COOP-012;MOD-007;MOVE-002;MOVE-003;MOVE-009;MOVE-012;BASE-001;COOP-002;COOP-010;MOD-002;MOD-006;COOP-008;COOP-010;COOP-011;MOD-001;MOD-003;MOD-004;MOD-005;MOD-006;MOD-009;MOD-010;WPN-010;NET/COOP/MOVE;PLAT/BASE,final surviving behavior is authority; reverts/merges are historical; route is not per-commit acceptance
MAIN,bb89ad4a7c07a4750b021e85843b48b02d91425a,Use QSS-M staged precache signons,AUDIO-001;COOP-001;COOP-002;COOP-003;COOP-004;COOP-005;COOP-006;COOP-007;COOP-008;COOP-011;COOP-012;MOD-007;MOVE-002;MOVE-003;MOVE-009;MOVE-012;COOP-008;COOP-010;COOP-011;MOD-008;UI-004;NET/COOP/MOVE;PLAT/BASE,final surviving behavior is authority; reverts/merges are historical; route is not per-commit acceptance
MAIN,3a7d758329d2d0d713b6e6f63ebf88bca0336f01,Harden QSS-M network defaults migration,AUDIO-001;COOP-001;COOP-002;COOP-003;COOP-004;COOP-005;COOP-006;COOP-007;COOP-008;COOP-011;COOP-012;MOD-007;MOVE-002;MOVE-003;MOVE-009;MOVE-012;BASE-001;COOP-002;COOP-010;MOD-002;MOD-006;COOP;PLAT-001;PLAT-003;PLAT-005;UI-006,final surviving behavior is authority; reverts/merges are historical; route is not per-commit acceptance
MAIN,f3d65713f33373285137ad0c1fdf97ff62e48fb9,Harden deployed network defaults,BASE-001;COOP-002;COOP-010;MOD-002;MOD-006;COOP;PLAT-001;PLAT-003;PLAT-005;UI-006,final surviving behavior is authority; reverts/merges are historical; route is not per-commit acceptance
MAIN,bdcb623fab043e77dc5af2d67dde57f2c19221fe,Match QSS-M client input pacing details,MOD-002;UI-004;MOD-013;PLAT-001;PLAT-003;PLAT-005;UI-006;PLAT/BASE,final surviving behavior is authority; reverts/merges are historical; route is not per-commit acceptance
MAIN,d941e5b9a5d22c5847f221d74680de9c981e21d0,Fix dedicated startup command flushing,BASE-001;COOP-002;COOP-010;MOD-002;MOD-006;BASE-002,final surviving behavior is authority; reverts/merges are historical; route is not per-commit acceptance
MAIN,545f50688c9b63e1302c34425f545174181e101f,Raise large-map edict defaults to QSS-M,AUDIO-001;COOP-001;COOP-002;COOP-003;COOP-004;COOP-005;COOP-006;COOP-007;COOP-008;COOP-011;COOP-012;MOD-007;MOVE-002;MOVE-003;MOVE-009;MOVE-012;BASE-001;COOP-002;COOP-010;MOD-002;MOD-006;COOP;PLAT-001;PLAT-003;PLAT-005;UI-006,final surviving behavior is authority; reverts/merges are historical; route is not per-commit acceptance
MAIN,2cfe78235829c64dfc113e8eca92c7fc40486268,Harden prediction and netsort defaults,BASE-001;COOP-002;COOP-010;MOD-002;MOD-006;COOP;MOD-002;UI-004;PLAT-001;PLAT-003;PLAT-005;UI-006,final surviving behavior is authority; reverts/merges are historical; route is not per-commit acceptance
MAIN,71b05b2918f1a97e44e1c81281f2db4ce1ee2305,Match QSS-M networking defaults,AUDIO-001;COOP-001;COOP-002;COOP-003;COOP-004;COOP-005;COOP-006;COOP-007;COOP-008;COOP-011;COOP-012;MOD-007;MOVE-002;MOVE-003;MOVE-009;MOVE-012;BASE-001;COOP-002;COOP-010;MOD-002;MOD-006;COOP;COOP-008;COOP-010;COOP-011;COOP-013;MOD-011;MOD-012;MOD-001;MOD-002;UI-004;MOD-007;MOD-012;MOD-014;MOD-013;MOD/NET;NET/COOP/MOVE;PLAT-001;PLAT-003;PLAT-005;UI-006,final surviving behavior is authority; reverts/merges are historical; route is not per-commit acceptance
MAIN,c80023a3bd9ec688d7c084cfb168a9251b4e1e0d,Match QSS-M shutdown socket flushing,BASE-001;COOP-002;COOP-010;MOD-002;MOD-006,final surviving behavior is authority; reverts/merges are historical; route is not per-commit acceptance
MAIN,d53eab505542e5b6e27e1f76f001000062c8604b,Add heavy-save networking smoke test,NET/COOP/MOVE;PLAT-001;PLAT-003;PLAT-005;UI-006,final surviving behavior is authority; reverts/merges are historical; route is not per-commit acceptance
MAIN,9b2fa948af3eba46b222abb03665d7338f1ebea0,Add connected-client networking smoke test,NET/COOP/MOVE;PLAT-001;PLAT-003;PLAT-005;UI-006,final surviving behavior is authority; reverts/merges are historical; route is not per-commit acceptance
MAIN,e91c87c65b5b8e89137d8821b58b226abfc60bae,Strengthen connected networking smoke defaults,NET/COOP/MOVE;PLAT-001;PLAT-003;PLAT-005;UI-006,final surviving behavior is authority; reverts/merges are historical; route is not per-commit acceptance
MAIN,ef6ec0ea0f17d316666cf38c5472da9d66b8ab0f,Force replacement split coverage in networking smoke,NET/COOP/MOVE;PLAT-001;PLAT-003;PLAT-005;UI-006,final surviving behavior is authority; reverts/merges are historical; route is not per-commit acceptance
MAIN,56521e0268fa3d97267e4236ef5350756388933c,Stabilize VR movement and server networking,AUDIO;AUDIO-001;COOP-001;COOP-002;COOP-003;COOP-004;COOP-005;COOP-006;COOP-007;COOP-008;COOP-011;COOP-012;MOD-007;MOVE-002;MOVE-003;MOVE-009;MOVE-012;AUDIO-003;AV-002;FBT-002;FBT-003;FBT-005;MOD-013;MOVE-001;MOVE-008;MOVE-009;PERF-F001;UI-006;VR-001;VR-002;VR-003;VR-004;VR-005;VR-006;VR-007;VR-008;VR-009;VR-010;VR-011;VR-012;VR-013;VR-014;VR-015;VR-016;WPN-001;WPN-002;WPN-003;WPN-004;WPN-005;WPN-006;WPN-007;WPN-008;WPN-009;WPN-010;WPN-011;WPN-012;XR-004;XR-009;BASE-003;COOP-008;COOP-010;COOP-011;COOP-013;MOD-011;MOD-012;MOD-002;UI-004;MOD-006;UI-001;UI-005;MOD-013;PERF/ASSET;PLAT-001;PLAT-003;PLAT-005;UI-006;PLAT/BASE;VR/WPN/FBT,final surviving behavior is authority; reverts/merges are historical; route is not per-commit acceptance
MAIN,b22d859bb54455628313d644548091e6ca47d8c7,Fix Dwell coop weapon and teleport issues,AUDIO-001;COOP-001;COOP-002;COOP-003;COOP-004;COOP-005;COOP-006;COOP-007;COOP-008;COOP-011;COOP-012;MOD-007;MOVE-002;MOVE-003;MOVE-009;MOVE-012;AUDIO-003;AV-002;FBT-002;FBT-003;FBT-005;MOD-013;MOVE-001;MOVE-008;MOVE-009;PERF-F001;UI-006;VR-001;VR-002;VR-003;VR-004;VR-005;VR-006;VR-007;VR-008;VR-009;VR-010;VR-011;VR-012;VR-013;VR-014;VR-015;VR-016;WPN-001;WPN-002;WPN-003;WPN-004;WPN-005;WPN-006;WPN-007;WPN-008;WPN-009;WPN-010;WPN-011;WPN-012;XR-004;XR-009;COOP-013;COOP-013;MOD-011;MOD-012;PLAT-001;PLAT-003;PLAT-005;UI-006,final surviving behavior is authority; reverts/merges are historical; route is not per-commit acceptance
MAIN,5e0137f81c82586d92a4f4f7f92be55339ba36e2,Share coop weapon and key pickups,COOP-013;COOP-013;MOD-011;MOD-012,final surviving behavior is authority; reverts/merges are historical; route is not per-commit acceptance
MAIN,4b2809c189bb9367a80c6a82060d3d1d4caf614c,Respawn coop suits without sharing ammo pickups,AUDIO-001;COOP-001;COOP-002;COOP-003;COOP-004;COOP-005;COOP-006;COOP-007;COOP-008;COOP-011;COOP-012;MOD-007;MOVE-002;MOVE-003;MOVE-009;MOVE-012;COOP;COOP-013;PLAT-001;PLAT-003;PLAT-005;UI-006,final surviving behavior is authority; reverts/merges are historical; route is not per-commit acceptance
MAIN,a21f8a01cf7ba0054560782a84c8669ff4590919,Outline weapon wheel player names,AUDIO-003;AV-002;FBT-002;FBT-003;FBT-005;MOD-013;MOVE-001;MOVE-008;MOVE-009;PERF-F001;UI-006;VR-001;VR-002;VR-003;VR-004;VR-005;VR-006;VR-007;VR-008;VR-009;VR-010;VR-011;VR-012;VR-013;VR-014;VR-015;VR-016;WPN-001;WPN-002;WPN-003;WPN-004;WPN-005;WPN-006;WPN-007;WPN-008;WPN-009;WPN-010;WPN-011;WPN-012;XR-004;XR-009,final surviving behavior is authority; reverts/merges are historical; route is not per-commit acceptance
MAIN,b1e8090af15c17b809dd27dd9ed266be34a90071,Improve multiplayer save restoration,AUDIO-001;COOP-001;COOP-002;COOP-003;COOP-004;COOP-005;COOP-006;COOP-007;COOP-008;COOP-011;COOP-012;MOD-007;MOVE-002;MOVE-003;MOVE-009;MOVE-012;COOP-008;COOP-010;COOP-011;PLAT/BASE,final surviving behavior is authority; reverts/merges are historical; route is not per-commit acceptance
MAIN,0e915e404e46d4016c508f1e6dc8f70d9a20b001,Improve co-op persistence and water rendering,AUDIO-001;COOP-001;COOP-002;COOP-003;COOP-004;COOP-005;COOP-006;COOP-007;COOP-008;COOP-011;COOP-012;MOD-007;MOVE-002;MOVE-003;MOVE-009;MOVE-012;AUDIO-003;AV-002;FBT-002;FBT-003;FBT-005;MOD-013;MOVE-001;MOVE-008;MOVE-009;PERF-F001;UI-006;VR-001;VR-002;VR-003;VR-004;VR-005;VR-006;VR-007;VR-008;VR-009;VR-010;VR-011;VR-012;VR-013;VR-014;VR-015;VR-016;WPN-001;WPN-002;WPN-003;WPN-004;WPN-005;WPN-006;WPN-007;WPN-008;WPN-009;WPN-010;WPN-011;WPN-012;XR-004;XR-009;COOP;COOP-013;COOP-013;MOD-011;MOD-012;MOD-001;MOD-003;MOD-004;MOD-005;MOD-006;MOD-009;MOD-010;WPN-010;PERF/ASSET;PLAT-001;PLAT-003;PLAT-005;UI-006;PLAT/BASE;VR/WPN/FBT;WPN/MOVE,final surviving behavior is authority; reverts/merges are historical; route is not per-commit acceptance
MAIN,6b9e6e313afa48df9d845959b82c82a5b600a4eb,Add automatic mod reconnect support,BASE-001;COOP-002;COOP-010;MOD-002;MOD-006;BASE-002;COOP-008;COOP-010;COOP-011;MOD-002;UI-004;MOD-006;UI-001;UI-005;PLAT-001;PLAT-003;PLAT-005;UI-006;PLAT/BASE,final surviving behavior is authority; reverts/merges are historical; route is not per-commit acceptance
MAIN,9aec8094b85d4021a053e360dd9dd50dd18b07cc,Add modern mod compatibility features,AUDIO-003;AV-002;FBT-002;FBT-003;FBT-005;MOD-013;MOVE-001;MOVE-008;MOVE-009;PERF-F001;UI-006;VR-001;VR-002;VR-003;VR-004;VR-005;VR-006;VR-007;VR-008;VR-009;VR-010;VR-011;VR-012;VR-013;VR-014;VR-015;VR-016;WPN-001;WPN-002;WPN-003;WPN-004;WPN-005;WPN-006;WPN-007;WPN-008;WPN-009;WPN-010;WPN-011;WPN-012;XR-004;XR-009;AUDIO-005;COOP-009;MOD-002;AV-006;MOD-008;AV-007;PERF-F002;COOP-008;COOP-010;COOP-011;COOP-009;MOD-014;PERF-F001;PERF-F003;XR-010;MOD-002;UI-004;MOD-003;MOD-010;MOD-013;MOD-014;UI-002;UI-005;PERF-F002;PERF-F003;PERF/ASSET;PLAT/BASE;UI/BASE/VR,final surviving behavior is authority; reverts/merges are historical; route is not per-commit acceptance
MAIN,0efdb9cbc066523f40f9a505e36b531ec8ef23a4,Add enhanced mod compatibility features,AUDIO-003;AV-002;FBT-002;FBT-003;FBT-005;MOD-013;MOVE-001;MOVE-008;MOVE-009;PERF-F001;UI-006;VR-001;VR-002;VR-003;VR-004;VR-005;VR-006;VR-007;VR-008;VR-009;VR-010;VR-011;VR-012;VR-013;VR-014;VR-015;VR-016;WPN-001;WPN-002;WPN-003;WPN-004;WPN-005;WPN-006;WPN-007;WPN-008;WPN-009;WPN-010;WPN-011;WPN-012;XR-004;XR-009;AV-006;MOD-008;AV-007;PERF-F002;BASE/MOD/COOP;COOP-008;COOP-010;COOP-011;COOP-009;MOD-014;PERF-F001;PERF-F003;XR-010;MOD-002;UI-004;MOD-006;UI-001;UI-005;MOD-007;MOD-008;UI-004;MOD-013;MOD-014;UI-002;UI-005;MOD/NET;PERF-F002;PERF/ASSET;PLAT/BASE;UI/BASE/VR,final surviving behavior is authority; reverts/merges are historical; route is not per-commit acceptance
MAIN,9456b750cbab413556fb73003df30ec68fbf2be2,Add safe compatibility and pointer menu enhancements,AUDIO-003;AV-002;FBT-002;FBT-003;FBT-005;MOD-013;MOVE-001;MOVE-008;MOVE-009;PERF-F001;UI-006;VR-001;VR-002;VR-003;VR-004;VR-005;VR-006;VR-007;VR-008;VR-009;VR-010;VR-011;VR-012;VR-013;VR-014;VR-015;VR-016;WPN-001;WPN-002;WPN-003;WPN-004;WPN-005;WPN-006;WPN-007;WPN-008;WPN-009;WPN-010;WPN-011;WPN-012;XR-004;XR-009;AV-007;PERF-F002;BASE-003;FBT-004;VR-010;VR-012;VR-013;MOD-002;UI-004;MOD-006;UI-001;UI-005;MOD-013;MOD-014;UI-002;UI-005;PERF/ASSET;PLAT-001;PLAT-003;PLAT-005;UI-006;UI/BASE/VR;VR/WPN/FBT,final surviving behavior is authority; reverts/merges are historical; route is not per-commit acceptance
MAIN,ba977f6b7f0d0b471791852fe11641fcdb9ed911,Add compatibility options and VR quick actions,AUDIO-003;AV-002;FBT-002;FBT-003;FBT-005;MOD-013;MOVE-001;MOVE-008;MOVE-009;PERF-F001;UI-006;VR-001;VR-002;VR-003;VR-004;VR-005;VR-006;VR-007;VR-008;VR-009;VR-010;VR-011;VR-012;VR-013;VR-014;VR-015;VR-016;WPN-001;WPN-002;WPN-003;WPN-004;WPN-005;WPN-006;WPN-007;WPN-008;WPN-009;WPN-010;WPN-011;WPN-012;XR-004;XR-009;AUDIO-005;COOP-009;MOD-002;AV-007;PERF-F002;BASE-001;COOP-002;COOP-010;MOD-002;MOD-006;MOD-003;MOD-007;MOD-013;MOD-013;MOD-014;UI-002;UI-005;PERF/ASSET;PLAT-001;PLAT-003;PLAT-005;UI-006;PLAT/BASE;UI-003;UI-005;UI/BASE/VR;VR/WPN/FBT,final surviving behavior is authority; reverts/merges are historical; route is not per-commit acceptance
MAIN,82a173fec71e895af4e66c95abd7c6ef05e107a8,Make Foundry deployment independent of curl headers,PLAT/BASE,final surviving behavior is authority; reverts/merges are historical; route is not per-commit acceptance
MAIN,dc6b5a5fa008e4a1bdfa0f172790da8bf5962091,Fix VR color targets and multiplayer calibration,AUDIO-003;AV-002;FBT-002;FBT-003;FBT-005;MOD-013;MOVE-001;MOVE-008;MOVE-009;PERF-F001;UI-006;VR-001;VR-002;VR-003;VR-004;VR-005;VR-006;VR-007;VR-008;VR-009;VR-010;VR-011;VR-012;VR-013;VR-014;VR-015;VR-016;WPN-001;WPN-002;WPN-003;WPN-004;WPN-005;WPN-006;WPN-007;WPN-008;WPN-009;WPN-010;WPN-011;WPN-012;XR-004;XR-009;AV-007;PERF-F002,final surviving behavior is authority; reverts/merges are historical; route is not per-commit acceptance
MAIN,b1e4518cde9833e296cf3c6ddcde52e3b78267e4,Disable enhanced model replacements by default,AV-007;PERF-F002;BASE-001;COOP-002;COOP-010;MOD-002;MOD-006;MOD-006;UI-001;UI-005;PLAT/BASE;UI/BASE/VR,final surviving behavior is authority; reverts/merges are historical; route is not per-commit acceptance
MAIN,74f9c26f62938a85893ea1926b0b54fee5667a69,Refine VR weapon presentation and QBJ3 defaults,AUDIO-003;AV-002;FBT-002;FBT-003;FBT-005;MOD-013;MOVE-001;MOVE-008;MOVE-009;PERF-F001;UI-006;VR-001;VR-002;VR-003;VR-004;VR-005;VR-006;VR-007;VR-008;VR-009;VR-010;VR-011;VR-012;VR-013;VR-014;VR-015;VR-016;WPN-001;WPN-002;WPN-003;WPN-004;WPN-005;WPN-006;WPN-007;WPN-008;WPN-009;WPN-010;WPN-011;WPN-012;XR-004;XR-009;PLAT/BASE,final surviving behavior is authority; reverts/merges are historical; route is not per-commit acceptance
MAIN,15c9adf2584363ec6286c03a73c4d1ec9d3fb45a,Fix save restoration and runtime edge cases,AUDIO-001;COOP-001;COOP-002;COOP-003;COOP-004;COOP-005;COOP-006;COOP-007;COOP-008;COOP-011;COOP-012;MOD-007;MOVE-002;MOVE-003;MOVE-009;MOVE-012;AUDIO-003;AV-002;FBT-002;FBT-003;FBT-005;MOD-013;MOVE-001;MOVE-008;MOVE-009;PERF-F001;UI-006;VR-001;VR-002;VR-003;VR-004;VR-005;VR-006;VR-007;VR-008;VR-009;VR-010;VR-011;VR-012;VR-013;VR-014;VR-015;VR-016;WPN-001;WPN-002;WPN-003;WPN-004;WPN-005;WPN-006;WPN-007;WPN-008;WPN-009;WPN-010;WPN-011;WPN-012;XR-004;XR-009;AV-007;PERF-F002;COOP-008;COOP-010;COOP-011;MOD-002;UI-004;MOD-013;MOD-014;UI-002;UI-005;PERF/ASSET;PLAT/BASE;UI-003,final surviving behavior is authority; reverts/merges are historical; route is not per-commit acceptance
MAIN,09dcb704e68582f3ff3383b96c023d2db53dca9a,Add native nightly release builds,PLAT-001;PLAT-003;PLAT-005;UI-006;PLAT/BASE,final surviving behavior is authority; reverts/merges are historical; route is not per-commit acceptance
MAIN,17ea28245c32cedf6a869e10f8916f7c7314d072,Fix pinned Windows curl setup,PLAT/BASE,final surviving behavior is authority; reverts/merges are historical; route is not per-commit acceptance
MAIN,57972481480d8ebd7adae3f4d574b242df84a83d,Link pinned static zlib on Windows,PLAT/BASE,final surviving behavior is authority; reverts/merges are historical; route is not per-commit acceptance
MAIN,268cbe275b736888c82e920a7a948af3666de5d8,Exclude MSBuild metadata from packages,PLAT/BASE,final surviving behavior is authority; reverts/merges are historical; route is not per-commit acceptance
MAIN,5371f21135315f54b5c037ebd926247b71eb45ed,Make QBJ3 VR offsets built-in defaults,AUDIO-003;AV-002;FBT-002;FBT-003;FBT-005;MOD-013;MOVE-001;MOVE-008;MOVE-009;PERF-F001;UI-006;VR-001;VR-002;VR-003;VR-004;VR-005;VR-006;VR-007;VR-008;VR-009;VR-010;VR-011;VR-012;VR-013;VR-014;VR-015;VR-016;WPN-001;WPN-002;WPN-003;WPN-004;WPN-005;WPN-006;WPN-007;WPN-008;WPN-009;WPN-010;WPN-011;WPN-012;XR-004;XR-009,final surviving behavior is authority; reverts/merges are historical; route is not per-commit acceptance
MAIN,3b8b5a95c8551b2da70df924c9007579ba2a980e,Fix VR co-op rendering and gameplay regressions,AUDIO-001;COOP-001;COOP-002;COOP-003;COOP-004;COOP-005;COOP-006;COOP-007;COOP-008;COOP-011;COOP-012;MOD-007;MOVE-002;MOVE-003;MOVE-009;MOVE-012;AUDIO-003;AV-002;FBT-002;FBT-003;FBT-005;MOD-013;MOVE-001;MOVE-008;MOVE-009;PERF-F001;UI-006;VR-001;VR-002;VR-003;VR-004;VR-005;VR-006;VR-007;VR-008;VR-009;VR-010;VR-011;VR-012;VR-013;VR-014;VR-015;VR-016;WPN-001;WPN-002;WPN-003;WPN-004;WPN-005;WPN-006;WPN-007;WPN-008;WPN-009;WPN-010;WPN-011;WPN-012;XR-004;XR-009;AUDIO-011;BASE-001;COOP-002;COOP-010;MOD-002;MOD-006;BASE-002;BASE/MOD/COOP;COOP;COOP-013;COOP-013;MOD-011;MOD-012;MOD-001;MOD-003;MOD-004;MOD-005;MOD-006;MOD-009;MOD-010;WPN-010;MOD-002;UI-004;MOD-003;MOD-013;MOD-013;MOD-014;UI-002;UI-005;NET/COOP/MOVE;PERF-F002;PERF/ASSET;PLAT-001;PLAT-003;PLAT-005;UI-006;PLAT/BASE;UI-005;VR/WPN/FBT,final surviving behavior is authority; reverts/merges are historical; route is not per-commit acceptance
MAIN,e506354a4f96d4709a84ba6f69db29bb17058d18,Fix VR menu pointer and unsafe weapon discovery,AUDIO-003;AV-002;FBT-002;FBT-003;FBT-005;MOD-013;MOVE-001;MOVE-008;MOVE-009;PERF-F001;UI-006;VR-001;VR-002;VR-003;VR-004;VR-005;VR-006;VR-007;VR-008;VR-009;VR-010;VR-011;VR-012;VR-013;VR-014;VR-015;VR-016;WPN-001;WPN-002;WPN-003;WPN-004;WPN-005;WPN-006;WPN-007;WPN-008;WPN-009;WPN-010;WPN-011;WPN-012;XR-004;XR-009;MOD-003;MOD-013;UI/BASE/VR;VR/WPN/FBT,final surviving behavior is authority; reverts/merges are historical; route is not per-commit acceptance
MAIN,512d80198cff9d8ad36718dcd3116ccde00f9649,Add co-op respawn action and cross-mod key support,AUDIO-003;AV-002;FBT-002;FBT-003;FBT-005;MOD-013;MOVE-001;MOVE-008;MOVE-009;PERF-F001;UI-006;VR-001;VR-002;VR-003;VR-004;VR-005;VR-006;VR-007;VR-008;VR-009;VR-010;VR-011;VR-012;VR-013;VR-014;VR-015;VR-016;WPN-001;WPN-002;WPN-003;WPN-004;WPN-005;WPN-006;WPN-007;WPN-008;WPN-009;WPN-010;WPN-011;WPN-012;XR-004;XR-009;COOP-008;COOP-010;COOP-011;COOP-013;COOP-013;MOD-011;MOD-012;MOD-013;PLAT/BASE;VR/WPN/FBT,final surviving behavior is authority; reverts/merges are historical; route is not per-commit acceptance
MAIN,607602df0b3f96d17591e4d83897ee150f4655c7,Fix mod launch controls and preserve multiplayer impulses,AUDIO-003;AV-002;FBT-002;FBT-003;FBT-005;MOD-013;MOVE-001;MOVE-008;MOVE-009;PERF-F001;UI-006;VR-001;VR-002;VR-003;VR-004;VR-005;VR-006;VR-007;VR-008;VR-009;VR-010;VR-011;VR-012;VR-013;VR-014;VR-015;VR-016;WPN-001;WPN-002;WPN-003;WPN-004;WPN-005;WPN-006;WPN-007;WPN-008;WPN-009;WPN-010;WPN-011;WPN-012;XR-004;XR-009;BASE-001;COOP-002;COOP-010;MOD-002;MOD-006;MOD-002;UI-004;MOD-006;UI-001;UI-005;MOD-013;MOD-014;UI-002;UI-005;NET/COOP/MOVE;PLAT/BASE;UI/BASE/VR,final surviving behavior is authority; reverts/merges are historical; route is not per-commit acceptance
MAIN,e27a536c0933b2da8b5567c6e099ee8c9d725097,Fix weapon wheel state across mod switches,AUDIO-003;AV-002;FBT-002;FBT-003;FBT-005;MOD-013;MOVE-001;MOVE-008;MOVE-009;PERF-F001;UI-006;VR-001;VR-002;VR-003;VR-004;VR-005;VR-006;VR-007;VR-008;VR-009;VR-010;VR-011;VR-012;VR-013;VR-014;VR-015;VR-016;WPN-001;WPN-002;WPN-003;WPN-004;WPN-005;WPN-006;WPN-007;WPN-008;WPN-009;WPN-010;WPN-011;WPN-012;XR-004;XR-009,final surviving behavior is authority; reverts/merges are historical; route is not per-commit acceptance
MAIN,6ced80fe051f9f7df23a9322f47f8475be5b10d8,Fix CSQC subpicture source rectangles,MOD-003;MOD-013;MOD-014;UI-002;UI-005;UI/BASE/VR,final surviving behavior is authority; reverts/merges are historical; route is not per-commit acceptance
MAIN,f3dc7eecac0fa4fcf3b57a88e5a7d25b0b6ee912,Set default sound and music volume to 0.2,BASE-003;PLAT-005;UI-006;VR-009;PLAT/BASE;UI/BASE/VR,final surviving behavior is authority; reverts/merges are historical; route is not per-commit acceptance
MAIN,5129668b53035feccd2afc4cc4050324628a180a,Download missing server mods on connect,MOD-002;UI-004;MOD-013;MOD-014;UI-002;UI-005;PLAT/BASE;UI-003;UI/BASE/VR,final surviving behavior is authority; reverts/merges are historical; route is not per-commit acceptance
MAIN,6209d7ebca9808bb847fae49e12eca4282fba188,Release toss entities from removed platforms,COOP-013;MOD-011;MOD-012,final surviving behavior is authority; reverts/merges are historical; route is not per-commit acceptance
MAIN,49b17d744078bd3460d3653c3407acabcb67ddc0,Fix QBJ3 co-op void respawns,COOP;COOP-013;MOD-011;MOD-012,final surviving behavior is authority; reverts/merges are historical; route is not per-commit acceptance
MAIN,a42ca0d29fa2697a5182491fed0ed9110888cf99,Stabilize mod weapon wheels and co-op VR feedback,AUDIO-003;AV-002;FBT-002;FBT-003;FBT-005;MOD-013;MOVE-001;MOVE-008;MOVE-009;PERF-F001;UI-006;VR-001;VR-002;VR-003;VR-004;VR-005;VR-006;VR-007;VR-008;VR-009;VR-010;VR-011;VR-012;VR-013;VR-014;VR-015;VR-016;WPN-001;WPN-002;WPN-003;WPN-004;WPN-005;WPN-006;WPN-007;WPN-008;WPN-009;WPN-010;WPN-011;WPN-012;XR-004;XR-009;COOP;COOP-013;MOD-011;MOD-012;MOD-008;UI-004;NET/COOP/MOVE,final surviving behavior is authority; reverts/merges are historical; route is not per-commit acceptance
MAIN,3063eac359827cd5928d1b4340986d26f3871ae5,Fix weapon schema ownership fallback for mod wheels,AUDIO-003;AV-002;FBT-002;FBT-003;FBT-005;MOD-013;MOVE-001;MOVE-008;MOVE-009;PERF-F001;UI-006;VR-001;VR-002;VR-003;VR-004;VR-005;VR-006;VR-007;VR-008;VR-009;VR-010;VR-011;VR-012;VR-013;VR-014;VR-015;VR-016;WPN-001;WPN-002;WPN-003;WPN-004;WPN-005;WPN-006;WPN-007;WPN-008;WPN-009;WPN-010;WPN-011;WPN-012;XR-004;XR-009,final surviving behavior is authority; reverts/merges are historical; route is not per-commit acceptance
MAIN,87fcbce20d05e8fa169a4259eb925e356acc14a2,Keep custom weapon ownership on mod stats,AUDIO-003;AV-002;FBT-002;FBT-003;FBT-005;MOD-013;MOVE-001;MOVE-008;MOVE-009;PERF-F001;UI-006;VR-001;VR-002;VR-003;VR-004;VR-005;VR-006;VR-007;VR-008;VR-009;VR-010;VR-011;VR-012;VR-013;VR-014;VR-015;VR-016;WPN-001;WPN-002;WPN-003;WPN-004;WPN-005;WPN-006;WPN-007;WPN-008;WPN-009;WPN-010;WPN-011;WPN-012;XR-004;XR-009,final surviving behavior is authority; reverts/merges are historical; route is not per-commit acceptance
MAIN,c7b027d6878eb4387fafb937c203d1c75a43bcc8,Fix mod profile weapon visibility for custom bitmasks,AUDIO-003;AV-002;FBT-002;FBT-003;FBT-005;MOD-013;MOVE-001;MOVE-008;MOVE-009;PERF-F001;UI-006;VR-001;VR-002;VR-003;VR-004;VR-005;VR-006;VR-007;VR-008;VR-009;VR-010;VR-011;VR-012;VR-013;VR-014;VR-015;VR-016;WPN-001;WPN-002;WPN-003;WPN-004;WPN-005;WPN-006;WPN-007;WPN-008;WPN-009;WPN-010;WPN-011;WPN-012;XR-004;XR-009;BASE-001;COOP-002;COOP-010;MOD-002;MOD-006,final surviving behavior is authority; reverts/merges are historical; route is not per-commit acceptance
MAIN,4e36bbfd957870ebd2344d272e5334aa7bc27c4a,Keep custom weapon bits on explicit ownership stats,AUDIO-003;AV-002;FBT-002;FBT-003;FBT-005;MOD-013;MOVE-001;MOVE-008;MOVE-009;PERF-F001;UI-006;VR-001;VR-002;VR-003;VR-004;VR-005;VR-006;VR-007;VR-008;VR-009;VR-010;VR-011;VR-012;VR-013;VR-014;VR-015;VR-016;WPN-001;WPN-002;WPN-003;WPN-004;WPN-005;WPN-006;WPN-007;WPN-008;WPN-009;WPN-010;WPN-011;WPN-012;XR-004;XR-009,final surviving behavior is authority; reverts/merges are historical; route is not per-commit acceptance
MAIN,4e9ff55ed0e503ebaa33bcbe67a390d423348c31,Fix QBJ3 void respawn color shift,COOP-013;MOD-011;MOD-012,final surviving behavior is authority; reverts/merges are historical; route is not per-commit acceptance
MAIN,6091ebd1785f5fd0b9c54ec8836afa7b35643dfa,Add MG3 mod and co-op progression support,AUDIO-001;COOP-001;COOP-002;COOP-003;COOP-004;COOP-005;COOP-006;COOP-007;COOP-008;COOP-011;COOP-012;MOD-007;MOVE-002;MOVE-003;MOVE-009;MOVE-012;AUDIO-003;AV-002;FBT-002;FBT-003;FBT-005;MOD-013;MOVE-001;MOVE-008;MOVE-009;PERF-F001;UI-006;VR-001;VR-002;VR-003;VR-004;VR-005;VR-006;VR-007;VR-008;VR-009;VR-010;VR-011;VR-012;VR-013;VR-014;VR-015;VR-016;WPN-001;WPN-002;WPN-003;WPN-004;WPN-005;WPN-006;WPN-007;WPN-008;WPN-009;WPN-010;WPN-011;WPN-012;XR-004;XR-009;COOP-008;COOP-010;COOP-011;COOP-013;MOD-006;UI-001;UI-005;PLAT/BASE,final surviving behavior is authority; reverts/merges are historical; route is not per-commit acceptance
MAIN,1d03a6ad111faa72166ed31a4ad621a89e75162e,Wrap localized centerprint text,UI-005,final surviving behavior is authority; reverts/merges are historical; route is not per-commit acceptance
MAIN,7d5d1ccc7b5777fbeab88aef449c3311cfb26b29,Make predictive PMove the default netcode,AUDIO-001;COOP-001;COOP-002;COOP-003;COOP-004;COOP-005;COOP-006;COOP-007;COOP-008;COOP-011;COOP-012;MOD-007;MOVE-002;MOVE-003;MOVE-009;MOVE-012;BASE-001;COOP-002;COOP-010;MOD-002;MOD-006;COOP;COOP-013;MOD-011;MOD-012;MOD-002;UI-004;MOD-008;UI-004;MOD-011;MOD-013;NET/COOP/MOVE;PLAT-001;PLAT-003;PLAT-005;UI-006;PLAT/BASE;VR-014,final surviving behavior is authority; reverts/merges are historical; route is not per-commit acceptance
MAIN,89642b6881770464edb5306a9701c95ed6da1168,Deploy predictive movement defaults,COOP,final surviving behavior is authority; reverts/merges are historical; route is not per-commit acceptance
MAIN,c39a56909225fe9a04281b6a45164a9eacdbfa62,Add OpenGL 4.3 VR performance plan and desktop UI autoscale,BASE-003;PLAT-005;UI-006;VR-009;MOD-013;MOD-014;UI-002;UI-005;PLAT/BASE;UI-005;UI/BASE/VR,final surviving behavior is authority; reverts/merges are historical; route is not per-commit acceptance
MAIN,9133316f0f2c2c783f8c204504d7246a1e13c991,Phase1: add per-eye perf debug timing in VR path,AUDIO-003;AV-002;FBT-002;FBT-003;FBT-005;MOD-013;MOVE-001;MOVE-008;MOVE-009;PERF-F001;UI-006;VR-001;VR-002;VR-003;VR-004;VR-005;VR-006;VR-007;VR-008;VR-009;VR-010;VR-011;VR-012;VR-013;VR-014;VR-015;VR-016;WPN-001;WPN-002;WPN-003;WPN-004;WPN-005;WPN-006;WPN-007;WPN-008;WPN-009;WPN-010;WPN-011;WPN-012;XR-004;XR-009;COOP-009;MOD-014;PERF-F001;PERF-F003;XR-010,final surviving behavior is authority; reverts/merges are historical; route is not per-commit acceptance
MAIN,bfe200c9ff3ba1daf2f6b10ceb5bdaaf79e7aacd,Phase 1: add renderer profiling and GL capability foundation,AUDIO-003;AV-002;FBT-002;FBT-003;FBT-005;MOD-013;MOVE-001;MOVE-008;MOVE-009;PERF-F001;UI-006;VR-001;VR-002;VR-003;VR-004;VR-005;VR-006;VR-007;VR-008;VR-009;VR-010;VR-011;VR-012;VR-013;VR-014;VR-015;VR-016;WPN-001;WPN-002;WPN-003;WPN-004;WPN-005;WPN-006;WPN-007;WPN-008;WPN-009;WPN-010;WPN-011;WPN-012;XR-004;XR-009;COOP-009;MOD-014;PERF-F001;PERF-F003;XR-010;PERF-F001;PERF/ASSET;PLAT/BASE,final surviving behavior is authority; reverts/merges are historical; route is not per-commit acceptance
MAIN,9b8e4f18e6a2df26c02aeb0bccc9d98e337b204b,Phase 2: move MD3 animation to GPU buffers,AV-006;MOD-008;AV-007;PERF-F002;PERF-F002;PERF/ASSET,final surviving behavior is authority; reverts/merges are historical; route is not per-commit acceptance
MAIN,f63f5ba8bea49dab7fb93482b4db4d9474b4ab00,Phase 3: share conservative visibility across VR eyes,AUDIO-003;AV-002;FBT-002;FBT-003;FBT-005;MOD-013;MOVE-001;MOVE-008;MOVE-009;PERF-F001;UI-006;VR-001;VR-002;VR-003;VR-004;VR-005;VR-006;VR-007;VR-008;VR-009;VR-010;VR-011;VR-012;VR-013;VR-014;VR-015;VR-016;WPN-001;WPN-002;WPN-003;WPN-004;WPN-005;WPN-006;WPN-007;WPN-008;WPN-009;WPN-010;WPN-011;WPN-012;XR-004;XR-009;COOP-009;MOD-014;PERF-F001;PERF-F003;XR-010;PERF/ASSET,final surviving behavior is authority; reverts/merges are historical; route is not per-commit acceptance
MAIN,d72e9322dc75e709911887c8b7941b09604275f6,Phase 2: move MD5 animation to GPU buffers,AV-006;MOD-008;AV-007;PERF-F002;PERF-F002;PERF/ASSET,final surviving behavior is authority; reverts/merges are historical; route is not per-commit acceptance
MAIN,d57a42538a36ef03ebd81a78f04c44b98eec46f0,Phase 4: move world batches to static GPU indices,PERF-F002;PERF-F003;PERF/ASSET;PLAT/BASE,final surviving behavior is authority; reverts/merges are historical; route is not per-commit acceptance
MAIN,a987cf2fa464a959c18618691173abf50da24cad,Phase 5: make VR desktop mirror optional,AUDIO-003;AV-002;FBT-002;FBT-003;FBT-005;MOD-013;MOVE-001;MOVE-008;MOVE-009;PERF-F001;UI-006;VR-001;VR-002;VR-003;VR-004;VR-005;VR-006;VR-007;VR-008;VR-009;VR-010;VR-011;VR-012;VR-013;VR-014;VR-015;VR-016;WPN-001;WPN-002;WPN-003;WPN-004;WPN-005;WPN-006;WPN-007;WPN-008;WPN-009;WPN-010;WPN-011;WPN-012;XR-004;XR-009,final surviving behavior is authority; reverts/merges are historical; route is not per-commit acceptance
MAIN,6219bfa04e41a8e658bd3ffa064a35ec5aeeae67,Phase 4: include brush models in world EBO path,PERF-F003,final surviving behavior is authority; reverts/merges are historical; route is not per-commit acceptance
MAIN,b39010de7dc63cb35d2412d3718830949ec37b0c,Phase 4: avoid duplicating inline brush surfaces,PERF-F003,final surviving behavior is authority; reverts/merges are historical; route is not per-commit acceptance
MAIN,2f82b9040d5b47fcc0d66d1f0e2dfc7f3c95936d,Phase 5: mask hidden VR lens regions with depth,AUDIO-003;AV-002;FBT-002;FBT-003;FBT-005;MOD-013;MOVE-001;MOVE-008;MOVE-009;PERF-F001;UI-006;VR-001;VR-002;VR-003;VR-004;VR-005;VR-006;VR-007;VR-008;VR-009;VR-010;VR-011;VR-012;VR-013;VR-014;VR-015;VR-016;WPN-001;WPN-002;WPN-003;WPN-004;WPN-005;WPN-006;WPN-007;WPN-008;WPN-009;WPN-010;WPN-011;WPN-012;XR-004;XR-009;COOP-009;MOD-014;PERF-F001;PERF-F003;XR-010;VR/WPN/FBT,final surviving behavior is authority; reverts/merges are historical; route is not per-commit acceptance
MAIN,37d5760883a6edffea60f0ebdee5491c5471f879,Phase 2: instance compatible opaque MDL entities,AV-006;MOD-008;PERF/ASSET;PLAT/BASE,final surviving behavior is authority; reverts/merges are historical; route is not per-commit acceptance
MAIN,05db99623de8e2666f058d5f6aed580f6f7fd758,Phase 2: report instanced alias submissions,AV-006;MOD-008;COOP-009;MOD-014;PERF-F001;PERF-F003;XR-010;PLAT/BASE,final surviving behavior is authority; reverts/merges are historical; route is not per-commit acceptance
MAIN,733cf6f4ea248ca5160a5a13055909a000e1ced2,Default to OpenGL 4.3 compatibility,PERF/ASSET;PLAT-001;PLAT-003;PLAT-005;UI-006;PLAT/BASE,final surviving behavior is authority; reverts/merges are historical; route is not per-commit acceptance
MAIN,d5d6156e46416b6ba3d6b03ca4714d294bb094a1,Match padded MD5 texture coordinates,AV-006;MOD-008,final surviving behavior is authority; reverts/merges are historical; route is not per-commit acceptance
MAIN,fe2354a2bc7a51accafe5be4645aae7eda713233,Share VR entity preparation and cache no-VIS surfaces,COOP-009;MOD-014;PERF-F001;PERF-F003;XR-010;PERF/ASSET;PLAT/BASE,final surviving behavior is authority; reverts/merges are historical; route is not per-commit acceptance
MAIN,133815505c07f7001a65cf2f893d005d1a0c10e8,Add fenced frame resources for alias instances,AV-006;MOD-008;COOP-009;MOD-014;PERF-F001;PERF-F003;XR-010;PERF/ASSET;PLAT/BASE,final surviving behavior is authority; reverts/merges are historical; route is not per-commit acceptance
MAIN,fa63b6eddba02d0ea9eb40028ca66c2fcf19e3c3,Report world EBO batching metrics,COOP-009;MOD-014;PERF-F001;PERF-F003;XR-010;PERF/ASSET;PLAT/BASE,final surviving behavior is authority; reverts/merges are historical; route is not per-commit acceptance
MAIN,b16ed55600eaf3e33f5848fc59531d1d3f07899a,Keep enhanced viewmodels on GPU paths,AV-006;MOD-008,final surviving behavior is authority; reverts/merges are historical; route is not per-commit acceptance
MAIN,4c99b3d19dddf140e2471ffdb730b667b6efbf00,Keep enhanced debug passes on GPU,AV-006;MOD-008,final surviving behavior is authority; reverts/merges are historical; route is not per-commit acceptance
MAIN,a72233b7d5bb1f90a87e8b80a9c4c506d9753578,Build explicit opaque world material lists,PERF/ASSET,final surviving behavior is authority; reverts/merges are historical; route is not per-commit acceptance
MAIN,469a4577e3372b324fefeb739706cad36f38c159,Load OpenGL 4.3 world rendering entry points,PERF/ASSET;PLAT/BASE,final surviving behavior is authority; reverts/merges are historical; route is not per-commit acceptance
MAIN,f3df070d90e9cb0322c69d857daaf968090bf10e,Bucket world draws by complete material state,PERF/ASSET,final surviving behavior is authority; reverts/merges are historical; route is not per-commit acceptance
MAIN,da9a92e26e35f1d1b78fbeb25f8949fc6138d40a,Add compute shader program support,PERF/ASSET;PLAT/BASE,final surviving behavior is authority; reverts/merges are historical; route is not per-commit acceptance
MAIN,5ab1e45f27ecf958ac25b764890b24f0a1a93cce,Add optional GPU world marking and VR GPU timing,AUDIO-003;AV-002;FBT-002;FBT-003;FBT-005;MOD-013;MOVE-001;MOVE-008;MOVE-009;PERF-F001;UI-006;VR-001;VR-002;VR-003;VR-004;VR-005;VR-006;VR-007;VR-008;VR-009;VR-010;VR-011;VR-012;VR-013;VR-014;VR-015;VR-016;WPN-001;WPN-002;WPN-003;WPN-004;WPN-005;WPN-006;WPN-007;WPN-008;WPN-009;WPN-010;WPN-011;WPN-012;XR-004;XR-009;COOP-009;MOD-014;PERF-F001;PERF-F003;XR-010;PERF-F001;PERF/ASSET;PLAT/BASE,final surviving behavior is authority; reverts/merges are historical; route is not per-commit acceptance
MAIN,e27713dcdba78623e3aba6c3a972d4f119e5220a,Make Windows build wrapper find Build Tools MSBuild,PLAT/BASE,final surviving behavior is authority; reverts/merges are historical; route is not per-commit acceptance
MAIN,5e71d216c25719176aaa29d85edf7895169ba059,Harden GPU world validation readback,PERF/ASSET,final surviving behavior is authority; reverts/merges are historical; route is not per-commit acceptance
MAIN,3fc44ab6f268e5a948f223f395151bb0af08fe0b,Fail safely on GPU world dispatch errors,PERF/ASSET,final surviving behavior is authority; reverts/merges are historical; route is not per-commit acceptance
MAIN,102b8542cddf421674e6c3e669b61a436577e816,Reapply desktop UI autoscaling after config load,UI-005,final surviving behavior is authority; reverts/merges are historical; route is not per-commit acceptance
MAIN,39055c3e470c6f43deeb8dd4a6f72365f1691c2b,Harden renderer performance diagnostics,PERF-F001;PLAT/BASE,final surviving behavior is authority; reverts/merges are historical; route is not per-commit acceptance
MAIN,3d55e1b082f36ac3a704dde1c4702453cad7956e,Make co-op saves resilient to dead clients,COOP;COOP-008;COOP-010;COOP-011;PLAT-001;PLAT-003;PLAT-005;UI-006,final surviving behavior is authority; reverts/merges are historical; route is not per-commit acceptance
MAIN,c1a50e7731da6ef1dafc7eaa01381f69a97db740,Fix MG3 weapons and modern co-op behavior,AUDIO-001;COOP-001;COOP-002;COOP-003;COOP-004;COOP-005;COOP-006;COOP-007;COOP-008;COOP-011;COOP-012;MOD-007;MOVE-002;MOVE-003;MOVE-009;MOVE-012;AUDIO-003;AV-002;FBT-002;FBT-003;FBT-005;MOD-013;MOVE-001;MOVE-008;MOVE-009;PERF-F001;UI-006;VR-001;VR-002;VR-003;VR-004;VR-005;VR-006;VR-007;VR-008;VR-009;VR-010;VR-011;VR-012;VR-013;VR-014;VR-015;VR-016;WPN-001;WPN-002;WPN-003;WPN-004;WPN-005;WPN-006;WPN-007;WPN-008;WPN-009;WPN-010;WPN-011;WPN-012;XR-004;XR-009;AUDIO-005;COOP-009;MOD-002;BASE-001;COOP-002;COOP-010;MOD-002;MOD-006;COOP-008;COOP-010;COOP-011;COOP-013;COOP-013;MOD-011;MOD-012;MOD-001;MOD-003;MOD-004;MOD-005;MOD-006;MOD-009;MOD-010;WPN-010;MOD-011;MOD/NET;PLAT/BASE,final surviving behavior is authority; reverts/merges are historical; route is not per-commit acceptance
MAIN,0cf7b472ef28717b0456b62fee64c37f80effab3,Fix Linux release OpenVR packaging,PLAT/BASE,final surviving behavior is authority; reverts/merges are historical; route is not per-commit acceptance
MAIN,123f5cacf8d9c43be66a26667916da0068674926,Validate packaged Linux runtime startup,PLAT/BASE,final surviving behavior is authority; reverts/merges are historical; route is not per-commit acceptance
MAIN,765119184d6dca671433f4d4c4e2545ec0902eab,Keep nightly builds as tags only,PLAT/BASE,final surviving behavior is authority; reverts/merges are historical; route is not per-commit acceptance
MAIN,6dca4dd23e65912c0733e7fd45fd4dc05cda7c98,Keep local tooling out of public repository,AUDIO;COOP;NET/COOP/MOVE;PLAT-001;PLAT-003;PLAT-005;UI-006;PLAT/BASE;UI/BASE/VR;WPN/MOVE,final surviving behavior is authority; reverts/merges are historical; route is not per-commit acceptance
MAIN,9881fc3c8878c66585a4d0b773b0848137d1c17d,Package complete Linux runtime without wrapper,PLAT/BASE,final surviving behavior is authority; reverts/merges are historical; route is not per-commit acceptance
MAIN,cfe313cc40f2719e3fb55bc7aa6091f8b15b5edf,Keep local build helpers out of public repository,PLAT/BASE,final surviving behavior is authority; reverts/merges are historical; route is not per-commit acceptance
MAIN,4d02f994a2f2d14b8c0b26e3fe4d4003281288a0,Port upstream fixes and harden co-op restoration,AUDIO;AUDIO-001;COOP-001;COOP-002;COOP-003;COOP-004;COOP-005;COOP-006;COOP-007;COOP-008;COOP-011;COOP-012;MOD-007;MOVE-002;MOVE-003;MOVE-009;MOVE-012;AUDIO-003;AV-002;FBT-002;FBT-003;FBT-005;MOD-013;MOVE-001;MOVE-008;MOVE-009;PERF-F001;UI-006;VR-001;VR-002;VR-003;VR-004;VR-005;VR-006;VR-007;VR-008;VR-009;VR-010;VR-011;VR-012;VR-013;VR-014;VR-015;VR-016;WPN-001;WPN-002;WPN-003;WPN-004;WPN-005;WPN-006;WPN-007;WPN-008;WPN-009;WPN-010;WPN-011;WPN-012;XR-004;XR-009;AV-007;PERF-F002;COOP-008;COOP-010;COOP-011;COOP-013;MOD-011;MOD-012;FBT-004;VR-010;VR-012;VR-013;MOD-006;UI-001;UI-005;MOD-007;MOD-007;MOD-012;MOD-014;MOD/NET;PERF/ASSET;PLAT-001;PLAT-003;PLAT-005;UI-006;PLAT/BASE;UI/BASE/VR;VR/WPN/FBT,final surviving behavior is authority; reverts/merges are historical; route is not per-commit acceptance
MAIN,b69d3f2e9102cebce0d39fcd662795e0d21e85b0,Add playspace VR weapon wheel,AUDIO-003;AV-002;FBT-002;FBT-003;FBT-005;MOD-013;MOVE-001;MOVE-008;MOVE-009;PERF-F001;UI-006;VR-001;VR-002;VR-003;VR-004;VR-005;VR-006;VR-007;VR-008;VR-009;VR-010;VR-011;VR-012;VR-013;VR-014;VR-015;VR-016;WPN-001;WPN-002;WPN-003;WPN-004;WPN-005;WPN-006;WPN-007;WPN-008;WPN-009;WPN-010;WPN-011;WPN-012;XR-004;XR-009;FBT-004;VR-010;VR-012;VR-013;MOD-013;PLAT-001;PLAT-003;PLAT-005;UI-006;VR/WPN/FBT,final surviving behavior is authority; reverts/merges are historical; route is not per-commit acceptance
MAIN,3c7526eb772dfa546e46f2428e27a011becd7ee2,Fix playspace weapon wheel interaction,AUDIO-003;AV-002;FBT-002;FBT-003;FBT-005;MOD-013;MOVE-001;MOVE-008;MOVE-009;PERF-F001;UI-006;VR-001;VR-002;VR-003;VR-004;VR-005;VR-006;VR-007;VR-008;VR-009;VR-010;VR-011;VR-012;VR-013;VR-014;VR-015;VR-016;WPN-001;WPN-002;WPN-003;WPN-004;WPN-005;WPN-006;WPN-007;WPN-008;WPN-009;WPN-010;WPN-011;WPN-012;XR-004;XR-009;AV-007;PERF-F002;PERF-F002;PLAT/BASE,final surviving behavior is authority; reverts/merges are historical; route is not per-commit acceptance
MAIN,201f0fd073dfe2431bdc6a2a46655538edd06da6,Scale held rerelease weapons for VR,AUDIO-003;AV-002;FBT-002;FBT-003;FBT-005;MOD-013;MOVE-001;MOVE-008;MOVE-009;PERF-F001;UI-006;VR-001;VR-002;VR-003;VR-004;VR-005;VR-006;VR-007;VR-008;VR-009;VR-010;VR-011;VR-012;VR-013;VR-014;VR-015;VR-016;WPN-001;WPN-002;WPN-003;WPN-004;WPN-005;WPN-006;WPN-007;WPN-008;WPN-009;WPN-010;WPN-011;WPN-012;XR-004;XR-009;AV-007;PERF-F002;BASE/MOD/COOP;MOD-006;UI-001;UI-005;PERF-F002,final surviving behavior is authority; reverts/merges are historical; route is not per-commit acceptance
MAIN,e66ad8a0603dc5b6a4f17ae81d4596a632771ec4,Keep desktop weapon wheel screen based,AUDIO-003;AV-002;FBT-002;FBT-003;FBT-005;MOD-013;MOVE-001;MOVE-008;MOVE-009;PERF-F001;UI-006;VR-001;VR-002;VR-003;VR-004;VR-005;VR-006;VR-007;VR-008;VR-009;VR-010;VR-011;VR-012;VR-013;VR-014;VR-015;VR-016;WPN-001;WPN-002;WPN-003;WPN-004;WPN-005;WPN-006;WPN-007;WPN-008;WPN-009;WPN-010;WPN-011;WPN-012;XR-004;XR-009,final surviving behavior is authority; reverts/merges are historical; route is not per-commit acceptance
MAIN,347e388a62e5c917f51a269a857062410666fec9,Refine playspace weapon wheel interaction,AUDIO-003;AV-002;FBT-002;FBT-003;FBT-005;MOD-013;MOVE-001;MOVE-008;MOVE-009;PERF-F001;UI-006;VR-001;VR-002;VR-003;VR-004;VR-005;VR-006;VR-007;VR-008;VR-009;VR-010;VR-011;VR-012;VR-013;VR-014;VR-015;VR-016;WPN-001;WPN-002;WPN-003;WPN-004;WPN-005;WPN-006;WPN-007;WPN-008;WPN-009;WPN-010;WPN-011;WPN-012;XR-004;XR-009;AUDIO-005;COOP-009;MOD-002;BASE/MOD/COOP;MOD-006;UI-001;UI-005,final surviving behavior is authority; reverts/merges are historical; route is not per-commit acceptance
MAIN,3b3789c7471666301dee0d0abcfa46d4ac0641de,Increase held rerelease weapon scale,AUDIO-003;AV-002;FBT-002;FBT-003;FBT-005;MOD-013;MOVE-001;MOVE-008;MOVE-009;PERF-F001;UI-006;VR-001;VR-002;VR-003;VR-004;VR-005;VR-006;VR-007;VR-008;VR-009;VR-010;VR-011;VR-012;VR-013;VR-014;VR-015;VR-016;WPN-001;WPN-002;WPN-003;WPN-004;WPN-005;WPN-006;WPN-007;WPN-008;WPN-009;WPN-010;WPN-011;WPN-012;XR-004;XR-009,final surviving behavior is authority; reverts/merges are historical; route is not per-commit acceptance
MAIN,165b27457da38923974c8f54f31a72f88c04efda,Align VR weapon selection and MG3 HUD,AUDIO-003;AV-002;FBT-002;FBT-003;FBT-005;MOD-013;MOVE-001;MOVE-008;MOVE-009;PERF-F001;UI-006;VR-001;VR-002;VR-003;VR-004;VR-005;VR-006;VR-007;VR-008;VR-009;VR-010;VR-011;VR-012;VR-013;VR-014;VR-015;VR-016;WPN-001;WPN-002;WPN-003;WPN-004;WPN-005;WPN-006;WPN-007;WPN-008;WPN-009;WPN-010;WPN-011;WPN-012;XR-004;XR-009;AUDIO-005;COOP-009;MOD-002,final surviving behavior is authority; reverts/merges are historical; route is not per-commit acceptance
MAIN,ea412120c7960f733e3c9e1ce8314be1fd8655a5,Add Ironwail compatibility and mod input features,AUDIO-001;COOP-001;COOP-002;COOP-003;COOP-004;COOP-005;COOP-006;COOP-007;COOP-008;COOP-011;COOP-012;MOD-007;MOVE-002;MOVE-003;MOVE-009;MOVE-012;AV-006;MOD-008;AV-007;PERF-F002;BASE-001;COOP-002;COOP-010;MOD-002;MOD-006;BASE-002;BASE/MOD/COOP;COOP-008;COOP-010;COOP-011;COOP-009;MOD-014;PERF-F001;PERF-F003;XR-010;COOP-013;MOD-011;MOD-012;MOD-003;MOD-006;UI-001;UI-005;MOD-007;MOD-012;MOD-014;MOD-008;UI-004;MOD-013;MOD-013;MOD-014;UI-002;UI-005;MOD/NET;PERF-F002;PERF-F003;PERF/ASSET;PLAT/BASE;UI-001;UI-005;UI/BASE/VR,final surviving behavior is authority; reverts/merges are historical; route is not per-commit acceptance
MAIN,c8d7fb20000f95308d45d0123766547909089770,Fix VR weapon adjustment profiles,AUDIO-003;AV-002;FBT-002;FBT-003;FBT-005;MOD-013;MOVE-001;MOVE-008;MOVE-009;PERF-F001;UI-006;VR-001;VR-002;VR-003;VR-004;VR-005;VR-006;VR-007;VR-008;VR-009;VR-010;VR-011;VR-012;VR-013;VR-014;VR-015;VR-016;WPN-001;WPN-002;WPN-003;WPN-004;WPN-005;WPN-006;WPN-007;WPN-008;WPN-009;WPN-010;WPN-011;WPN-012;XR-004;XR-009,final surviving behavior is authority; reverts/merges are historical; route is not per-commit acceptance
MAIN,35f2cb84db870a48899e0421932d7b72406c0e42,Preserve console impulses in single-player,NET/COOP/MOVE,final surviving behavior is authority; reverts/merges are historical; route is not per-commit acceptance
MAIN,298aba0c5fa036a23cd8b7153ba77e18516a9794,Add Steam zero-setup and Quakespasm VR branding,BASE-001;COOP-002;COOP-010;MOD-002;MOD-006;BASE/MOD/COOP;COOP-008;COOP-010;COOP-011;MOD-002;UI-004;MOD-006;UI-001;UI-005;MOD-013;MOD-014;UI-002;UI-005;MOD/NET;NET/COOP/MOVE;PERF/ASSET;PLAT-001;PLAT-003;PLAT-005;UI-006;PLAT/BASE;UI-001;UI-003;UI/BASE/VR;VR/WPN/FBT,final surviving behavior is authority; reverts/merges are historical; route is not per-commit acceptance
MAIN,c6fbed82dbe962dffc7a569fe1d52a326d10add0,Harden Unicode Steam registry discovery,UI-001,final surviving behavior is authority; reverts/merges are historical; route is not per-commit acceptance
MAIN,a6e4d5238fa45fc97f777c9ef7a875f303e6390d,Use UTF-8 file access for Steam metadata,MOD-006;UI-001;UI-005,final surviving behavior is authority; reverts/merges are historical; route is not per-commit acceptance
MAIN,2098a661c5a94e5f270fb43bdaa35e05d58403c1,Improve Linux mod compatibility,AUDIO-003;AV-002;FBT-002;FBT-003;FBT-005;MOD-013;MOVE-001;MOVE-008;MOVE-009;PERF-F001;UI-006;VR-001;VR-002;VR-003;VR-004;VR-005;VR-006;VR-007;VR-008;VR-009;VR-010;VR-011;VR-012;VR-013;VR-014;VR-015;VR-016;WPN-001;WPN-002;WPN-003;WPN-004;WPN-005;WPN-006;WPN-007;WPN-008;WPN-009;WPN-010;WPN-011;WPN-012;XR-004;XR-009;BASE-001;COOP-002;COOP-010;MOD-002;MOD-006;BASE/MOD/COOP;COOP-008;COOP-010;COOP-011;MOD-006;UI-001;UI-005;NET/COOP/MOVE,final surviving behavior is authority; reverts/merges are historical; route is not per-commit acceptance
MAIN,8a191e73ef0ffdef6228f847d92abf71b6650014,Add networked VR inverse kinematics,AUDIO-001;COOP-001;COOP-002;COOP-003;COOP-004;COOP-005;COOP-006;COOP-007;COOP-008;COOP-011;COOP-012;MOD-007;MOVE-002;MOVE-003;MOVE-009;MOVE-012;AUDIO-003;AV-002;FBT-002;FBT-003;FBT-005;MOD-013;MOVE-001;MOVE-008;MOVE-009;PERF-F001;UI-006;VR-001;VR-002;VR-003;VR-004;VR-005;VR-006;VR-007;VR-008;VR-009;VR-010;VR-011;VR-012;VR-013;VR-014;VR-015;VR-016;WPN-001;WPN-002;WPN-003;WPN-004;WPN-005;WPN-006;WPN-007;WPN-008;WPN-009;WPN-010;WPN-011;WPN-012;XR-004;XR-009;AV-006;MOD-008;AV-007;PERF-F002;BASE/MOD/COOP;FBT-004;VR-010;VR-012;VR-013;MOD-006;UI-001;UI-005;MOD-008;UI-004;MOD-013;NET/COOP/MOVE;PERF-F002;PLAT/BASE;VR/WPN/FBT,final surviving behavior is authority; reverts/merges are historical; route is not per-commit acceptance
MAIN,56270912e140c9460579abe960617598382112b3,Fix VRIK capability negotiation,AUDIO-001;COOP-001;COOP-002;COOP-003;COOP-004;COOP-005;COOP-006;COOP-007;COOP-008;COOP-011;COOP-012;MOD-007;MOVE-002;MOVE-003;MOVE-009;MOVE-012;AV-006;MOD-008;MOD-008;UI-004;MOD-013;NET/COOP/MOVE,final surviving behavior is authority; reverts/merges are historical; route is not per-commit acceptance
MAIN,74e0f86b197a378b9bcf459e34a49b39ebfe3622,"Fix VRIK transforms, interpolation, and effects",AUDIO-003;AV-002;FBT-002;FBT-003;FBT-005;MOD-013;MOVE-001;MOVE-008;MOVE-009;PERF-F001;UI-006;VR-001;VR-002;VR-003;VR-004;VR-005;VR-006;VR-007;VR-008;VR-009;VR-010;VR-011;VR-012;VR-013;VR-014;VR-015;VR-016;WPN-001;WPN-002;WPN-003;WPN-004;WPN-005;WPN-006;WPN-007;WPN-008;WPN-009;WPN-010;WPN-011;WPN-012;XR-004;XR-009;AV-006;MOD-008;AV-007;PERF-F002;MOD-002;UI-004;PERF-F002;PLAT/BASE,final surviving behavior is authority; reverts/merges are historical; route is not per-commit acceptance
MAIN,ab1575b085b8ed2550a667abed3f01750a5eae34,Attach VRIK muzzle flares to barrel,AV-006;MOD-008,final surviving behavior is authority; reverts/merges are historical; route is not per-commit acceptance
MAIN,d164c74241437fc41fa34e4976038a81240704a7,Separate VRIK grip and weapon aim transforms,AUDIO-001;COOP-001;COOP-002;COOP-003;COOP-004;COOP-005;COOP-006;COOP-007;COOP-008;COOP-011;COOP-012;MOD-007;MOVE-002;MOVE-003;MOVE-009;MOVE-012;AUDIO-003;AV-002;FBT-002;FBT-003;FBT-005;MOD-013;MOVE-001;MOVE-008;MOVE-009;PERF-F001;UI-006;VR-001;VR-002;VR-003;VR-004;VR-005;VR-006;VR-007;VR-008;VR-009;VR-010;VR-011;VR-012;VR-013;VR-014;VR-015;VR-016;WPN-001;WPN-002;WPN-003;WPN-004;WPN-005;WPN-006;WPN-007;WPN-008;WPN-009;WPN-010;WPN-011;WPN-012;XR-004;XR-009;AV-006;MOD-008;MOD-008;UI-004;MOD-013;NET/COOP/MOVE,final surviving behavior is authority; reverts/merges are historical; route is not per-commit acceptance
MAIN,d6b47846d748948c3a9e304f7812cbadc6bc0f3c,Update README.md,PLAT-001;PLAT-003;PLAT-005;UI-006,final surviving behavior is authority; reverts/merges are historical; route is not per-commit acceptance
MAIN,a80e149b308158967606852e1839dec37791c519,Update README.md,PLAT-001;PLAT-003;PLAT-005;UI-006,final surviving behavior is authority; reverts/merges are historical; route is not per-commit acceptance
MAIN,c98d4ec0df0f5b1213f88d55ac2e917b65abdeed,Default VRIK on and correct axe grip,AUDIO-003;AV-002;FBT-002;FBT-003;FBT-005;MOD-013;MOVE-001;MOVE-008;MOVE-009;PERF-F001;UI-006;VR-001;VR-002;VR-003;VR-004;VR-005;VR-006;VR-007;VR-008;VR-009;VR-010;VR-011;VR-012;VR-013;VR-014;VR-015;VR-016;WPN-001;WPN-002;WPN-003;WPN-004;WPN-005;WPN-006;WPN-007;WPN-008;WPN-009;WPN-010;WPN-011;WPN-012;XR-004;XR-009;AV-006;MOD-008;BASE-003;PLAT-005;UI-006;VR-009;PLAT/BASE;UI/BASE/VR,final surviving behavior is authority; reverts/merges are historical; route is not per-commit acceptance
MAIN,00a39ba36ff8a46bababde67b3e58652707151a0,Gate VRIK on active model rig compatibility,AUDIO-003;AV-002;FBT-002;FBT-003;FBT-005;MOD-013;MOVE-001;MOVE-008;MOVE-009;PERF-F001;UI-006;VR-001;VR-002;VR-003;VR-004;VR-005;VR-006;VR-007;VR-008;VR-009;VR-010;VR-011;VR-012;VR-013;VR-014;VR-015;VR-016;WPN-001;WPN-002;WPN-003;WPN-004;WPN-005;WPN-006;WPN-007;WPN-008;WPN-009;WPN-010;WPN-011;WPN-012;XR-004;XR-009;AV-006;MOD-008;AV-007;PERF-F002;PERF-F002,final surviving behavior is authority; reverts/merges are historical; route is not per-commit acceptance
MAIN,3af2a3e4250be9ee820d465b91fb09b10d009d59,Use rerelease avatar for VRIK multiplayer,AUDIO-003;AV-002;FBT-002;FBT-003;FBT-005;MOD-013;MOVE-001;MOVE-008;MOVE-009;PERF-F001;UI-006;VR-001;VR-002;VR-003;VR-004;VR-005;VR-006;VR-007;VR-008;VR-009;VR-010;VR-011;VR-012;VR-013;VR-014;VR-015;VR-016;WPN-001;WPN-002;WPN-003;WPN-004;WPN-005;WPN-006;WPN-007;WPN-008;WPN-009;WPN-010;WPN-011;WPN-012;XR-004;XR-009;AV-006;MOD-008;AV-007;PERF-F002;FBT-004;VR-010;VR-012;VR-013;PERF-F002;VR/WPN/FBT,final surviving behavior is authority; reverts/merges are historical; route is not per-commit acceptance
MAIN,05895853a3e84ea9a3f785ab432d2b04f1415a76,Add persistent full-body Vive tracker support,AUDIO-001;COOP-001;COOP-002;COOP-003;COOP-004;COOP-005;COOP-006;COOP-007;COOP-008;COOP-011;COOP-012;MOD-007;MOVE-002;MOVE-003;MOVE-009;MOVE-012;AUDIO-003;AV-002;FBT-002;FBT-003;FBT-005;MOD-013;MOVE-001;MOVE-008;MOVE-009;PERF-F001;UI-006;VR-001;VR-002;VR-003;VR-004;VR-005;VR-006;VR-007;VR-008;VR-009;VR-010;VR-011;VR-012;VR-013;VR-014;VR-015;VR-016;WPN-001;WPN-002;WPN-003;WPN-004;WPN-005;WPN-006;WPN-007;WPN-008;WPN-009;WPN-010;WPN-011;WPN-012;XR-004;XR-009;AV-001;AV-001;AV-002;AV-007;AV-008;AV-006;MOD-008;AV-007;PERF-F002;AV/FBT;COOP-009;MOD-014;PERF-F001;PERF-F003;XR-010;FBT-001;FBT-002;FBT-003;FBT-004;FBT-004;VR-010;VR-012;VR-013;FBT-005;MOD-002;UI-004;MOD-008;UI-004;MOD-013;NET/COOP/MOVE;PERF-F002;PLAT-007;PLAT/BASE;VR/WPN/FBT,final surviving behavior is authority; reverts/merges are historical; route is not per-commit acceptance
MAIN,9859b5697032d6ec8c079538cef3a5e34ab9e36b,Add rerelease monster player avatars,AUDIO-001;COOP-001;COOP-002;COOP-003;COOP-004;COOP-005;COOP-006;COOP-007;COOP-008;COOP-011;COOP-012;MOD-007;MOVE-002;MOVE-003;MOVE-009;MOVE-012;AV-001;AV-002;AV-007;AV-008;AV-001;AV-003;AV-004;AV-003;AV-006;MOD-008;AV-007;PERF-F002;AV/FBT;BASE-001;COOP-008;COOP-010;COOP-011;MOD-002;UI-004;MOD-008;UI-004;MOD-013;MOD-014;UI-002;UI-005;NET/COOP/MOVE;PERF-F002;PLAT-007;PLAT/BASE,final surviving behavior is authority; reverts/merges are historical; route is not per-commit acceptance
MAIN,1f51ae9e148e7a2a80fabbde5cebc37ef407f349,Fix player model selector layout,MOD-013;MOD-014;UI-002;UI-005,final surviving behavior is authority; reverts/merges are historical; route is not per-commit acceptance
MAIN,7d17c23f4a09b647e2ca3871474254cb5a58991c,Send avatar table during client signon,NET/COOP/MOVE,final surviving behavior is authority; reverts/merges are historical; route is not per-commit acceptance
MAIN,9ef118f7c3ec449a44e354d0384aa9bf73a3423f,Fix rerelease avatar retargeting,AV-003;AV-006;MOD-008;AV/FBT;PLAT/BASE,final surviving behavior is authority; reverts/merges are historical; route is not per-commit acceptance
MAIN,27d4cbb1344825096e5cc008656c978fd5cca391,Tune rerelease avatar anatomy,AV-001;AV-002;AV-007;AV-008;AV-003;AV-006;MOD-008;AV/FBT;FBT-005,final surviving behavior is authority; reverts/merges are historical; route is not per-commit acceptance
MAIN,c054fb97a5cf55428a6e4742afc0dcc484819de6,Correct animal avatar posture,AV-003;AV-006;MOD-008;AV/FBT,final surviving behavior is authority; reverts/merges are historical; route is not per-commit acceptance
MAIN,e1fc98e2679db4499610b899bc124822dda8912f,Fix rerelease avatar anatomy,AV-001;AV-002;AV-007;AV-008;AV-003;AV-006;MOD-008;AV/FBT;FBT-005,final surviving behavior is authority; reverts/merges are historical; route is not per-commit acceptance
MAIN,5285d1c53ae0e937113c1c263fc908bf83b82517,Fix monster avatar pose composition,AV-001;AV-002;AV-007;AV-008;AV-003;AV-006;MOD-008;AV/FBT;FBT-005,final surviving behavior is authority; reverts/merges are historical; route is not per-commit acceptance
MAIN,0c1625aa9232321a4fb762b621661938d2136d79,Stabilize monster avatar presentation,AV-003;AV-006;MOD-008;AV/FBT,final surviving behavior is authority; reverts/merges are historical; route is not per-commit acceptance
MAIN,04a16484e28f30851b663d21f43a89c52b234d69,Fix desktop monster avatar regressions,AV-003;AV-006;MOD-008;AV/FBT,final surviving behavior is authority; reverts/merges are historical; route is not per-commit acceptance
MAIN,d3ab84b4d612257725e030f072dc002bb9c140f4,Fix monster avatar desktop transforms,AV-006;MOD-008,final surviving behavior is authority; reverts/merges are historical; route is not per-commit acceptance
MAIN,e95459595da1c1d2ccf1e7c760ae6caeff638d03,Add calibrated enhanced weapon defaults,AUDIO-003;AV-002;FBT-002;FBT-003;FBT-005;MOD-013;MOVE-001;MOVE-008;MOVE-009;PERF-F001;UI-006;VR-001;VR-002;VR-003;VR-004;VR-005;VR-006;VR-007;VR-008;VR-009;VR-010;VR-011;VR-012;VR-013;VR-014;VR-015;VR-016;WPN-001;WPN-002;WPN-003;WPN-004;WPN-005;WPN-006;WPN-007;WPN-008;WPN-009;WPN-010;WPN-011;WPN-012;XR-004;XR-009,final surviving behavior is authority; reverts/merges are historical; route is not per-commit acceptance
MAIN,0f74f50d240d0110f181f4449991f18d716bfe3a,Harden mod compatibility and rerelease integration,AUDIO-001;COOP-001;COOP-002;COOP-003;COOP-004;COOP-005;COOP-006;COOP-007;COOP-008;COOP-011;COOP-012;MOD-007;MOVE-002;MOVE-003;MOVE-009;MOVE-012;AUDIO-003;AV-002;FBT-002;FBT-003;FBT-005;MOD-013;MOVE-001;MOVE-008;MOVE-009;PERF-F001;UI-006;VR-001;VR-002;VR-003;VR-004;VR-005;VR-006;VR-007;VR-008;VR-009;VR-010;VR-011;VR-012;VR-013;VR-014;VR-015;VR-016;WPN-001;WPN-002;WPN-003;WPN-004;WPN-005;WPN-006;WPN-007;WPN-008;WPN-009;WPN-010;WPN-011;WPN-012;XR-004;XR-009;AV-006;MOD-008;BASE/MOD/COOP;COOP-008;COOP-010;COOP-011;COOP-013;COOP-013;MOD-011;MOD-012;MOD-006;UI-001;UI-005;MOD-008;UI-004;MOD-013;MOD-014;UI-002;UI-005;NET/COOP/MOVE;PLAT-001;PLAT-003;PLAT-005;UI-006;PLAT/BASE;UI-003,final surviving behavior is authority; reverts/merges are historical; route is not per-commit acceptance
MAIN,f6273a37968e32073355fd8da8c6f29e83884b93,Automate native ARM64 VR builds,PLAT/BASE,final surviving behavior is authority; reverts/merges are historical; route is not per-commit acceptance
MAIN,93dd370103e33f7148b21e8eb69fc0a4bb7e9b3a,Update README.md,PLAT-001;PLAT-003;PLAT-005;UI-006,final surviving behavior is authority; reverts/merges are historical; route is not per-commit acceptance
MAIN,a3612f037cca253ed5f0a8d6f684b6af5d2e920e,Harden mod gameplay compatibility,AUDIO-001;COOP-001;COOP-002;COOP-003;COOP-004;COOP-005;COOP-006;COOP-007;COOP-008;COOP-011;COOP-012;MOD-007;MOVE-002;MOVE-003;MOVE-009;MOVE-012;AUDIO-003;AV-002;FBT-002;FBT-003;FBT-005;MOD-013;MOVE-001;MOVE-008;MOVE-009;PERF-F001;UI-006;VR-001;VR-002;VR-003;VR-004;VR-005;VR-006;VR-007;VR-008;VR-009;VR-010;VR-011;VR-012;VR-013;VR-014;VR-015;VR-016;WPN-001;WPN-002;WPN-003;WPN-004;WPN-005;WPN-006;WPN-007;WPN-008;WPN-009;WPN-010;WPN-011;WPN-012;XR-004;XR-009;COOP-003;COOP-013;MOD-001;MOD-003;MOD-004;MOD-005;MOD-006;MOD-009;MOD-010;WPN-010;MOD-011;NET/COOP/MOVE;WPN/MOVE,final surviving behavior is authority; reverts/merges are historical; route is not per-commit acceptance
MAIN,c16f0d22382c8a242aab032530bdd3c650414695,Fix co-op state and VR mod compatibility,AUDIO-003;AV-002;FBT-002;FBT-003;FBT-005;MOD-013;MOVE-001;MOVE-008;MOVE-009;PERF-F001;UI-006;VR-001;VR-002;VR-003;VR-004;VR-005;VR-006;VR-007;VR-008;VR-009;VR-010;VR-011;VR-012;VR-013;VR-014;VR-015;VR-016;WPN-001;WPN-002;WPN-003;WPN-004;WPN-005;WPN-006;WPN-007;WPN-008;WPN-009;WPN-010;WPN-011;WPN-012;XR-004;XR-009;AV-007;PERF-F002;COOP-008;COOP-010;COOP-011;COOP-013;COOP-013;MOD-011;MOD-012;MOD-001;MOD-003;MOD-004;MOD-005;MOD-006;MOD-009;MOD-010;WPN-010;MOD-006;UI-001;UI-005;MOD-008;UI-004;PLAT/BASE,final surviving behavior is authority; reverts/merges are historical; route is not per-commit acceptance
MAIN,fd502c245ae6676d30a4ef7b39c0f402a027eab7,ADD(build): add reproducible Nix development shell,PLAT/BASE,final surviving behavior is authority; reverts/merges are historical; route is not per-commit acceptance
MAIN,4934cc904332751ff51c7f9147fe76cbb7540ceb,ADD(voice): implement experimental spatial voice chat,AUDIO;AUDIO-001;AUDIO-001;AUDIO-002;AUDIO-003;AUDIO-004;AUDIO-005;AUDIO-007;AUDIO-010;AUDIO-001;COOP-001;COOP-002;COOP-003;COOP-004;COOP-005;COOP-006;COOP-007;COOP-008;COOP-011;COOP-012;MOD-007;MOVE-002;MOVE-003;MOVE-009;MOVE-012;AUDIO-004;AUDIO-005;COOP-009;MOD-002;AUDIO-011;MOD-002;UI-004;MOD-008;UI-004;MOD-013;NET/COOP/MOVE;PLAT/BASE,final surviving behavior is authority; reverts/merges are historical; route is not per-commit acceptance
MAIN,87788116187bf7129e49163814f8bcaf9d5dca57,FIX(voice): harden live chat UX and playout,AUDIO;AUDIO-001;AUDIO-002;AUDIO-003;AUDIO-004;AUDIO-005;AUDIO-007;AUDIO-010;AUDIO-003;AV-002;FBT-002;FBT-003;FBT-005;MOD-013;MOVE-001;MOVE-008;MOVE-009;PERF-F001;UI-006;VR-001;VR-002;VR-003;VR-004;VR-005;VR-006;VR-007;VR-008;VR-009;VR-010;VR-011;VR-012;VR-013;VR-014;VR-015;VR-016;WPN-001;WPN-002;WPN-003;WPN-004;WPN-005;WPN-006;WPN-007;WPN-008;WPN-009;WPN-010;WPN-011;WPN-012;XR-004;XR-009;AUDIO-004;AUDIO-005;COOP-009;MOD-002;COOP-009;MOD-014;PERF-F001;PERF-F003;XR-010;MOD-013;MOD-014;UI-002;UI-005;PLAT/BASE;UI/BASE/VR,final surviving behavior is authority; reverts/merges are historical; route is not per-commit acceptance
MAIN,4e696422240aca1b6994a590969c98c548810fc7,Merge pull request #1: experimental spatial voice chat,AUDIO;AUDIO-001;AUDIO-001;AUDIO-002;AUDIO-003;AUDIO-004;AUDIO-005;AUDIO-007;AUDIO-010;AUDIO-001;COOP-001;COOP-002;COOP-003;COOP-004;COOP-005;COOP-006;COOP-007;COOP-008;COOP-011;COOP-012;MOD-007;MOVE-002;MOVE-003;MOVE-009;MOVE-012;AUDIO-003;AV-002;FBT-002;FBT-003;FBT-005;MOD-013;MOVE-001;MOVE-008;MOVE-009;PERF-F001;UI-006;VR-001;VR-002;VR-003;VR-004;VR-005;VR-006;VR-007;VR-008;VR-009;VR-010;VR-011;VR-012;VR-013;VR-014;VR-015;VR-016;WPN-001;WPN-002;WPN-003;WPN-004;WPN-005;WPN-006;WPN-007;WPN-008;WPN-009;WPN-010;WPN-011;WPN-012;XR-004;XR-009;AUDIO-004;AUDIO-005;COOP-009;MOD-002;AUDIO-011;COOP-009;MOD-014;PERF-F001;PERF-F003;XR-010;MOD-002;UI-004;MOD-008;UI-004;MOD-013;MOD-013;MOD-014;UI-002;UI-005;NET/COOP/MOVE;PLAT/BASE;UI/BASE/VR,final surviving behavior is authority; reverts/merges are historical; route is not per-commit acceptance
MAIN,5e946ecffec54bbbed9cd9f496941e844619796c,Harden spatial voice chat integration,AUDIO;AUDIO-001;AUDIO-002;AUDIO-003;AUDIO-004;AUDIO-005;AUDIO-007;AUDIO-010;NET/COOP/MOVE;PLAT/BASE,final surviving behavior is authority; reverts/merges are historical; route is not per-commit acceptance
MAIN,4de4ac280f296510af33ab76ca56bf4aac5e6d27,Build voice chat with native Windows Opus,PLAT-001;PLAT-003;PLAT-005;UI-006;PLAT/BASE,final surviving behavior is authority; reverts/merges are historical; route is not per-commit acceptance
MAIN,edb609ef03dbf8f7930d65c113577306b40c9ae1,Require local microphone consent and fix voice playback,AUDIO;AUDIO-001;AUDIO-002;AUDIO-003;AUDIO-004;AUDIO-005;AUDIO-007;AUDIO-010;AUDIO-004;MOD-013;MOD-014;UI-002;UI-005;PLAT/BASE;UI/BASE/VR,final surviving behavior is authority; reverts/merges are historical; route is not per-commit acceptance
MAIN,d016b449a0e35ae44a1667bcddb0c420fcaf3e20,Remember microphone settings and default VR to the headset mic,AUDIO;AUDIO-001;AUDIO-002;AUDIO-003;AUDIO-004;AUDIO-005;AUDIO-007;AUDIO-010;AUDIO-002;AUDIO-003;AV-002;FBT-002;FBT-003;FBT-005;MOD-013;MOVE-001;MOVE-008;MOVE-009;PERF-F001;UI-006;VR-001;VR-002;VR-003;VR-004;VR-005;VR-006;VR-007;VR-008;VR-009;VR-010;VR-011;VR-012;VR-013;VR-014;VR-015;VR-016;WPN-001;WPN-002;WPN-003;WPN-004;WPN-005;WPN-006;WPN-007;WPN-008;WPN-009;WPN-010;WPN-011;WPN-012;XR-004;XR-009;MOD-013;MOD-014;UI-002;UI-005;PLAT/BASE;VR/WPN/FBT,final surviving behavior is authority; reverts/merges are historical; route is not per-commit acceptance
MAIN,2b560101bfa94cba8e1606d5754ff9c4a74baffa,Include Windows property key definitions before audio device keys,AUDIO-003;AV-002;FBT-002;FBT-003;FBT-005;MOD-013;MOVE-001;MOVE-008;MOVE-009;PERF-F001;UI-006;VR-001;VR-002;VR-003;VR-004;VR-005;VR-006;VR-007;VR-008;VR-009;VR-010;VR-011;VR-012;VR-013;VR-014;VR-015;VR-016;WPN-001;WPN-002;WPN-003;WPN-004;WPN-005;WPN-006;WPN-007;WPN-008;WPN-009;WPN-010;WPN-011;WPN-012;XR-004;XR-009,final surviving behavior is authority; reverts/merges are historical; route is not per-commit acceptance
MAIN,9f21afae460fb90d3e8ce29d58281645f05cd681,"Preserve co-op progression across saves, sign-on and hub returns",AUDIO-001;COOP-001;COOP-002;COOP-003;COOP-004;COOP-005;COOP-006;COOP-007;COOP-008;COOP-011;COOP-012;MOD-007;MOVE-002;MOVE-003;MOVE-009;MOVE-012;BASE-001;COOP-002;COOP-010;MOD-002;MOD-006;COOP-008;COOP-010;COOP-011;COOP-013;COOP-013;MOD-011;MOD-012;PLAT/BASE,final surviving behavior is authority; reverts/merges are historical; route is not per-commit acceptance
MAIN,811fecc984a66047e8f0c47cf7d0dcf5e3062d0f,Align weapon-wheel action hitboxes and VR teleport yaw,AUDIO-003;AV-002;FBT-002;FBT-003;FBT-005;MOD-013;MOVE-001;MOVE-008;MOVE-009;PERF-F001;UI-006;VR-001;VR-002;VR-003;VR-004;VR-005;VR-006;VR-007;VR-008;VR-009;VR-010;VR-011;VR-012;VR-013;VR-014;VR-015;VR-016;WPN-001;WPN-002;WPN-003;WPN-004;WPN-005;WPN-006;WPN-007;WPN-008;WPN-009;WPN-010;WPN-011;WPN-012;XR-004;XR-009;MOD-008;UI-004;WPN-001;WPN-011,final surviving behavior is authority; reverts/merges are historical; route is not per-commit acceptance
MAIN,a41d68c29a2341ef5ea48bb1312326e6db627dc5,Preserve VR head tracking and exact dead-save inventory,AUDIO-003;AV-002;FBT-002;FBT-003;FBT-005;MOD-013;MOVE-001;MOVE-008;MOVE-009;PERF-F001;UI-006;VR-001;VR-002;VR-003;VR-004;VR-005;VR-006;VR-007;VR-008;VR-009;VR-010;VR-011;VR-012;VR-013;VR-014;VR-015;VR-016;WPN-001;WPN-002;WPN-003;WPN-004;WPN-005;WPN-006;WPN-007;WPN-008;WPN-009;WPN-010;WPN-011;WPN-012;XR-004;XR-009;COOP-013;MOD-011;MOD-012;MOD-002;UI-004;MOD-008;UI-004;VR/WPN/FBT,final surviving behavior is authority; reverts/merges are historical; route is not per-commit acceptance
MAIN,6c60f175fdac2809004182747775652a52b65a7a,Preserve QBJ3 movement prediction and co-op damage state,AUDIO-001;COOP-001;COOP-002;COOP-003;COOP-004;COOP-005;COOP-006;COOP-007;COOP-008;COOP-011;COOP-012;MOD-007;MOVE-002;MOVE-003;MOVE-009;MOVE-012;COOP-013;MOD-011;MOD-012;MOD-002;UI-004;MOD-008;UI-004;MOD-011;NET/COOP/MOVE;PLAT/BASE,final surviving behavior is authority; reverts/merges are historical; route is not per-commit acceptance
MAIN,0528925ace9237c7aa3d8c8b22f747cb849d65fa,Fix microphone HUD visibility and Beyond headset detection,AUDIO-001;AUDIO-002;AUDIO-003;AUDIO-004;AUDIO-005;AUDIO-007;AUDIO-010;AUDIO-003;AV-002;FBT-002;FBT-003;FBT-005;MOD-013;MOVE-001;MOVE-008;MOVE-009;PERF-F001;UI-006;VR-001;VR-002;VR-003;VR-004;VR-005;VR-006;VR-007;VR-008;VR-009;VR-010;VR-011;VR-012;VR-013;VR-014;VR-015;VR-016;WPN-001;WPN-002;WPN-003;WPN-004;WPN-005;WPN-006;WPN-007;WPN-008;WPN-009;WPN-010;WPN-011;WPN-012;XR-004;XR-009,final surviving behavior is authority; reverts/merges are historical; route is not per-commit acceptance
MAIN,e409abd4a999c54a58b33eba67e49df270479017,Update README.md,PLAT-001;PLAT-003;PLAT-005;UI-006,final surviving behavior is authority; reverts/merges are historical; route is not per-commit acceptance
MAIN,261f1ff0d99c94f939e2c3a527a8491d212f08e4,Update README.md,PLAT-001;PLAT-003;PLAT-005;UI-006,final surviving behavior is authority; reverts/merges are historical; route is not per-commit acceptance
MAIN,54a92e62744f712df3879f025fe5b2bee590be47,Add custom player models and refine VR interaction,AUDIO-001;COOP-001;COOP-002;COOP-003;COOP-004;COOP-005;COOP-006;COOP-007;COOP-008;COOP-011;COOP-012;MOD-007;MOVE-002;MOVE-003;MOVE-009;MOVE-012;AUDIO-003;AV-002;FBT-002;FBT-003;FBT-005;MOD-013;MOVE-001;MOVE-008;MOVE-009;PERF-F001;UI-006;VR-001;VR-002;VR-003;VR-004;VR-005;VR-006;VR-007;VR-008;VR-009;VR-010;VR-011;VR-012;VR-013;VR-014;VR-015;VR-016;WPN-001;WPN-002;WPN-003;WPN-004;WPN-005;WPN-006;WPN-007;WPN-008;WPN-009;WPN-010;WPN-011;WPN-012;XR-004;XR-009;AV-001;AV-002;AV-007;AV-008;AV-001;AV-003;AV-004;AV-003;AV-004;AV-005;AV-005;AV-006;MOD-008;AV-007;PERF-F002;AV/FBT;BASE-001;BASE-001;COOP-002;COOP-010;MOD-002;MOD-006;FBT-004;VR-010;VR-012;VR-013;MOD-002;UI-004;MOD-008;UI-004;MOD-013;MOD-014;UI-002;UI-005;NET/COOP/MOVE;PERF-F002;PERF/ASSET;PLAT-001;PLAT-003;PLAT-005;UI-006;PLAT/BASE;UI-002;VR/WPN/FBT,final surviving behavior is authority; reverts/merges are historical; route is not per-commit acceptance
MAIN,174d77c7eec8acdac23a182fd49d74cd43aaedbe,Add Linux Steam Audio HRTF rendering for voice and game sounds,AUDIO;AUDIO-001;AUDIO-002;AUDIO-003;AUDIO-004;AUDIO-005;AUDIO-007;AUDIO-010;AUDIO-003;AV-002;FBT-002;FBT-003;FBT-005;MOD-013;MOVE-001;MOVE-008;MOVE-009;PERF-F001;UI-006;VR-001;VR-002;VR-003;VR-004;VR-005;VR-006;VR-007;VR-008;VR-009;VR-010;VR-011;VR-012;VR-013;VR-014;VR-015;VR-016;WPN-001;WPN-002;WPN-003;WPN-004;WPN-005;WPN-006;WPN-007;WPN-008;WPN-009;WPN-010;WPN-011;WPN-012;XR-004;XR-009;AUDIO-006;AUDIO-006;AUDIO-007;AUDIO-008;AUDIO-009;AUDIO-006;AUDIO-010;PLAT-004;AUDIO-011;AV-006;MOD-008;AV/FBT;BASE-001;COOP-002;COOP-010;MOD-002;MOD-006;MOD-006;UI-001;UI-005;PLAT-001;PLAT-003;PLAT-005;UI-006;PLAT/BASE,final surviving behavior is authority; reverts/merges are historical; route is not per-commit acceptance
MAIN,1bb758621846854507dc43373ccfe75f0b510830,Prevent VR wrist roll from triggering QuakeC camera corrections,COOP-013;MOD-011;MOD-012,final surviving behavior is authority; reverts/merges are historical; route is not per-commit acceptance
MAIN,55d2b40519616520ba49e02e35103d231b70e510,Raise baseline received voice level by 6 dB,AUDIO;AUDIO-001;AUDIO-002;AUDIO-003;AUDIO-004;AUDIO-005;AUDIO-007;AUDIO-010,final surviving behavior is authority; reverts/merges are historical; route is not per-commit acceptance
MAIN,f399573bf09e7c8f27ea1baa87542aca746d7c51,Merge remote-tracking branch 'origin/master',AUDIO-001;COOP-001;COOP-002;COOP-003;COOP-004;COOP-005;COOP-006;COOP-007;COOP-008;COOP-011;COOP-012;MOD-007;MOVE-002;MOVE-003;MOVE-009;MOVE-012;AUDIO-003;AV-002;FBT-002;FBT-003;FBT-005;MOD-013;MOVE-001;MOVE-008;MOVE-009;PERF-F001;UI-006;VR-001;VR-002;VR-003;VR-004;VR-005;VR-006;VR-007;VR-008;VR-009;VR-010;VR-011;VR-012;VR-013;VR-014;VR-015;VR-016;WPN-001;WPN-002;WPN-003;WPN-004;WPN-005;WPN-006;WPN-007;WPN-008;WPN-009;WPN-010;WPN-011;WPN-012;XR-004;XR-009;AV-001;AV-002;AV-007;AV-008;AV-001;AV-003;AV-004;AV-003;AV-004;AV-005;AV-005;AV-006;MOD-008;AV-007;PERF-F002;AV/FBT;BASE-001;BASE-001;COOP-002;COOP-010;MOD-002;MOD-006;FBT-004;VR-010;VR-012;VR-013;MOD-002;UI-004;MOD-008;UI-004;MOD-013;MOD-014;UI-002;UI-005;NET/COOP/MOVE;PERF-F002;PERF/ASSET;PLAT-001;PLAT-003;PLAT-005;UI-006;PLAT/BASE;UI-002;VR/WPN/FBT,final surviving behavior is authority; reverts/merges are historical; route is not per-commit acceptance
MAIN,508f1aa0b4a6862c5fd9f06ea383084586367ae2,Merge PR #2: add optional Steam Audio with review fixes,AUDIO;AUDIO-001;AUDIO-002;AUDIO-003;AUDIO-004;AUDIO-005;AUDIO-007;AUDIO-010;AUDIO-001;COOP-001;COOP-002;COOP-003;COOP-004;COOP-005;COOP-006;COOP-007;COOP-008;COOP-011;COOP-012;MOD-007;MOVE-002;MOVE-003;MOVE-009;MOVE-012;AUDIO-003;AV-002;FBT-002;FBT-003;FBT-005;MOD-013;MOVE-001;MOVE-008;MOVE-009;PERF-F001;UI-006;VR-001;VR-002;VR-003;VR-004;VR-005;VR-006;VR-007;VR-008;VR-009;VR-010;VR-011;VR-012;VR-013;VR-014;VR-015;VR-016;WPN-001;WPN-002;WPN-003;WPN-004;WPN-005;WPN-006;WPN-007;WPN-008;WPN-009;WPN-010;WPN-011;WPN-012;XR-004;XR-009;AUDIO-006;AUDIO-006;AUDIO-007;AUDIO-008;AUDIO-009;AUDIO-006;AUDIO-010;PLAT-004;AUDIO-011;AV-001;AV-002;AV-007;AV-008;AV-001;AV-003;AV-004;AV-003;AV-004;AV-005;AV-005;AV-006;MOD-008;AV-007;PERF-F002;AV/FBT;BASE-001;BASE-001;COOP-002;COOP-010;MOD-002;MOD-006;COOP-013;MOD-011;MOD-012;FBT-004;VR-010;VR-012;VR-013;MOD-002;UI-004;MOD-006;UI-001;UI-005;MOD-008;UI-004;MOD-013;MOD-014;UI-002;UI-005;NET/COOP/MOVE;PERF-F002;PERF/ASSET;PLAT-001;PLAT-003;PLAT-005;UI-006;PLAT/BASE;UI-002;VR/WPN/FBT,final surviving behavior is authority; reverts/merges are historical; route is not per-commit acceptance
MAIN,fe3416880a94521c960a3155d49896c4f6a40b72,Document staged environment audio implementation plan,AUDIO,final surviving behavior is authority; reverts/merges are historical; route is not per-commit acceptance
MAIN,4c9b003f0f11d47725c1d5bef4b9679f481629d2,Add radio coloration and smoothed static-world audio occlusion,AUDIO;AUDIO-006;AUDIO-006;AUDIO-007;AUDIO-008;AUDIO-009;AUDIO-006;AUDIO-010;PLAT-004;PLAT/BASE,final surviving behavior is authority; reverts/merges are historical; route is not per-commit acceptance
MAIN,336c593425bf5ba17fd27dfe0fd5f3da103e8c24,Fix unaligned Steam Audio complex accumulation in the Nix CPU build,AUDIO,final surviving behavior is authority; reverts/merges are historical; route is not per-commit acceptance
MAIN,31f38967bcecc055411dfc8b26941e1454d903b0,Simulate listener room acoustics off-thread and render environmental reverb,AUDIO;AUDIO-006;AUDIO-006;AUDIO-007;AUDIO-008;AUDIO-009;AUDIO-006;AUDIO-010;PLAT-004;AUDIO-009;MOD-002;UI-004;MOD-008;UI-004;PLAT/BASE,final surviving behavior is authority; reverts/merges are historical; route is not per-commit acceptance
MAIN,1d14bb4d5cf8ab71a389d81c8ccc912ecd335848,Add opt-in wet-only local microphone reverb independent of transmission,AUDIO;AUDIO-001;AUDIO-002;AUDIO-003;AUDIO-004;AUDIO-005;AUDIO-007;AUDIO-010;AUDIO-002;AUDIO-006;AUDIO-006;AUDIO-007;AUDIO-008;AUDIO-009;AUDIO-006;AUDIO-010;PLAT-004;MOD-013;MOD-014;UI-002;UI-005;PLAT-007;PLAT/BASE,final surviving behavior is authority; reverts/merges are historical; route is not per-commit acceptance
MAIN,e3be6187b307a8b69a10ac77299b20f954553002,Validate room audio on large QBJ3 maps and add isolated listening launcher,AUDIO;AUDIO-001;AUDIO-002;AUDIO-003;AUDIO-004;AUDIO-005;AUDIO-007;AUDIO-010;AUDIO-006;AUDIO-010;PLAT-004;MOD-013;MOD-014;UI-002;UI-005;PLAT/BASE,final surviving behavior is authority; reverts/merges are historical; route is not per-commit acceptance
MAIN,a494b20e2a960fc83283af6050f254259de3e1b3,Record VR listening acceptance for room and radio effects,AUDIO-006;AUDIO-010;PLAT-004,final surviving behavior is authority; reverts/merges are historical; route is not per-commit acceptance
MAIN,2b58c64fae34caf88b1c45a1360163e665a815b0,Merge pull request #3 from hiinaspace/codex/environment-audio,AUDIO;AUDIO-001;AUDIO-002;AUDIO-003;AUDIO-004;AUDIO-005;AUDIO-007;AUDIO-010;AUDIO-002;AUDIO-006;AUDIO-006;AUDIO-007;AUDIO-008;AUDIO-009;AUDIO-006;AUDIO-010;PLAT-004;AUDIO-009;MOD-002;UI-004;MOD-008;UI-004;MOD-013;MOD-014;UI-002;UI-005;PLAT-007;PLAT/BASE,final surviving behavior is authority; reverts/merges are historical; route is not per-commit acceptance
MAIN,7f31394aaa1af56e293ec780f31666964211f81e,Enable drop-in QBJ3 player VRIK with native model fallback,AUDIO-003;AV-002;FBT-002;FBT-003;FBT-005;MOD-013;MOVE-001;MOVE-008;MOVE-009;PERF-F001;UI-006;VR-001;VR-002;VR-003;VR-004;VR-005;VR-006;VR-007;VR-008;VR-009;VR-010;VR-011;VR-012;VR-013;VR-014;VR-015;VR-016;WPN-001;WPN-002;WPN-003;WPN-004;WPN-005;WPN-006;WPN-007;WPN-008;WPN-009;WPN-010;WPN-011;WPN-012;XR-004;XR-009;AV-001;AV-002;AV-007;AV-008;AV-004;AV-005;AV-005;AV-006;MOD-008;AV/FBT;MOD-013;MOD-014;UI-002;UI-005,final surviving behavior is authority; reverts/merges are historical; route is not per-commit acceptance
MAIN,0e753c009d93cd6ebc45fca75b11a7c84fc23e6b,Add hand-directed QBJ3 twin nailgun akimbo in VR,AUDIO-001;COOP-001;COOP-002;COOP-003;COOP-004;COOP-005;COOP-006;COOP-007;COOP-008;COOP-011;COOP-012;MOD-007;MOVE-002;MOVE-003;MOVE-009;MOVE-012;AUDIO-003;AV-002;FBT-002;FBT-003;FBT-005;MOD-013;MOVE-001;MOVE-008;MOVE-009;PERF-F001;UI-006;VR-001;VR-002;VR-003;VR-004;VR-005;VR-006;VR-007;VR-008;VR-009;VR-010;VR-011;VR-012;VR-013;VR-014;VR-015;VR-016;WPN-001;WPN-002;WPN-003;WPN-004;WPN-005;WPN-006;WPN-007;WPN-008;WPN-009;WPN-010;WPN-011;WPN-012;XR-004;XR-009;AV-006;MOD-008;BASE-001;COOP-002;COOP-010;MOD-002;MOD-006;COOP-009;MOD-014;PERF-F001;PERF-F003;XR-010;COOP-013;MOD-011;MOD-012;MOD-001;MOD-003;MOD-004;MOD-005;MOD-006;MOD-009;MOD-010;WPN-010;MOD-013;NET/COOP/MOVE;PLAT-001;PLAT-003;PLAT-005;UI-006;PLAT/BASE;VR/WPN/FBT,final surviving behavior is authority; reverts/merges are historical; route is not per-commit acceptance
MAIN,b7255e054a7a89f6d7f9478834a94a513f7a6597,Generate VR akimbo models and preserve per-hand mod attacks,AUDIO-001;COOP-001;COOP-002;COOP-003;COOP-004;COOP-005;COOP-006;COOP-007;COOP-008;COOP-011;COOP-012;MOD-007;MOVE-002;MOVE-003;MOVE-009;MOVE-012;AUDIO-003;AV-002;FBT-002;FBT-003;FBT-005;MOD-013;MOVE-001;MOVE-008;MOVE-009;PERF-F001;UI-006;VR-001;VR-002;VR-003;VR-004;VR-005;VR-006;VR-007;VR-008;VR-009;VR-010;VR-011;VR-012;VR-013;VR-014;VR-015;VR-016;WPN-001;WPN-002;WPN-003;WPN-004;WPN-005;WPN-006;WPN-007;WPN-008;WPN-009;WPN-010;WPN-011;WPN-012;XR-004;XR-009;AV-004;AV-005;AV-006;MOD-008;AV-007;PERF-F002;COOP-001;MOVE-003;MOVE-008;PLAT-006;WPN-012;COOP-013;MOD-011;MOD-012;MOD-001;MOD-003;MOD-004;MOD-005;MOD-006;MOD-009;MOD-010;WPN-010;MOD-013;NET/COOP/MOVE;PLAT-001;PLAT-003;PLAT-005;UI-006;PLAT/BASE;VR/WPN/FBT;WPN-012,final surviving behavior is authority; reverts/merges are historical; route is not per-commit acceptance
MAIN,e5167583fd51af81eef4bc32f81507fc0c09f67b,Add opt-in VR weapon contact and native melee hybrids,AUDIO-001;COOP-001;COOP-002;COOP-003;COOP-004;COOP-005;COOP-006;COOP-007;COOP-008;COOP-011;COOP-012;MOD-007;MOVE-002;MOVE-003;MOVE-009;MOVE-012;AUDIO-003;AV-002;FBT-002;FBT-003;FBT-005;MOD-013;MOVE-001;MOVE-008;MOVE-009;PERF-F001;UI-006;VR-001;VR-002;VR-003;VR-004;VR-005;VR-006;VR-007;VR-008;VR-009;VR-010;VR-011;VR-012;VR-013;VR-014;VR-015;VR-016;WPN-001;WPN-002;WPN-003;WPN-004;WPN-005;WPN-006;WPN-007;WPN-008;WPN-009;WPN-010;WPN-011;WPN-012;XR-004;XR-009;AV-006;MOD-008;AV-007;PERF-F002;BASE/MOD/COOP;COOP-001;MOVE-003;MOVE-008;PLAT-006;WPN-012;COOP-009;MOD-014;PERF-F001;PERF-F003;XR-010;COOP-013;MOD-011;MOD-012;FBT-004;VR-010;VR-012;VR-013;MOD-001;MOD-003;MOD-004;MOD-005;MOD-006;MOD-009;MOD-010;WPN-010;MOD-011;MOD-013;MOD/NET;MOVE-004;MOVE-005;MOVE-006;MOVE-007;NET/COOP/MOVE;PERF-F002;PLAT/BASE;VR/WPN/FBT;WPN-012,final surviving behavior is authority; reverts/merges are historical; route is not per-commit acceptance
MAIN,f7318087b6b7e86df0043ba3b0f2ee49098c07c8,Document VR melee mod integration and contact authority,COOP-001;MOVE-003;MOVE-008;PLAT-006;WPN-012;MOVE-001;MOVE-002;MOVE-005;MOVE-008,final surviving behavior is authority; reverts/merges are historical; route is not per-commit acceptance
MAIN,418d1a3ed0cbacb57c12eba18387bdaab25756b5,Honor QBJ3 avatar selections and attach native player equipment,AV-001;AV-002;AV-007;AV-008;AV-003;AV-006;AV-006;MOD-008;AV/FBT;MOD-013;MOD-014;UI-002;UI-005,final surviving behavior is authority; reverts/merges are historical; route is not per-commit acceptance
MAIN,db95a4556770f09e29248b66d180d04409b8d5b0,Support distributed QBJ3 program in immersive melee adapter,COOP-013;MOD-011;MOD-012;MOVE-001;MOVE-002;MOVE-005;MOVE-008;VR/WPN/FBT,final surviving behavior is authority; reverts/merges are historical; route is not per-commit acceptance
MAIN,34bb8067323142c48eb699c73cccbb78cfd5b1bc,"Improve low-effort melee, wrench grip and akimbo feedback",AUDIO-003;AV-002;FBT-002;FBT-003;FBT-005;MOD-013;MOVE-001;MOVE-008;MOVE-009;PERF-F001;UI-006;VR-001;VR-002;VR-003;VR-004;VR-005;VR-006;VR-007;VR-008;VR-009;VR-010;VR-011;VR-012;VR-013;VR-014;VR-015;VR-016;WPN-001;WPN-002;WPN-003;WPN-004;WPN-005;WPN-006;WPN-007;WPN-008;WPN-009;WPN-010;WPN-011;WPN-012;XR-004;XR-009;AV-006;MOD-008;COOP-001;MOVE-003;MOVE-008;PLAT-006;WPN-012;COOP-013;MOD-011;MOD-012;MOD-008;UI-004;MOVE-001;MOVE-002;MOVE-005;MOVE-008;VR/WPN/FBT,final surviving behavior is authority; reverts/merges are historical; route is not per-commit acceptance
MAIN,d71ffcf79b9cca21351d546823c39167e8935e2f,Improve melee comfort and restore QBJ3 weapon behavior,AUDIO-001;COOP-001;COOP-002;COOP-003;COOP-004;COOP-005;COOP-006;COOP-007;COOP-008;COOP-011;COOP-012;MOD-007;MOVE-002;MOVE-003;MOVE-009;MOVE-012;AUDIO-003;AV-002;FBT-002;FBT-003;FBT-005;MOD-013;MOVE-001;MOVE-008;MOVE-009;PERF-F001;UI-006;VR-001;VR-002;VR-003;VR-004;VR-005;VR-006;VR-007;VR-008;VR-009;VR-010;VR-011;VR-012;VR-013;VR-014;VR-015;VR-016;WPN-001;WPN-002;WPN-003;WPN-004;WPN-005;WPN-006;WPN-007;WPN-008;WPN-009;WPN-010;WPN-011;WPN-012;XR-004;XR-009;COOP-001;MOVE-003;MOVE-008;PLAT-006;WPN-012;COOP-013;MOD-011;MOD-012;MOD-001;MOD-003;MOD-004;MOD-005;MOD-006;MOD-009;MOD-010;WPN-010;MOVE-001;MOVE-002;MOVE-005;MOVE-008;PLAT/BASE,final surviving behavior is authority; reverts/merges are historical; route is not per-commit acceptance
MAIN,d4e5ffb64fc1e35d606c157f9be43e775a820cfd,Recover overlapping melee contacts and preserve QBJ3 death presentation,AUDIO-003;AV-002;FBT-002;FBT-003;FBT-005;MOD-013;MOVE-001;MOVE-008;MOVE-009;PERF-F001;UI-006;VR-001;VR-002;VR-003;VR-004;VR-005;VR-006;VR-007;VR-008;VR-009;VR-010;VR-011;VR-012;VR-013;VR-014;VR-015;VR-016;WPN-001;WPN-002;WPN-003;WPN-004;WPN-005;WPN-006;WPN-007;WPN-008;WPN-009;WPN-010;WPN-011;WPN-012;XR-004;XR-009;AV-001;AV-002;AV-007;AV-008;AV-003;AV-006;AV-006;MOD-008;COOP-001;MOVE-003;MOVE-008;PLAT-006;WPN-012;COOP-013;MOD-011;MOD-012;MOVE-001;MOVE-002;MOVE-005;MOVE-008;VR/WPN/FBT,final surviving behavior is authority; reverts/merges are historical; route is not per-commit acceptance
MAIN,3727874be7e68a56dd7b047b27d94eb1be93ba46,Enable immersive melee automatically in singleplayer,AUDIO-001;COOP-001;COOP-002;COOP-003;COOP-004;COOP-005;COOP-006;COOP-007;COOP-008;COOP-011;COOP-012;MOD-007;MOVE-002;MOVE-003;MOVE-009;MOVE-012;COOP-001;MOVE-003;MOVE-008;PLAT-006;WPN-012;COOP-013;MOD-011;MOD-012,final surviving behavior is authority; reverts/merges are historical; route is not per-commit acceptance
MAIN,57cbd10df08c08d6b5b5e603157aaf2adc1417b8,Derive immersive melee assistance from native weapon reach,AUDIO-001;COOP-001;COOP-002;COOP-003;COOP-004;COOP-005;COOP-006;COOP-007;COOP-008;COOP-011;COOP-012;MOD-007;MOVE-002;MOVE-003;MOVE-009;MOVE-012;COOP-001;MOVE-003;MOVE-008;PLAT-006;WPN-012;COOP-013;MOD-011;MOD-012;MOD-007;MOD-012;MOD-014;MOVE-001;MOVE-002;MOVE-005;MOVE-008;MOVE-002;PLAT/BASE,final surviving behavior is authority; reverts/merges are historical; route is not per-commit acceptance
MAIN,e309e3e1a5c1868b9c4f6dea83cc7649ca2a508c,Stabilize prediction handoffs and VR weapon presentation,AUDIO-003;AV-002;FBT-002;FBT-003;FBT-005;MOD-013;MOVE-001;MOVE-008;MOVE-009;PERF-F001;UI-006;VR-001;VR-002;VR-003;VR-004;VR-005;VR-006;VR-007;VR-008;VR-009;VR-010;VR-011;VR-012;VR-013;VR-014;VR-015;VR-016;WPN-001;WPN-002;WPN-003;WPN-004;WPN-005;WPN-006;WPN-007;WPN-008;WPN-009;WPN-010;WPN-011;WPN-012;XR-004;XR-009;COOP-001;MOVE-003;MOVE-008;PLAT-006;WPN-012;COOP-008;COOP-010;COOP-011;COOP-013;MOD-011;MOD-012;MOD-002;UI-004;MOD-008;UI-004;MOVE-001;MOVE-002;MOVE-005;MOVE-008;NET/COOP/MOVE;PERF/ASSET;PLAT/BASE;UI/BASE/VR,final surviving behavior is authority; reverts/merges are historical; route is not per-commit acceptance
MAIN,585ac8567ce5f3bb35dbbbe79dc34a96116f6bda,Add opt-in Gorilla locomotion for VR,AUDIO-001;COOP-001;COOP-002;COOP-003;COOP-004;COOP-005;COOP-006;COOP-007;COOP-008;COOP-011;COOP-012;MOD-007;MOVE-002;MOVE-003;MOVE-009;MOVE-012;AUDIO-003;AV-002;FBT-002;FBT-003;FBT-005;MOD-013;MOVE-001;MOVE-008;MOVE-009;PERF-F001;UI-006;VR-001;VR-002;VR-003;VR-004;VR-005;VR-006;VR-007;VR-008;VR-009;VR-010;VR-011;VR-012;VR-013;VR-014;VR-015;VR-016;WPN-001;WPN-002;WPN-003;WPN-004;WPN-005;WPN-006;WPN-007;WPN-008;WPN-009;WPN-010;WPN-011;WPN-012;XR-004;XR-009;AV-007;PERF-F002;COOP-009;MOD-014;PERF-F001;PERF-F003;XR-010;COOP-013;MOD-011;MOD-012;COOP-013;MOVE-010;MOVE-011;MOVE-012;PLAT-008;FBT-004;VR-010;VR-012;VR-013;MOD-001;MOD-003;MOD-004;MOD-005;MOD-006;MOD-009;MOD-010;WPN-010;MOD-002;UI-004;MOD-007;MOD-012;MOD-014;MOD-008;UI-004;MOD-011;MOD-013;MOVE-009;MOVE-010;MOVE-011;MOVE/NET;NET/COOP/MOVE;PLAT/BASE;VR/WPN/FBT;WPN-012,final surviving behavior is authority; reverts/merges are historical; route is not per-commit acceptance
MAIN,e821a718897d288e1c45a16b695d4aa670d41294,Fix Gorilla snapshot budgets and offhand presentation,AUDIO-001;COOP-001;COOP-002;COOP-003;COOP-004;COOP-005;COOP-006;COOP-007;COOP-008;COOP-011;COOP-012;MOD-007;MOVE-002;MOVE-003;MOVE-009;MOVE-012;AUDIO-003;AV-002;FBT-002;FBT-003;FBT-005;MOD-013;MOVE-001;MOVE-008;MOVE-009;PERF-F001;UI-006;VR-001;VR-002;VR-003;VR-004;VR-005;VR-006;VR-007;VR-008;VR-009;VR-010;VR-011;VR-012;VR-013;VR-014;VR-015;VR-016;WPN-001;WPN-002;WPN-003;WPN-004;WPN-005;WPN-006;WPN-007;WPN-008;WPN-009;WPN-010;WPN-011;WPN-012;XR-004;XR-009,final surviving behavior is authority; reverts/merges are historical; route is not per-commit acceptance
MAIN,3a75cf7aecc31b922b09477bfa593197854cd36d,Trust sequenced Gorilla contributions and stabilize movement baselines,AUDIO-001;COOP-001;COOP-002;COOP-003;COOP-004;COOP-005;COOP-006;COOP-007;COOP-008;COOP-011;COOP-012;MOD-007;MOVE-002;MOVE-003;MOVE-009;MOVE-012;COOP-013;MOD-011;MOD-012;COOP-013;MOVE-010;MOVE-011;MOVE-012;PLAT-008;MOD-001;MOD-003;MOD-004;MOD-005;MOD-006;MOD-009;MOD-010;WPN-010;MOD-002;UI-004;MOD-006;UI-001;UI-005;MOD-008;UI-004;MOD-011;MOD-013;MOVE/NET;NET/COOP/MOVE;PLAT/BASE,final surviving behavior is authority; reverts/merges are historical; route is not per-commit acceptance
MAIN,f3890c7c1f974c102f785f2e25575c2987136682,Add opt-in Alicia VRM rendering and MD5 conversion experiments,AV-006;MOD-008;AV-009;AV/FBT;BASE/MOD/COOP;PERF/ASSET;PLAT/BASE,final surviving behavior is authority; reverts/merges are historical; route is not per-commit acceptance
MAIN,bde815f4cc60ba0e055cb984cc28a9fea120359d,Preserve Gorilla push-off and renew map acknowledgments,AUDIO-001;COOP-001;COOP-002;COOP-003;COOP-004;COOP-005;COOP-006;COOP-007;COOP-008;COOP-011;COOP-012;MOD-007;MOVE-002;MOVE-003;MOVE-009;MOVE-012;COOP-013;MOVE-010;MOVE-011;MOVE-012;PLAT-008;MOD-011;MOVE-009;MOVE-010;NET/COOP/MOVE,final surviving behavior is authority; reverts/merges are historical; route is not per-commit acceptance
MAIN,beab4e0fe4dba2b72187a7a54c3af33109f0eb49,Add calibrated fixed-length humanoid avatar retargeting,AV-003;AV-006;MOD-008;AV-008;AV-009;AV/FBT;BASE/MOD/COOP;PERF/ASSET;PLAT/BASE,final surviving behavior is authority; reverts/merges are historical; route is not per-commit acceptance
MAIN,e723c531789e7289ea90280d7ea6ae0ce8a2bedd,Preserve known wheel weapons and retain hover selection,AUDIO-003;AV-002;FBT-002;FBT-003;FBT-005;MOD-013;MOVE-001;MOVE-008;MOVE-009;PERF-F001;UI-006;VR-001;VR-002;VR-003;VR-004;VR-005;VR-006;VR-007;VR-008;VR-009;VR-010;VR-011;VR-012;VR-013;VR-014;VR-015;VR-016;WPN-001;WPN-002;WPN-003;WPN-004;WPN-005;WPN-006;WPN-007;WPN-008;WPN-009;WPN-010;WPN-011;WPN-012;XR-004;XR-009;MOD-013;VR/WPN/FBT;WPN/MOVE,final surviving behavior is authority; reverts/merges are historical; route is not per-commit acceptance
MAIN,aa135310502bc7499c6e2d18ec2f348a674231ee,Update README.md,PLAT-001;PLAT-003;PLAT-005;UI-006,final surviving behavior is authority; reverts/merges are historical; route is not per-commit acceptance
MAIN,ed52dc56d2b825ecd2bb3ed01d3a5ee30733833e,Merge PR #4: opt-in humanoid retargeting with safe corpse fallback,AUDIO-001;COOP-001;COOP-002;COOP-003;COOP-004;COOP-005;COOP-006;COOP-007;COOP-008;COOP-011;COOP-012;MOD-007;MOVE-002;MOVE-003;MOVE-009;MOVE-012;AUDIO-003;AV-002;FBT-002;FBT-003;FBT-005;MOD-013;MOVE-001;MOVE-008;MOVE-009;PERF-F001;UI-006;VR-001;VR-002;VR-003;VR-004;VR-005;VR-006;VR-007;VR-008;VR-009;VR-010;VR-011;VR-012;VR-013;VR-014;VR-015;VR-016;WPN-001;WPN-002;WPN-003;WPN-004;WPN-005;WPN-006;WPN-007;WPN-008;WPN-009;WPN-010;WPN-011;WPN-012;XR-004;XR-009;AV-003;AV-006;MOD-008;AV-008;AV-009;AV-009;AV/FBT;BASE/MOD/COOP;COOP-013;MOD-011;MOD-012;COOP-013;MOVE-010;MOVE-011;MOVE-012;PLAT-008;MOD-001;MOD-003;MOD-004;MOD-005;MOD-006;MOD-009;MOD-010;WPN-010;MOD-002;UI-004;MOD-006;UI-001;UI-005;MOD-008;UI-004;MOD-011;MOD-013;MOVE-009;MOVE-010;MOVE/NET;NET/COOP/MOVE;PERF/ASSET;PLAT-001;PLAT-003;PLAT-005;UI-006;PLAT/BASE;VR/WPN/FBT;WPN/MOVE,final surviving behavior is authority; reverts/merges are historical; route is not per-commit acceptance
MAIN,bacac6995be10e35e0bf50877bdafc48990de8f8,Refresh VRIK model headers after cache relocation,AV-006;MOD-008,final surviving behavior is authority; reverts/merges are historical; route is not per-commit acceptance
MAIN,8518af8e0a8341c2125f75ffc81c5e03a07430db,Preserve VR teleports and desktop animal arm animation,AV-006;MOD-008;COOP-013;MOD-011;MOD-012;MOD-001;MOD-003;MOD-004;MOD-005;MOD-006;MOD-009;MOD-010;WPN-010;PLAT/BASE,final surviving behavior is authority; reverts/merges are historical; route is not per-commit acceptance
MAIN,7bc466b594e7a7e584dc47879eb6c00f971b01b1,Restore responsive Gorilla ground-slap launches,COOP-013;MOD-011;MOD-012;COOP-013;MOVE-010;MOVE-011;MOVE-012;PLAT-008;MOVE-009;MOVE-010;MOVE/NET,final surviving behavior is authority; reverts/merges are historical; route is not per-commit acceptance
MAIN,b110a81c3dd1aee49b51a97fd10a9769f559c292,Build and package Steam Audio for Linux and Windows releases,AUDIO-006;AUDIO-010;PLAT-004;PLAT-001;PLAT-003;PLAT-005;UI-006;PLAT/BASE,final surviving behavior is authority; reverts/merges are historical; route is not per-commit acceptance
MAIN,91aacd47462a4e387a31cc730ba9f901ce5fd7fa,Include GPLv3 terms with Steam Audio-enabled distributions,AUDIO-006;AUDIO-010;PLAT-004;PLAT-004;PLAT/BASE,final surviving behavior is authority; reverts/merges are historical; route is not per-commit acceptance
MAIN,22a7fce04b02972b1432823af2b4fda797f8ebf5,Latch instant teleport sources until players leave,COOP-013;COOP-013;MOD-011;MOD-012;MOD-007;MOD-012;MOD-014;PLAT/BASE,final surviving behavior is authority; reverts/merges are historical; route is not per-commit acceptance
MAIN,1327f795cc2e3a8e4f7c9d68e31d64383930cc00,Respect QuakeC freeze during remote VR room-scale movement,COOP-013;MOD-011;MOD-012,final surviving behavior is authority; reverts/merges are historical; route is not per-commit acceptance
MAIN,c1b5f2ab0d458b08470d886240faba7801c981ae,"Fix AD spatial ambience, weapon identity and VR HUD spacing",AUDIO-006;AUDIO-011;WPN-002;WPN-003;VR-012;MOD-002,source update inventoried; migration/acceptance pending; route is not implementation proof
MAIN,2857e8b95b6ad8eeaeabdfdfd79b55e5f5645869,Reset VRIK pose streams across map transitions,AV-001;NET-026,source update inventoried; migration/acceptance pending; route is not implementation proof
MAIN,cefb937d0f552ef0c60f72f735916cc023b6676d,Clear stale world models during mod switches,MOD-013;XR-010,source update inventoried; narrow donor adaptation implemented; runtime qualification pending
MAIN,eb5e048d6a9d82b223b03bceb1872539efa3a040,Expose and clamp anisotropic texture filtering,PERF/ASSET,source update inventoried; Vulkan sampler adaptation implemented; runtime qualification pending
XR,4aef6bc723fac37b9ea5f69e58033dd527c8b3fa,Checkpoint OpenXR and Vulkan backend sources,BASE/MOD/COOP;PLAT-002;PLAT-002;XR-007;PLAT/BASE;XR-001;XR-002;XR-003;XR-004;XR-006;XR-007;XR-008;XR-002;XR-004;XR-005;XR-011;XR-012;XR/PERF,final surviving behavior is authority; reverts/merges are historical; route is not per-commit acceptance
XR,0e483d80eaa908227726b23f85d1502662bfccc0,Integrate native Vulkan scene submission with existing renderers,AV-006;MOD-008;AV-007;PERF-F002;COOP-009;MOD-014;PERF-F001;PERF-F003;XR-010;MOD-006;UI-001;UI-005;MOD-007;MOD-009;PERF-F002;PERF-F003;PERF/ASSET;PLAT/BASE;XR-012,final surviving behavior is authority; reverts/merges are historical; route is not per-commit acceptance
XR,ee7a690c8a0098bc3ae4ecb49f2109cd1f76fcaf,Record OpenXR build packaging and renderer verification fixtures,AV-004;AV-005;AV/FBT;FBT-003;PLAT/BASE;XR/PERF,final surviving behavior is authority; reverts/merges are historical; route is not per-commit acceptance
XR,68069fc7bb377b5ea4a880f95ed0671b2763bf80,Connect Vulkan video and frame lifecycle to shared view rendering,AUDIO-005;COOP-009;MOD-002;BASE-001;COOP-002;COOP-010;MOD-002;MOD-006;BASE/MOD/COOP;PERF/ASSET;UI-005;UI/BASE/VR;VR-014,final surviving behavior is authority; reverts/merges are historical; route is not per-commit acceptance
XR,5648cbfb6d3e43b1f7ec28bb13a67f17f7420560,Route shared canvas primitives through the Vulkan backend,MOD-003,final surviving behavior is authority; reverts/merges are historical; route is not per-commit acceptance
XR,429418fd8611b4ee3d7591343949e03039b6e397,Expose optional eye tracking and explicit foveation choices,FBT-004;VR-010;VR-012;VR-013;VR/WPN/FBT,final surviving behavior is authority; reverts/merges are historical; route is not per-commit acceptance
XR,3228710bdbfc4da1cadf2eedd199af43213e627f,Render the shared weapon wheel with Vulkan model and label adapters,AUDIO-003;AV-002;FBT-002;FBT-003;FBT-005;MOD-013;MOVE-001;MOVE-008;MOVE-009;PERF-F001;UI-006;VR-001;VR-002;VR-003;VR-004;VR-005;VR-006;VR-007;VR-008;VR-009;VR-010;VR-011;VR-012;VR-013;VR-014;VR-015;VR-016;WPN-001;WPN-002;WPN-003;WPN-004;WPN-005;WPN-006;WPN-007;WPN-008;WPN-009;WPN-010;WPN-011;WPN-012;XR-004;XR-009;AV-006;MOD-008;COOP-009;MOD-014;PERF-F001;PERF-F003;XR-010;MOD-003;PLAT/BASE;UI/BASE/VR;XR-012,final surviving behavior is authority; reverts/merges are historical; route is not per-commit acceptance
XR,e8e5b6358ef0fb20a6787fad88b8398661b0d163,Prepare asymmetric Vulkan cameras and reuse world-space VR canvases,AUDIO-003;AV-002;FBT-002;FBT-003;FBT-005;MOD-013;MOVE-001;MOVE-008;MOVE-009;PERF-F001;UI-006;VR-001;VR-002;VR-003;VR-004;VR-005;VR-006;VR-007;VR-008;VR-009;VR-010;VR-011;VR-012;VR-013;VR-014;VR-015;VR-016;WPN-001;WPN-002;WPN-003;WPN-004;WPN-005;WPN-006;WPN-007;WPN-008;WPN-009;WPN-010;WPN-011;WPN-012;XR-004;XR-009;MOD-003;PLAT/BASE;UI/BASE/VR;XR-012,final surviving behavior is authority; reverts/merges are historical; route is not per-commit acceptance
XR,682ca7f47cbb0f2502d36b6c617ee97c1d28cffa,Render portable Vulkan pointer triangles from world-space rays,AUDIO-003;AV-002;FBT-002;FBT-003;FBT-005;MOD-013;MOVE-001;MOVE-008;MOVE-009;PERF-F001;UI-006;VR-001;VR-002;VR-003;VR-004;VR-005;VR-006;VR-007;VR-008;VR-009;VR-010;VR-011;VR-012;VR-013;VR-014;VR-015;VR-016;WPN-001;WPN-002;WPN-003;WPN-004;WPN-005;WPN-006;WPN-007;WPN-008;WPN-009;WPN-010;WPN-011;WPN-012;XR-004;XR-009;PLAT/BASE;XR-012,final surviving behavior is authority; reverts/merges are historical; route is not per-commit acceptance
XR,904273ce023d8a84bf3c4883932dfdc409efee73,Checkpoint OpenXR runtime wiring and shared stereo menu state,AUDIO-003;AV-002;FBT-002;FBT-003;FBT-005;MOD-013;MOVE-001;MOVE-008;MOVE-009;PERF-F001;UI-006;VR-001;VR-002;VR-003;VR-004;VR-005;VR-006;VR-007;VR-008;VR-009;VR-010;VR-011;VR-012;VR-013;VR-014;VR-015;VR-016;WPN-001;WPN-002;WPN-003;WPN-004;WPN-005;WPN-006;WPN-007;WPN-008;WPN-009;WPN-010;WPN-011;WPN-012;XR-004;XR-009;BASE-003;FBT-004;VR-010;VR-012;VR-013;MOD-003;MOD-013;MOD-014;UI-002;UI-005;UI-002;UI/BASE/VR;VR/WPN/FBT;XR-009,final surviving behavior is authority; reverts/merges are historical; route is not per-commit acceptance
XR,592a02c755f7441c3788b62fd5ca661ba89352ff,Use OpenXR Vulkan device provenance and support layered depth targets,PLAT/BASE;XR-012,final surviving behavior is authority; reverts/merges are historical; route is not per-commit acceptance
XR,7e44b68e2cf31d1a61dcbdf9bb703eae5356d024,Separate Vulkan camera uniforms from shared model transforms,BASE/MOD/COOP;PLAT/BASE;XR-012,final surviving behavior is authority; reverts/merges are historical; route is not per-commit acceptance
XR,eaa2cc138be3ccaee6eb1e410bc7b57ccda10288,Preserve healthy OpenXR Vulkan setup across session detach,BASE/MOD/COOP;PLAT/BASE;XR-001;XR-002;XR-003;XR-004;XR-006;XR-007;XR-008;XR-002;XR/PERF,final surviving behavior is authority; reverts/merges are historical; route is not per-commit acceptance
XR,18b0f2d2b21dfad253eda6db4890873fc8835656,Add Vulkan XR targets and serial or multiview frame submission,PLAT/BASE;XR-012,final surviving behavior is authority; reverts/merges are historical; route is not per-commit acceptance
XR,8c68916e64d0d228ff197b3973509b4d15e65f87,Render OpenXR adjustment and calibration visuals with Vulkan,AUDIO-003;AV-002;FBT-002;FBT-003;FBT-005;MOD-013;MOVE-001;MOVE-008;MOVE-009;PERF-F001;UI-006;VR-001;VR-002;VR-003;VR-004;VR-005;VR-006;VR-007;VR-008;VR-009;VR-010;VR-011;VR-012;VR-013;VR-014;VR-015;VR-016;WPN-001;WPN-002;WPN-003;WPN-004;WPN-005;WPN-006;WPN-007;WPN-008;WPN-009;WPN-010;WPN-011;WPN-012;XR-004;XR-009;COOP-009;MOD-014;PERF-F001;PERF-F003;XR-010;FBT-003;PLAT/BASE,final surviving behavior is authority; reverts/merges are historical; route is not per-commit acceptance
XR,739cab18ba0884155ba780eac5533935e12c6fbd,Compact BSP marksurfaces and record donor feature review,AV-007;PERF-F002;MOD-009;PERF-F002;PERF/ASSET,final surviving behavior is authority; reverts/merges are historical; route is not per-commit acceptance
XR,790f9940206b0830761dcf2febeda8c4dfaf0b26,Parallelize BSP surface geometry preparation,AV-007;PERF-F002;PERF-F002,final surviving behavior is authority; reverts/merges are historical; route is not per-commit acceptance
XR,362fcbc9fe919e55bcb6d2a44f9aeaca44fedc11,Apply precise brush depth bias in Vulkan and modern GL,BASE/MOD/COOP;PERF-F002;PERF-F003;PERF/ASSET;PLAT/BASE;XR-012,final surviving behavior is authority; reverts/merges are historical; route is not per-commit acceptance
XR,964b3c6f76b38ac120c122339ed8de8c52a3be58,Respect source priority for external brush textures,AUDIO-001;COOP-001;COOP-002;COOP-003;COOP-004;COOP-005;COOP-006;COOP-007;COOP-008;COOP-011;COOP-012;MOD-007;MOVE-002;MOVE-003;MOVE-009;MOVE-012;AV-007;PERF-F002;MOD-008;UI-004;PERF-F002,final surviving behavior is authority; reverts/merges are historical; route is not per-commit acceptance
XR,81abc45da7429ee1aee78272c611fd4b1aff1744,Preserve higher desktop GL color precision through postprocessing,COOP-009;MOD-014;PERF-F001;PERF-F003;XR-010;PERF-F002;PERF/ASSET;PLAT/BASE,final surviving behavior is authority; reverts/merges are historical; route is not per-commit acceptance
XR,60290a8f701209f8c68af7fc34477e23f5b7aa2e,Wire optional Vulkan renderer into native Windows builds,PERF/ASSET;PLAT/BASE,final surviving behavior is authority; reverts/merges are historical; route is not per-commit acceptance
XR,05cf5b53cd86e5b732f04fb5c72b522302c59cfd,Compact BSP plane storage with validated node references,AV-007;PERF-F002;PERF-F002,final surviving behavior is authority; reverts/merges are historical; route is not per-commit acceptance
XR,46634018b5b62f2ff092cbac844d60c6f404d553,Track Vulkan shader dependencies in native Visual Studio builds,PERF/ASSET;PLAT/BASE,final surviving behavior is authority; reverts/merges are historical; route is not per-commit acceptance
XR,99871a70b5a5f61f00621e17e779800ec9b3ab16,Connect native OpenXR scene rendering and optional desktop mirror,AUDIO-003;AV-002;FBT-002;FBT-003;FBT-005;MOD-013;MOVE-001;MOVE-008;MOVE-009;PERF-F001;UI-006;VR-001;VR-002;VR-003;VR-004;VR-005;VR-006;VR-007;VR-008;VR-009;VR-010;VR-011;VR-012;VR-013;VR-014;VR-015;VR-016;WPN-001;WPN-002;WPN-003;WPN-004;WPN-005;WPN-006;WPN-007;WPN-008;WPN-009;WPN-010;WPN-011;WPN-012;XR-004;XR-009;BASE/MOD/COOP;PLAT/BASE;UI-005;VR/WPN/FBT;XR-012,final surviving behavior is authority; reverts/merges are historical; route is not per-commit acceptance
XR,fce988bc691b30a92d9627f707a9ccca1a4ce922,Apply native OpenXR hidden-area depth masks,AUDIO-003;AV-002;FBT-002;FBT-003;FBT-005;MOD-013;MOVE-001;MOVE-008;MOVE-009;PERF-F001;UI-006;VR-001;VR-002;VR-003;VR-004;VR-005;VR-006;VR-007;VR-008;VR-009;VR-010;VR-011;VR-012;VR-013;VR-014;VR-015;VR-016;WPN-001;WPN-002;WPN-003;WPN-004;WPN-005;WPN-006;WPN-007;WPN-008;WPN-009;WPN-010;WPN-011;WPN-012;XR-004;XR-009;COOP-009;MOD-014;PERF-F001;PERF-F003;XR-010;PERF/ASSET;PLAT/BASE;XR-012,final surviving behavior is authority; reverts/merges are historical; route is not per-commit acceptance
XR,4dcddb1c97c8cd194f01dd4c3c4335db336ecd0e,Prepare native stereo cameras once per frame,AUDIO-003;AV-002;FBT-002;FBT-003;FBT-005;MOD-013;MOVE-001;MOVE-008;MOVE-009;PERF-F001;UI-006;VR-001;VR-002;VR-003;VR-004;VR-005;VR-006;VR-007;VR-008;VR-009;VR-010;VR-011;VR-012;VR-013;VR-014;VR-015;VR-016;WPN-001;WPN-002;WPN-003;WPN-004;WPN-005;WPN-006;WPN-007;WPN-008;WPN-009;WPN-010;WPN-011;WPN-012;XR-004;XR-009;BASE/MOD/COOP;VR-014;XR-010;XR-011,final surviving behavior is authority; reverts/merges are historical; route is not per-commit acceptance
XR,27f4543ec5eef2ac20b12b3daf2f77604caf3dff,Share stereo visibility across water boundaries,PERF/ASSET,final surviving behavior is authority; reverts/merges are historical; route is not per-commit acceptance
XR,3af2afe2b1eed5cec0b704ace4604c719bd21960,Preserve per-eye eligibility in Vulkan brush draws,BASE/MOD/COOP;PERF/ASSET;PLAT/BASE;XR-012,final surviving behavior is authority; reverts/merges are historical; route is not per-commit acceptance
XR,fee29ecd1b99fa8c292528578aeb78a4b23bf132,Separate camera activation from scene preparation,COOP-009;MOD-014;PERF-F001;PERF-F003;XR-010;PLAT/BASE,final surviving behavior is authority; reverts/merges are historical; route is not per-commit acceptance
XR,90558f9f33ec4bdf39034401e7e4eb1b74fc5e5e,Record stereo preparation review and remaining scene integration,PLAT/BASE;XR-010,final surviving behavior is authority; reverts/merges are historical; route is not per-commit acceptance
XR,a247fb5871ff21bd04e0d14a661e8d1742b7a12b,Render native XR world and opaque models with multiview,AUDIO-003;AV-002;FBT-002;FBT-003;FBT-005;MOD-013;MOVE-001;MOVE-008;MOVE-009;PERF-F001;UI-006;VR-001;VR-002;VR-003;VR-004;VR-005;VR-006;VR-007;VR-008;VR-009;VR-010;VR-011;VR-012;VR-013;VR-014;VR-015;VR-016;WPN-001;WPN-002;WPN-003;WPN-004;WPN-005;WPN-006;WPN-007;WPN-008;WPN-009;WPN-010;WPN-011;WPN-012;XR-004;XR-009;COOP-009;MOD-014;PERF-F001;PERF-F003;XR-010;MOD-007;PERF/ASSET;PLAT/BASE;XR-010;XR-011,final surviving behavior is authority; reverts/merges are historical; route is not per-commit acceptance
XR,94806f5b25cf3ae152f61837b984c692adc945f6,Reuse unchanged XR camera descriptors within each frame,XR-012,final surviving behavior is authority; reverts/merges are historical; route is not per-commit acceptance
XR,4157706a82086c1dc5cc1b0ea13877e7a55739ef,Record senior-reviewed renderer performance priorities,PLAT/BASE;XR-012,final surviving behavior is authority; reverts/merges are historical; route is not per-commit acceptance
XR,634b6d8738c8bbc14cec9e869912007215ee780c,Add optional Vulkan world foveation for native OpenXR,AUDIO-003;AV-002;FBT-002;FBT-003;FBT-005;MOD-013;MOVE-001;MOVE-008;MOVE-009;PERF-F001;UI-006;VR-001;VR-002;VR-003;VR-004;VR-005;VR-006;VR-007;VR-008;VR-009;VR-010;VR-011;VR-012;VR-013;VR-014;VR-015;VR-016;WPN-001;WPN-002;WPN-003;WPN-004;WPN-005;WPN-006;WPN-007;WPN-008;WPN-009;WPN-010;WPN-011;WPN-012;XR-004;XR-009;PERF/ASSET;PLAT/BASE;XR-004;XR-012;XR/PERF,final surviving behavior is authority; reverts/merges are historical; route is not per-commit acceptance
XR,6ac1b2d70e7f60abdf888c04aa7a749dd7dffa97,Add runtime foveation profiles and borrowed density image metadata,PLAT/BASE;XR-001;XR-002;XR-003;XR-004;XR-006;XR-007;XR-008;XR-002;XR-006;XR-012;XR/PERF,final surviving behavior is authority; reverts/merges are historical; route is not per-commit acceptance
XR,5fdd8d3ff4eb0a2258209ca51c6407c0aa3f69b9,Add explicit image flags for runtime density-map integration,PLAT/BASE;XR-001;XR-002;XR-003;XR-004;XR-006;XR-007;XR-008;XR-002;XR-006;XR-012;XR/PERF,final surviving behavior is authority; reverts/merges are historical; route is not per-commit acceptance
XR,1f999f55bd1b63a28230a0a40e905ee20677f1a3,Refine renderer performance priorities after Astra review,BASE/MOD/COOP;XR-012,final surviving behavior is authority; reverts/merges are historical; route is not per-commit acceptance
XR,2f6c57cc63fdd043a0f36dd80fc0a6fb41a55a84,Integrate experimental runtime density rendering with fine-depth replay,PERF/ASSET;PLAT/BASE;XR-006;XR-012,final surviving behavior is authority; reverts/merges are historical; route is not per-commit acceptance
XR,61780cc9daafe308237367bd7c51f66ce830b3ad,Record reviewed incremental GPU lightmap and shadow integration,PLAT-008;PLAT/BASE,final surviving behavior is authority; reverts/merges are historical; route is not per-commit acceptance
XR,c84b064a39b435526d31a5942520b7045fa80bc1,Cache Vulkan pipelines and warm XR pass families at attachment,XR-001;XR-002;XR-003;XR-004;XR-006;XR-007;XR-008;XR-002;XR-012,final surviving behavior is authority; reverts/merges are historical; route is not per-commit acceptance
XR,9b41bac4f57b49dea17bd4580d6f8d01efc45509,Add optional vkQuake compute lighting for a static world atlas,COOP-009;MOD-014;PERF-F001;PERF-F003;XR-010;PERF-F003;PERF/ASSET;PLAT-008;PLAT/BASE;XR-012,final surviving behavior is authority; reverts/merges are historical; route is not per-commit acceptance
XR,969e6b33571985b901c920d6555ee8247437341b,Expand GPU lightmaps with tiled light culling and lazy allocation,PERF-F003;PERF/ASSET;PLAT-008;PLAT/BASE;XR-012,final surviving behavior is authority; reverts/merges are historical; route is not per-commit acceptance
XR,3080841333fa94000df7e1fb9e549c7158685dd6,Plan full vkQuake base migration after senior architecture review,PLAT/BASE,final surviving behavior is authority; reverts/merges are historical; route is not per-commit acceptance
