source_ref,kind,name,default_or_handler,path,line,feature_route,status
MAIN,command,addon_refresh,AddonCatalog_Refresh,Quake/addon_catalog.c,360,UI-003,literal declaration; registration/equivalence not inferred
MAIN,command,addon_cancel,AddonCatalog_Cancel,Quake/addon_catalog.c,361,UI-003,literal declaration; registration/equivalence not inferred
MAIN,cvar,bgm_extmusic,1,Quake/bgmusic.c,33,AUDIO-011,literal declaration; registration/equivalence not inferred
MAIN,command,music,BGM_Play_f,Quake/bgmusic.c,140,AUDIO-011,literal declaration; registration/equivalence not inferred
MAIN,command,music_pause,BGM_Pause_f,Quake/bgmusic.c,141,AUDIO-011,literal declaration; registration/equivalence not inferred
MAIN,command,music_resume,BGM_Resume_f,Quake/bgmusic.c,142,AUDIO-011,literal declaration; registration/equivalence not inferred
MAIN,command,music_loop,BGM_Loop_f,Quake/bgmusic.c,143,AUDIO-011,literal declaration; registration/equivalence not inferred
MAIN,command,music_stop,BGM_Stop_f,Quake/bgmusic.c,144,AUDIO-011,literal declaration; registration/equivalence not inferred
MAIN,command,music_jump,BGM_Jump_f,Quake/bgmusic.c,145,AUDIO-011,literal declaration; registration/equivalence not inferred
MAIN,command,cd,CD_f,Quake/cd_sdl.c,567,PLAT/BASE,literal declaration; registration/equivalence not inferred
MAIN,cvar,chase_back,100,Quake/chase.c,26,PLAT/BASE,literal declaration; registration/equivalence not inferred
MAIN,cvar,chase_up,16,Quake/chase.c,27,PLAT/BASE,literal declaration; registration/equivalence not inferred
MAIN,cvar,chase_right,0,Quake/chase.c,28,PLAT/BASE,literal declaration; registration/equivalence not inferred
MAIN,cvar,chase_active,0,Quake/chase.c,29,PLAT/BASE,literal declaration; registration/equivalence not inferred
MAIN,cvar,cl_iDrive,1,Quake/cl_input.c,37,MOD-013,literal declaration; registration/equivalence not inferred
MAIN,cvar,cl_nettest_vr,0,Quake/cl_input.c,38,MOD-013,literal declaration; registration/equivalence not inferred
MAIN,cvar,cl_nettest_roomscale_x,0,Quake/cl_input.c,39,MOD-013,literal declaration; registration/equivalence not inferred
MAIN,cvar,cl_nettest_roomscale_y,0,Quake/cl_input.c,40,MOD-013,literal declaration; registration/equivalence not inferred
MAIN,cvar,cl_nettest_roomscale_z,0,Quake/cl_input.c,41,MOD-013,literal declaration; registration/equivalence not inferred
MAIN,cvar,cl_nettest_hand_x,16,Quake/cl_input.c,42,MOD-013,literal declaration; registration/equivalence not inferred
MAIN,cvar,cl_nettest_hand_y,0,Quake/cl_input.c,43,MOD-013,literal declaration; registration/equivalence not inferred
MAIN,cvar,cl_nettest_hand_z,16,Quake/cl_input.c,44,MOD-013,literal declaration; registration/equivalence not inferred
MAIN,cvar,cl_upspeed,200,Quake/cl_input.c,320,MOD-013,literal declaration; registration/equivalence not inferred
MAIN,cvar,cl_forwardspeed,200,Quake/cl_input.c,321,MOD-013,literal declaration; registration/equivalence not inferred
MAIN,cvar,cl_backspeed,200,Quake/cl_input.c,322,MOD-013,literal declaration; registration/equivalence not inferred
MAIN,cvar,cl_sidespeed,350,Quake/cl_input.c,323,MOD-013,literal declaration; registration/equivalence not inferred
MAIN,cvar,cl_desktop_vanilla_run,1,Quake/cl_input.c,324,MOD-013,literal declaration; registration/equivalence not inferred
MAIN,cvar,cl_predictmove,1,Quake/cl_input.c,325,MOD-013,literal declaration; registration/equivalence not inferred
MAIN,cvar,cl_nopred,0,Quake/cl_input.c,326,MOD-013,literal declaration; registration/equivalence not inferred
MAIN,cvar,cl_movespeedkey,2.0,Quake/cl_input.c,328,MOD-013,literal declaration; registration/equivalence not inferred
MAIN,cvar,cl_yawspeed,140,Quake/cl_input.c,330,MOD-013,literal declaration; registration/equivalence not inferred
MAIN,cvar,cl_pitchspeed,150,Quake/cl_input.c,331,MOD-013,literal declaration; registration/equivalence not inferred
MAIN,cvar,cl_anglespeedkey,1.5,Quake/cl_input.c,333,MOD-013,literal declaration; registration/equivalence not inferred
MAIN,cvar,cl_alwaysrun,0,Quake/cl_input.c,335,MOD-013,literal declaration; registration/equivalence not inferred
MAIN,command,+moveup,IN_UpDown,Quake/cl_input.c,1281,MOD-013,literal declaration; registration/equivalence not inferred
MAIN,command,-moveup,IN_UpUp,Quake/cl_input.c,1282,MOD-013,literal declaration; registration/equivalence not inferred
MAIN,command,+movedown,IN_DownDown,Quake/cl_input.c,1283,MOD-013,literal declaration; registration/equivalence not inferred
MAIN,command,-movedown,IN_DownUp,Quake/cl_input.c,1284,MOD-013,literal declaration; registration/equivalence not inferred
MAIN,command,+left,IN_LeftDown,Quake/cl_input.c,1285,MOD-013,literal declaration; registration/equivalence not inferred
MAIN,command,-left,IN_LeftUp,Quake/cl_input.c,1286,MOD-013,literal declaration; registration/equivalence not inferred
MAIN,command,+right,IN_RightDown,Quake/cl_input.c,1287,MOD-013,literal declaration; registration/equivalence not inferred
MAIN,command,-right,IN_RightUp,Quake/cl_input.c,1288,MOD-013,literal declaration; registration/equivalence not inferred
MAIN,command,+forward,IN_ForwardDown,Quake/cl_input.c,1289,MOD-013,literal declaration; registration/equivalence not inferred
MAIN,command,-forward,IN_ForwardUp,Quake/cl_input.c,1290,MOD-013,literal declaration; registration/equivalence not inferred
MAIN,command,+back,IN_BackDown,Quake/cl_input.c,1291,MOD-013,literal declaration; registration/equivalence not inferred
MAIN,command,-back,IN_BackUp,Quake/cl_input.c,1292,MOD-013,literal declaration; registration/equivalence not inferred
MAIN,command,+lookup,IN_LookupDown,Quake/cl_input.c,1293,MOD-013,literal declaration; registration/equivalence not inferred
MAIN,command,-lookup,IN_LookupUp,Quake/cl_input.c,1294,MOD-013,literal declaration; registration/equivalence not inferred
MAIN,command,+lookdown,IN_LookdownDown,Quake/cl_input.c,1295,MOD-013,literal declaration; registration/equivalence not inferred
MAIN,command,-lookdown,IN_LookdownUp,Quake/cl_input.c,1296,MOD-013,literal declaration; registration/equivalence not inferred
MAIN,command,+strafe,IN_StrafeDown,Quake/cl_input.c,1297,MOD-013,literal declaration; registration/equivalence not inferred
MAIN,command,-strafe,IN_StrafeUp,Quake/cl_input.c,1298,MOD-013,literal declaration; registration/equivalence not inferred
MAIN,command,+moveleft,IN_MoveleftDown,Quake/cl_input.c,1299,MOD-013,literal declaration; registration/equivalence not inferred
MAIN,command,-moveleft,IN_MoveleftUp,Quake/cl_input.c,1300,MOD-013,literal declaration; registration/equivalence not inferred
MAIN,command,+moveright,IN_MoverightDown,Quake/cl_input.c,1301,MOD-013,literal declaration; registration/equivalence not inferred
MAIN,command,-moveright,IN_MoverightUp,Quake/cl_input.c,1302,MOD-013,literal declaration; registration/equivalence not inferred
MAIN,command,+speed,IN_SpeedDown,Quake/cl_input.c,1303,MOD-013,literal declaration; registration/equivalence not inferred
MAIN,command,-speed,IN_SpeedUp,Quake/cl_input.c,1304,MOD-013,literal declaration; registration/equivalence not inferred
MAIN,command,+attack,IN_AttackDown,Quake/cl_input.c,1305,MOD-013,literal declaration; registration/equivalence not inferred
MAIN,command,-attack,IN_AttackUp,Quake/cl_input.c,1306,MOD-013,literal declaration; registration/equivalence not inferred
MAIN,command,+use,IN_UseDown,Quake/cl_input.c,1307,MOD-013,literal declaration; registration/equivalence not inferred
MAIN,command,-use,IN_UseUp,Quake/cl_input.c,1308,MOD-013,literal declaration; registration/equivalence not inferred
MAIN,command,+button3,IN_Button3Down,Quake/cl_input.c,1309,MOD-013,literal declaration; registration/equivalence not inferred
MAIN,command,-button3,IN_Button3Up,Quake/cl_input.c,1310,MOD-013,literal declaration; registration/equivalence not inferred
MAIN,command,+button4,IN_Button4Down,Quake/cl_input.c,1311,MOD-013,literal declaration; registration/equivalence not inferred
MAIN,command,-button4,IN_Button4Up,Quake/cl_input.c,1312,MOD-013,literal declaration; registration/equivalence not inferred
MAIN,command,+button5,IN_Button5Down,Quake/cl_input.c,1313,MOD-013,literal declaration; registration/equivalence not inferred
MAIN,command,-button5,IN_Button5Up,Quake/cl_input.c,1314,MOD-013,literal declaration; registration/equivalence not inferred
MAIN,command,+button6,IN_Button6Down,Quake/cl_input.c,1315,MOD-013,literal declaration; registration/equivalence not inferred
MAIN,command,-button6,IN_Button6Up,Quake/cl_input.c,1316,MOD-013,literal declaration; registration/equivalence not inferred
MAIN,command,+button7,IN_Button7Down,Quake/cl_input.c,1317,MOD-013,literal declaration; registration/equivalence not inferred
MAIN,command,-button7,IN_Button7Up,Quake/cl_input.c,1318,MOD-013,literal declaration; registration/equivalence not inferred
MAIN,command,+button8,IN_Button8Down,Quake/cl_input.c,1319,MOD-013,literal declaration; registration/equivalence not inferred
MAIN,command,-button8,IN_Button8Up,Quake/cl_input.c,1320,MOD-013,literal declaration; registration/equivalence not inferred
MAIN,command,+jump,IN_JumpDown,Quake/cl_input.c,1321,MOD-013,literal declaration; registration/equivalence not inferred
MAIN,command,-jump,IN_JumpUp,Quake/cl_input.c,1322,MOD-013,literal declaration; registration/equivalence not inferred
MAIN,command,impulse,IN_Impulse,Quake/cl_input.c,1323,MOD-013,literal declaration; registration/equivalence not inferred
MAIN,command,+klook,IN_KLookDown,Quake/cl_input.c,1324,MOD-013,literal declaration; registration/equivalence not inferred
MAIN,command,-klook,IN_KLookUp,Quake/cl_input.c,1325,MOD-013,literal declaration; registration/equivalence not inferred
MAIN,command,+mlook,IN_MLookDown,Quake/cl_input.c,1326,MOD-013,literal declaration; registration/equivalence not inferred
MAIN,command,-mlook,IN_MLookUp,Quake/cl_input.c,1327,MOD-013,literal declaration; registration/equivalence not inferred
MAIN,command,+vr_weaponmenu,IN_VRWeaponMenuDown,Quake/cl_input.c,1328,MOD-013,literal declaration; registration/equivalence not inferred
MAIN,command,-vr_weaponmenu,IN_VRWeaponMenuUp,Quake/cl_input.c,1329,MOD-013,literal declaration; registration/equivalence not inferred
MAIN,command,vr_turn180,IN_VRTurn180_f,Quake/cl_input.c,1330,MOD-013,literal declaration; registration/equivalence not inferred
MAIN,cvar,_cl_name,player,Quake/cl_main.c,39,MOD-002;UI-004,literal declaration; registration/equivalence not inferred
MAIN,cvar,_cl_color,0,Quake/cl_main.c,40,MOD-002;UI-004,literal declaration; registration/equivalence not inferred
MAIN,cvar,cl_avatar,ranger,Quake/cl_main.c,41,MOD-002;UI-004,literal declaration; registration/equivalence not inferred
MAIN,cvar,cl_shownet,0,Quake/cl_main.c,129,MOD-002;UI-004,literal declaration; registration/equivalence not inferred
MAIN,cvar,cl_nolerp,0,Quake/cl_main.c,130,MOD-002;UI-004,literal declaration; registration/equivalence not inferred
MAIN,cvar,cl_lerpdebug,0,Quake/cl_main.c,131,MOD-002;UI-004,literal declaration; registration/equivalence not inferred
MAIN,cvar,cl_lerpdebug_models,,Quake/cl_main.c,132,MOD-002;UI-004,literal declaration; registration/equivalence not inferred
MAIN,cvar,cl_beams_polygons,0,Quake/cl_main.c,133,MOD-002;UI-004,literal declaration; registration/equivalence not inferred
MAIN,cvar,cl_autoswitchgame,1,Quake/cl_main.c,134,MOD-002;UI-004,literal declaration; registration/equivalence not inferred
MAIN,cvar,cl_extrapolate,0,Quake/cl_main.c,137,MOD-002;UI-004,literal declaration; registration/equivalence not inferred
MAIN,cvar,cl_extrapolate_adaptive,0,Quake/cl_main.c,138,MOD-002;UI-004,literal declaration; registration/equivalence not inferred
MAIN,cvar,cl_extrapolate_adaptive_max,0.12,Quake/cl_main.c,139,MOD-002;UI-004,literal declaration; registration/equivalence not inferred
MAIN,cvar,cl_extrapolate_adaptive_time,0.75,Quake/cl_main.c,140,MOD-002;UI-004,literal declaration; registration/equivalence not inferred
MAIN,cvar,cl_net_lerpbuffer,0,Quake/cl_main.c,141,MOD-002;UI-004,literal declaration; registration/equivalence not inferred
MAIN,cvar,cl_net_lerpbuffer_adaptive,0,Quake/cl_main.c,142,MOD-002;UI-004,literal declaration; registration/equivalence not inferred
MAIN,cvar,cl_net_lerpbuffer_adaptive_max,0.30,Quake/cl_main.c,143,MOD-002;UI-004,literal declaration; registration/equivalence not inferred
MAIN,cvar,cl_net_lerpbuffer_adaptive_time,0.75,Quake/cl_main.c,144,MOD-002;UI-004,literal declaration; registration/equivalence not inferred
MAIN,cvar,cl_predict_smooth,0,Quake/cl_main.c,145,MOD-002;UI-004,literal declaration; registration/equivalence not inferred
MAIN,cvar,cl_predict_smooth_time,0.10,Quake/cl_main.c,146,MOD-002;UI-004,literal declaration; registration/equivalence not inferred
MAIN,cvar,cl_predict_smooth_min,0.125,Quake/cl_main.c,147,MOD-002;UI-004,literal declaration; registration/equivalence not inferred
MAIN,cvar,cl_predict_smooth_max,4,Quake/cl_main.c,148,MOD-002;UI-004,literal declaration; registration/equivalence not inferred
MAIN,cvar,cl_predict_autofallback,0,Quake/cl_main.c,151,MOD-002;UI-004,literal declaration; registration/equivalence not inferred
MAIN,cvar,cl_predict_error_log,1,Quake/cl_main.c,152,MOD-002;UI-004,literal declaration; registration/equivalence not inferred
MAIN,cvar,cfg_unbindall,1,Quake/cl_main.c,332,MOD-002;UI-004,literal declaration; registration/equivalence not inferred
MAIN,cvar,freelook,1,Quake/cl_main.c,342,MOD-002;UI-004,literal declaration; registration/equivalence not inferred
MAIN,cvar,lookspring,0,Quake/cl_main.c,343,MOD-002;UI-004,literal declaration; registration/equivalence not inferred
MAIN,cvar,lookstrafe,0,Quake/cl_main.c,344,MOD-002;UI-004,literal declaration; registration/equivalence not inferred
MAIN,cvar,sensitivity,3,Quake/cl_main.c,345,MOD-002;UI-004,literal declaration; registration/equivalence not inferred
MAIN,cvar,m_pitch,0.022,Quake/cl_main.c,347,MOD-002;UI-004,literal declaration; registration/equivalence not inferred
MAIN,cvar,m_yaw,0.022,Quake/cl_main.c,348,MOD-002;UI-004,literal declaration; registration/equivalence not inferred
MAIN,cvar,m_forward,1,Quake/cl_main.c,349,MOD-002;UI-004,literal declaration; registration/equivalence not inferred
MAIN,cvar,m_side,0.8,Quake/cl_main.c,350,MOD-002;UI-004,literal declaration; registration/equivalence not inferred
MAIN,cvar,cl_maxpitch,90,Quake/cl_main.c,352,MOD-002;UI-004,literal declaration; registration/equivalence not inferred
MAIN,cvar,cl_minpitch,-90,Quake/cl_main.c,353,MOD-002;UI-004,literal declaration; registration/equivalence not inferred
MAIN,cvar,cl_mwheelpitch,5,Quake/cl_main.c,355,MOD-002;UI-004,literal declaration; registration/equivalence not inferred
MAIN,cvar,cl_startdemos,1,Quake/cl_main.c,357,MOD-002;UI-004,literal declaration; registration/equivalence not inferred
MAIN,cvar,cl_confirmquit,0,Quake/cl_main.c,358,MOD-002;UI-004,literal declaration; registration/equivalence not inferred
MAIN,cvar,cl_mousemenu,1,Quake/cl_main.c,360,MOD-002;UI-004,literal declaration; registration/equivalence not inferred
MAIN,command,cl_migrate_network_defaults,CL_MigrateNetworkDefaults_f,Quake/cl_main.c,2857,MOD-002;UI-004,literal declaration; registration/equivalence not inferred
MAIN,command,cl_predict_retry,CL_PredictRetry_f,Quake/cl_main.c,2858,MOD-002;UI-004,literal declaration; registration/equivalence not inferred
MAIN,command,entities,CL_PrintEntities_f,Quake/cl_main.c,2883,MOD-002;UI-004,literal declaration; registration/equivalence not inferred
MAIN,command,disconnect,CL_Disconnect_f,Quake/cl_main.c,2884,MOD-002;UI-004,literal declaration; registration/equivalence not inferred
MAIN,command,record,CL_Record_f,Quake/cl_main.c,2885,MOD-002;UI-004,literal declaration; registration/equivalence not inferred
MAIN,command,stop,CL_Stop_f,Quake/cl_main.c,2886,MOD-002;UI-004,literal declaration; registration/equivalence not inferred
MAIN,command,playdemo,CL_PlayDemo_f,Quake/cl_main.c,2887,MOD-002;UI-004,literal declaration; registration/equivalence not inferred
MAIN,command,timedemo,CL_TimeDemo_f,Quake/cl_main.c,2888,MOD-002;UI-004,literal declaration; registration/equivalence not inferred
MAIN,command,tracepos,CL_Tracepos_f,Quake/cl_main.c,2890,MOD-002;UI-004,literal declaration; registration/equivalence not inferred
MAIN,command,viewpos,CL_Viewpos_f,Quake/cl_main.c,2891,MOD-002;UI-004,literal declaration; registration/equivalence not inferred
MAIN,command,qs_reconnect_game,CL_AutoReconnectGame_f,Quake/cl_main.c,2893,MOD-002;UI-004,literal declaration; registration/equivalence not inferred
MAIN,command,cmdlist,Cmd_List_f,Quake/cmd.c,777,BASE-002,literal declaration; registration/equivalence not inferred
MAIN,command,unalias,Cmd_Unalias_f,Quake/cmd.c,778,BASE-002,literal declaration; registration/equivalence not inferred
MAIN,command,unaliasall,Cmd_Unaliasall_f,Quake/cmd.c,779,BASE-002,literal declaration; registration/equivalence not inferred
MAIN,command,stuffcmds,Cmd_StuffCmds_f,Quake/cmd.c,781,BASE-002,literal declaration; registration/equivalence not inferred
MAIN,command,exec,Cmd_Exec_f,Quake/cmd.c,782,BASE-002,literal declaration; registration/equivalence not inferred
MAIN,command,exec_postcfg,Cmd_ExecPostConfig_f,Quake/cmd.c,783,BASE-002,literal declaration; registration/equivalence not inferred
MAIN,command,echo,Cmd_Echo_f,Quake/cmd.c,784,BASE-002,literal declaration; registration/equivalence not inferred
MAIN,command,alias,Cmd_Alias_f,Quake/cmd.c,785,BASE-002,literal declaration; registration/equivalence not inferred
MAIN,command,cmd,Cmd_ForwardToServer,Quake/cmd.c,786,BASE-002,literal declaration; registration/equivalence not inferred
MAIN,command,wait,Cmd_Wait_f,Quake/cmd.c,787,BASE-002,literal declaration; registration/equivalence not inferred
MAIN,command,apropos,Cmd_Apropos_f,Quake/cmd.c,789,BASE-002,literal declaration; registration/equivalence not inferred
MAIN,command,find,Cmd_Apropos_f,Quake/cmd.c,790,BASE-002,literal declaration; registration/equivalence not inferred
MAIN,command,__cfgmarker,Cmd_CfgMarker_f,Quake/cmd.c,792,BASE-002,literal declaration; registration/equivalence not inferred
MAIN,cvar,registered,1,Quake/common.c,44,MOD-006;UI-001;UI-005,literal declaration; registration/equivalence not inferred
MAIN,cvar,cmdline,,Quake/common.c,45,MOD-006;UI-001;UI-005,literal declaration; registration/equivalence not inferred
MAIN,command,path,COM_Path_f,Quake/common.c,3239,MOD-006;UI-001;UI-005,literal declaration; registration/equivalence not inferred
MAIN,command,game,COM_Game_f,Quake/common.c,3240,MOD-006;UI-001;UI-005,literal declaration; registration/equivalence not inferred
MAIN,command,playgame,COM_Game_f,Quake/common.c,3241,MOD-006;UI-001;UI-005,literal declaration; registration/equivalence not inferred
MAIN,cvar,con_notifytime,3,Quake/console.c,52,UI/BASE/VR,literal declaration; registration/equivalence not inferred
MAIN,cvar,con_logcenterprint,1,Quake/console.c,53,UI/BASE/VR,literal declaration; registration/equivalence not inferred
MAIN,command,toggleconsole,Con_ToggleConsole_f,Quake/console.c,345,UI/BASE/VR,literal declaration; registration/equivalence not inferred
MAIN,command,messagemode,Con_MessageMode_f,Quake/console.c,346,UI/BASE/VR,literal declaration; registration/equivalence not inferred
MAIN,command,messagemode2,Con_MessageMode2_f,Quake/console.c,347,UI/BASE/VR,literal declaration; registration/equivalence not inferred
MAIN,command,clear,Con_Clear_f,Quake/console.c,348,UI/BASE/VR,literal declaration; registration/equivalence not inferred
MAIN,command,condump,Con_Dump_f,Quake/console.c,349,UI/BASE/VR,literal declaration; registration/equivalence not inferred
MAIN,command,player_models,CustomAvatar_List_f,Quake/custom_avatar.c,666,AV-004;AV-005,literal declaration; registration/equivalence not inferred
MAIN,command,cvarlist,Cvar_List_f,Quake/cvar.c,228,BASE-002,literal declaration; registration/equivalence not inferred
MAIN,command,toggle,Cvar_Toggle_f,Quake/cvar.c,229,BASE-002,literal declaration; registration/equivalence not inferred
MAIN,command,cycle,Cvar_Cycle_f,Quake/cvar.c,230,BASE-002,literal declaration; registration/equivalence not inferred
MAIN,command,inc,Cvar_Inc_f,Quake/cvar.c,231,BASE-002,literal declaration; registration/equivalence not inferred
MAIN,command,reset,Cvar_Reset_f,Quake/cvar.c,232,BASE-002,literal declaration; registration/equivalence not inferred
MAIN,command,resetall,Cvar_ResetAll_f,Quake/cvar.c,233,BASE-002,literal declaration; registration/equivalence not inferred
MAIN,command,resetcfg,Cvar_ResetCfg_f,Quake/cvar.c,234,BASE-002,literal declaration; registration/equivalence not inferred
MAIN,cvar,r_draworder,1,Quake/cvar.h,35,BASE/MOD/COOP,literal declaration; registration/equivalence not inferred
MAIN,cvar,screensize,1,Quake/cvar.h,36,BASE/MOD/COOP,literal declaration; registration/equivalence not inferred
MAIN,cvar,scr_conalpha,0.5,Quake/gl_draw.c,31,MOD-003,literal declaration; registration/equivalence not inferred
MAIN,cvar,r_vfog,1,Quake/gl_fog.c,371,PERF/ASSET,literal declaration; registration/equivalence not inferred
MAIN,command,fog,Fog_FogCommand_f,Quake/gl_fog.c,404,PERF/ASSET,literal declaration; registration/equivalence not inferred
MAIN,cvar,external_ents,1,Quake/gl_model.c,52,AV-007;PERF-F002,literal declaration; registration/equivalence not inferred
MAIN,cvar,external_vis,1,Quake/gl_model.c,53,AV-007;PERF-F002,literal declaration; registration/equivalence not inferred
MAIN,cvar,wad_external_textures,1,Quake/gl_model.c,55,AV-007;PERF-F002,literal declaration; registration/equivalence not inferred
MAIN,cvar,mdl_external_textures,1,Quake/gl_model.c,56,AV-007;PERF-F002,literal declaration; registration/equivalence not inferred
MAIN,cvar,r_allow_replacement_md3models,1,Quake/gl_model.c,57,AV-007;PERF-F002,literal declaration; registration/equivalence not inferred
MAIN,cvar,r_allow_replacement_md5models,1,Quake/gl_model.c,58,AV-007;PERF-F002,literal declaration; registration/equivalence not inferred
MAIN,cvar,r_enhancedmodels,0,Quake/gl_model.c,59,AV-007;PERF-F002,literal declaration; registration/equivalence not inferred
MAIN,cvar,r_enhancedmodels_migration_version,0,Quake/gl_model.c,60,AV-007;PERF-F002,literal declaration; registration/equivalence not inferred
MAIN,command,mcache,Mod_Print,Quake/gl_model.c,202,AV-007;PERF-F002,literal declaration; registration/equivalence not inferred
MAIN,command,mod_migrate_enhancedmodels,Mod_MigrateEnhancedModels_f,Quake/gl_model.c,203,AV-007;PERF-F002,literal declaration; registration/equivalence not inferred
MAIN,cvar,r_norefresh,0,Quake/gl_rmain.c,91,COOP-009;MOD-014;PERF-F001;PERF-F003;XR-010,literal declaration; registration/equivalence not inferred
MAIN,cvar,r_drawentities,1,Quake/gl_rmain.c,92,COOP-009;MOD-014;PERF-F001;PERF-F003;XR-010,literal declaration; registration/equivalence not inferred
MAIN,cvar,r_drawviewmodel,1,Quake/gl_rmain.c,93,COOP-009;MOD-014;PERF-F001;PERF-F003;XR-010,literal declaration; registration/equivalence not inferred
MAIN,cvar,r_speeds,0,Quake/gl_rmain.c,94,COOP-009;MOD-014;PERF-F001;PERF-F003;XR-010,literal declaration; registration/equivalence not inferred
MAIN,cvar,r_perfdebug,0,Quake/gl_rmain.c,95,COOP-009;MOD-014;PERF-F001;PERF-F003;XR-010,literal declaration; registration/equivalence not inferred
MAIN,cvar,r_perfdebug_min_ms,8,Quake/gl_rmain.c,96,COOP-009;MOD-014;PERF-F001;PERF-F003;XR-010,literal declaration; registration/equivalence not inferred
MAIN,cvar,r_pos,0,Quake/gl_rmain.c,97,COOP-009;MOD-014;PERF-F001;PERF-F003;XR-010,literal declaration; registration/equivalence not inferred
MAIN,cvar,r_fullbright,0,Quake/gl_rmain.c,98,COOP-009;MOD-014;PERF-F001;PERF-F003;XR-010,literal declaration; registration/equivalence not inferred
MAIN,cvar,r_lightmap,0,Quake/gl_rmain.c,99,COOP-009;MOD-014;PERF-F001;PERF-F003;XR-010,literal declaration; registration/equivalence not inferred
MAIN,cvar,r_shadows,0,Quake/gl_rmain.c,100,COOP-009;MOD-014;PERF-F001;PERF-F003;XR-010,literal declaration; registration/equivalence not inferred
MAIN,cvar,r_wateralpha,1,Quake/gl_rmain.c,101,COOP-009;MOD-014;PERF-F001;PERF-F003;XR-010,literal declaration; registration/equivalence not inferred
MAIN,cvar,r_useportalculling,0,Quake/gl_rmain.c,102,COOP-009;MOD-014;PERF-F001;PERF-F003;XR-010,literal declaration; registration/equivalence not inferred
MAIN,cvar,r_litwater,1,Quake/gl_rmain.c,103,COOP-009;MOD-014;PERF-F001;PERF-F003;XR-010,literal declaration; registration/equivalence not inferred
MAIN,cvar,r_dynamic,1,Quake/gl_rmain.c,104,COOP-009;MOD-014;PERF-F001;PERF-F003;XR-010,literal declaration; registration/equivalence not inferred
MAIN,cvar,r_novis,0,Quake/gl_rmain.c,105,COOP-009;MOD-014;PERF-F001;PERF-F003;XR-010,literal declaration; registration/equivalence not inferred
MAIN,cvar,gl_finish,0,Quake/gl_rmain.c,107,COOP-009;MOD-014;PERF-F001;PERF-F003;XR-010,literal declaration; registration/equivalence not inferred
MAIN,cvar,gl_clear,1,Quake/gl_rmain.c,108,COOP-009;MOD-014;PERF-F001;PERF-F003;XR-010,literal declaration; registration/equivalence not inferred
MAIN,cvar,gl_cull,1,Quake/gl_rmain.c,109,COOP-009;MOD-014;PERF-F001;PERF-F003;XR-010,literal declaration; registration/equivalence not inferred
MAIN,cvar,gl_smoothmodels,1,Quake/gl_rmain.c,110,COOP-009;MOD-014;PERF-F001;PERF-F003;XR-010,literal declaration; registration/equivalence not inferred
MAIN,cvar,gl_affinemodels,0,Quake/gl_rmain.c,111,COOP-009;MOD-014;PERF-F001;PERF-F003;XR-010,literal declaration; registration/equivalence not inferred
MAIN,cvar,gl_polyblend,1,Quake/gl_rmain.c,112,COOP-009;MOD-014;PERF-F001;PERF-F003;XR-010,literal declaration; registration/equivalence not inferred
MAIN,cvar,gl_flashblend,0,Quake/gl_rmain.c,113,COOP-009;MOD-014;PERF-F001;PERF-F003;XR-010,literal declaration; registration/equivalence not inferred
MAIN,cvar,gl_playermip,0,Quake/gl_rmain.c,114,COOP-009;MOD-014;PERF-F001;PERF-F003;XR-010,literal declaration; registration/equivalence not inferred
MAIN,cvar,gl_nocolors,0,Quake/gl_rmain.c,115,COOP-009;MOD-014;PERF-F001;PERF-F003;XR-010,literal declaration; registration/equivalence not inferred
MAIN,cvar,cl_coop_nametags,1,Quake/gl_rmain.c,116,COOP-009;MOD-014;PERF-F001;PERF-F003;XR-010,literal declaration; registration/equivalence not inferred
MAIN,cvar,r_stereo,0,Quake/gl_rmain.c,119,COOP-009;MOD-014;PERF-F001;PERF-F003;XR-010,literal declaration; registration/equivalence not inferred
MAIN,cvar,r_stereodepth,128,Quake/gl_rmain.c,120,COOP-009;MOD-014;PERF-F001;PERF-F003;XR-010,literal declaration; registration/equivalence not inferred
MAIN,cvar,r_clearcolor,2,Quake/gl_rmain.c,121,COOP-009;MOD-014;PERF-F001;PERF-F003;XR-010,literal declaration; registration/equivalence not inferred
MAIN,cvar,r_drawflat,0,Quake/gl_rmain.c,122,COOP-009;MOD-014;PERF-F001;PERF-F003;XR-010,literal declaration; registration/equivalence not inferred
MAIN,cvar,r_flatlightstyles,0,Quake/gl_rmain.c,123,COOP-009;MOD-014;PERF-F001;PERF-F003;XR-010,literal declaration; registration/equivalence not inferred
MAIN,cvar,r_lerplightstyles,1,Quake/gl_rmain.c,124,COOP-009;MOD-014;PERF-F001;PERF-F003;XR-010,literal declaration; registration/equivalence not inferred
MAIN,cvar,gl_fullbrights,1,Quake/gl_rmain.c,125,COOP-009;MOD-014;PERF-F001;PERF-F003;XR-010,literal declaration; registration/equivalence not inferred
MAIN,cvar,gl_farclip,65536,Quake/gl_rmain.c,126,COOP-009;MOD-014;PERF-F001;PERF-F003;XR-010,literal declaration; registration/equivalence not inferred
MAIN,cvar,gl_overbright,1,Quake/gl_rmain.c,127,COOP-009;MOD-014;PERF-F001;PERF-F003;XR-010,literal declaration; registration/equivalence not inferred
MAIN,cvar,gl_overbright_models,1,Quake/gl_rmain.c,128,COOP-009;MOD-014;PERF-F001;PERF-F003;XR-010,literal declaration; registration/equivalence not inferred
MAIN,cvar,r_oldskyleaf,0,Quake/gl_rmain.c,129,COOP-009;MOD-014;PERF-F001;PERF-F003;XR-010,literal declaration; registration/equivalence not inferred
MAIN,cvar,r_drawworld,1,Quake/gl_rmain.c,130,COOP-009;MOD-014;PERF-F001;PERF-F003;XR-010,literal declaration; registration/equivalence not inferred
MAIN,cvar,r_showtris,0,Quake/gl_rmain.c,131,COOP-009;MOD-014;PERF-F001;PERF-F003;XR-010,literal declaration; registration/equivalence not inferred
MAIN,cvar,r_showbboxes,0,Quake/gl_rmain.c,132,COOP-009;MOD-014;PERF-F001;PERF-F003;XR-010,literal declaration; registration/equivalence not inferred
MAIN,cvar,r_showfields,0,Quake/gl_rmain.c,133,COOP-009;MOD-014;PERF-F001;PERF-F003;XR-010,literal declaration; registration/equivalence not inferred
MAIN,cvar,r_showskel,0,Quake/gl_rmain.c,134,COOP-009;MOD-014;PERF-F001;PERF-F003;XR-010,literal declaration; registration/equivalence not inferred
MAIN,cvar,r_lerpmodels,1,Quake/gl_rmain.c,135,COOP-009;MOD-014;PERF-F001;PERF-F003;XR-010,literal declaration; registration/equivalence not inferred
MAIN,cvar,r_lerpmove,1,Quake/gl_rmain.c,136,COOP-009;MOD-014;PERF-F001;PERF-F003;XR-010,literal declaration; registration/equivalence not inferred
MAIN,cvar,r_nolerp_list,"progs/flame.mdl,progs/flame2.mdl,progs/braztall.mdl,progs/",Quake/gl_rmain.c,137,COOP-009;MOD-014;PERF-F001;PERF-F003;XR-010,literal declaration; registration/equivalence not inferred
MAIN,cvar,r_noshadow_list,"progs/flame2.mdl,progs/flame.mdl,progs/bolt1.mdl,progs/bolt2.mdl,progs/",Quake/gl_rmain.c,143,COOP-009;MOD-014;PERF-F001;PERF-F003;XR-010,literal declaration; registration/equivalence not inferred
MAIN,cvar,gl_zfix,0,Quake/gl_rmain.c,152,COOP-009;MOD-014;PERF-F001;PERF-F003;XR-010,literal declaration; registration/equivalence not inferred
MAIN,cvar,r_alphasort,1,Quake/gl_rmain.c,154,COOP-009;MOD-014;PERF-F001;PERF-F003;XR-010,literal declaration; registration/equivalence not inferred
MAIN,cvar,r_lavaalpha,0,Quake/gl_rmain.c,155,COOP-009;MOD-014;PERF-F001;PERF-F003;XR-010,literal declaration; registration/equivalence not inferred
MAIN,cvar,r_telealpha,0,Quake/gl_rmain.c,156,COOP-009;MOD-014;PERF-F001;PERF-F003;XR-010,literal declaration; registration/equivalence not inferred
MAIN,cvar,r_slimealpha,0,Quake/gl_rmain.c,157,COOP-009;MOD-014;PERF-F001;PERF-F003;XR-010,literal declaration; registration/equivalence not inferred
MAIN,cvar,r_part_density,1,Quake/gl_rmain.c,158,COOP-009;MOD-014;PERF-F001;PERF-F003;XR-010,literal declaration; registration/equivalence not inferred
MAIN,cvar,r_scale,1,Quake/gl_rmain.c,447,COOP-009;MOD-014;PERF-F001;PERF-F003;XR-010,literal declaration; registration/equivalence not inferred
MAIN,cvar,r_lightmapwide,0,Quake/gl_rmisc.c,69,PERF/ASSET,literal declaration; registration/equivalence not inferred
MAIN,command,timerefresh,R_TimeRefresh_f,Quake/gl_rmisc.c,201,PERF/ASSET,literal declaration; registration/equivalence not inferred
MAIN,command,pointfile,R_ReadPointFile_f,Quake/gl_rmisc.c,202,PERF/ASSET,literal declaration; registration/equivalence not inferred
MAIN,cvar,scr_menuscale,1,Quake/gl_screen.c,83,UI-005,literal declaration; registration/equivalence not inferred
MAIN,cvar,scr_sbarscale,1,Quake/gl_screen.c,84,UI-005,literal declaration; registration/equivalence not inferred
MAIN,cvar,scr_sbaralpha,0.75,Quake/gl_screen.c,85,UI-005,literal declaration; registration/equivalence not inferred
MAIN,cvar,scr_hudstyle,0,Quake/gl_screen.c,86,UI-005,literal declaration; registration/equivalence not inferred
MAIN,cvar,scr_conwidth,0,Quake/gl_screen.c,87,UI-005,literal declaration; registration/equivalence not inferred
MAIN,cvar,scr_conscale,1,Quake/gl_screen.c,88,UI-005,literal declaration; registration/equivalence not inferred
MAIN,cvar,scr_autoscale,1,Quake/gl_screen.c,89,UI-005,literal declaration; registration/equivalence not inferred
MAIN,cvar,scr_crosshairscale,1,Quake/gl_screen.c,90,UI-005,literal declaration; registration/equivalence not inferred
MAIN,cvar,scr_infoscale,2.0,Quake/gl_screen.c,91,UI-005,literal declaration; registration/equivalence not inferred
MAIN,cvar,scr_crosshair_desktop_fallback,1,Quake/gl_screen.c,92,UI-005,literal declaration; registration/equivalence not inferred
MAIN,cvar,scr_showfps,0,Quake/gl_screen.c,93,UI-005,literal declaration; registration/equivalence not inferred
MAIN,cvar,scr_clock,0,Quake/gl_screen.c,94,UI-005,literal declaration; registration/equivalence not inferred
MAIN,cvar,scr_usekfont,0,Quake/gl_screen.c,96,UI-005,literal declaration; registration/equivalence not inferred
MAIN,cvar,viewsize,100,Quake/gl_screen.c,98,UI-005,literal declaration; registration/equivalence not inferred
MAIN,cvar,fov,90,Quake/gl_screen.c,99,UI-005,literal declaration; registration/equivalence not inferred
MAIN,cvar,fov_adapt,1,Quake/gl_screen.c,100,UI-005,literal declaration; registration/equivalence not inferred
MAIN,cvar,scr_conspeed,500,Quake/gl_screen.c,101,UI-005,literal declaration; registration/equivalence not inferred
MAIN,cvar,scr_centertime,4,Quake/gl_screen.c,102,UI-005,literal declaration; registration/equivalence not inferred
MAIN,cvar,showturtle,0,Quake/gl_screen.c,103,UI-005,literal declaration; registration/equivalence not inferred
MAIN,cvar,showpause,1,Quake/gl_screen.c,104,UI-005,literal declaration; registration/equivalence not inferred
MAIN,cvar,scr_printspeed,8,Quake/gl_screen.c,105,UI-005,literal declaration; registration/equivalence not inferred
MAIN,cvar,scr_centerprintbg,2,Quake/gl_screen.c,106,UI-005,literal declaration; registration/equivalence not inferred
MAIN,cvar,gl_triplebuffer,1,Quake/gl_screen.c,107,UI-005,literal declaration; registration/equivalence not inferred
MAIN,cvar,cl_gun_fovscale,1,Quake/gl_screen.c,109,UI-005,literal declaration; registration/equivalence not inferred
MAIN,command,screenshot,SCR_ScreenShot_f,Quake/gl_screen.c,624,UI-005,literal declaration; registration/equivalence not inferred
MAIN,command,sizeup,SCR_SizeUp_f,Quake/gl_screen.c,625,UI-005,literal declaration; registration/equivalence not inferred
MAIN,command,sizedown,SCR_SizeDown_f,Quake/gl_screen.c,626,UI-005,literal declaration; registration/equivalence not inferred
MAIN,cvar,r_fastsky,0,Quake/gl_sky.c,56,MOD-007,literal declaration; registration/equivalence not inferred
MAIN,cvar,r_sky_quality,12,Quake/gl_sky.c,57,MOD-007,literal declaration; registration/equivalence not inferred
MAIN,cvar,r_skyalpha,1,Quake/gl_sky.c,58,MOD-007,literal declaration; registration/equivalence not inferred
MAIN,cvar,r_skywind,0,Quake/gl_sky.c,59,MOD-007,literal declaration; registration/equivalence not inferred
MAIN,cvar,r_skyfog,0.5,Quake/gl_sky.c,60,MOD-007,literal declaration; registration/equivalence not inferred
MAIN,cvar,r_skyroom,0,Quake/gl_sky.c,61,MOD-007,literal declaration; registration/equivalence not inferred
MAIN,command,sky,Sky_SkyCommand_f,Quake/gl_sky.c,698,MOD-007,literal declaration; registration/equivalence not inferred
MAIN,command,skywind,Skywind_f,Quake/gl_sky.c,699,MOD-007,literal declaration; registration/equivalence not inferred
MAIN,command,skywind_load,Skywind_Load_f,Quake/gl_sky.c,700,MOD-007,literal declaration; registration/equivalence not inferred
MAIN,command,skywind_save,Skywind_Save_f,Quake/gl_sky.c,701,MOD-007,literal declaration; registration/equivalence not inferred
MAIN,cvar,gl_texturemode,,Quake/gl_texmgr.c,31,PERF/ASSET,literal declaration; registration/equivalence not inferred
MAIN,cvar,gl_texture_anisotropy,16,Quake/gl_texmgr.c,32,PERF/ASSET,literal declaration; registration/equivalence not inferred
MAIN,cvar,gl_max_size,0,Quake/gl_texmgr.c,34,PERF/ASSET,literal declaration; registration/equivalence not inferred
MAIN,cvar,gl_picmip,0,Quake/gl_texmgr.c,35,PERF/ASSET,literal declaration; registration/equivalence not inferred
MAIN,cvar,vid_fullscreen,0,Quake/gl_vidsdl.c,233,PERF/ASSET,literal declaration; registration/equivalence not inferred
MAIN,cvar,vid_width,800,Quake/gl_vidsdl.c,234,PERF/ASSET,literal declaration; registration/equivalence not inferred
MAIN,cvar,vid_height,600,Quake/gl_vidsdl.c,235,PERF/ASSET,literal declaration; registration/equivalence not inferred
MAIN,cvar,vid_bpp,16,Quake/gl_vidsdl.c,236,PERF/ASSET,literal declaration; registration/equivalence not inferred
MAIN,cvar,vid_refreshrate,60,Quake/gl_vidsdl.c,237,PERF/ASSET,literal declaration; registration/equivalence not inferred
MAIN,cvar,vid_vsync,0,Quake/gl_vidsdl.c,238,PERF/ASSET,literal declaration; registration/equivalence not inferred
MAIN,cvar,vid_fsaa,0,Quake/gl_vidsdl.c,239,PERF/ASSET,literal declaration; registration/equivalence not inferred
MAIN,cvar,vid_desktopfullscreen,0,Quake/gl_vidsdl.c,240,PERF/ASSET,literal declaration; registration/equivalence not inferred
MAIN,cvar,vid_borderless,0,Quake/gl_vidsdl.c,241,PERF/ASSET,literal declaration; registration/equivalence not inferred
MAIN,cvar,gamma,1,Quake/gl_vidsdl.c,244,PERF/ASSET,literal declaration; registration/equivalence not inferred
MAIN,cvar,contrast,1,Quake/gl_vidsdl.c,245,PERF/ASSET,literal declaration; registration/equivalence not inferred
MAIN,command,vid_unlock,VID_Unlock,Quake/gl_vidsdl.c,2073,PERF/ASSET,literal declaration; registration/equivalence not inferred
MAIN,command,vid_restart,VID_Restart,Quake/gl_vidsdl.c,2074,PERF/ASSET,literal declaration; registration/equivalence not inferred
MAIN,command,vid_test,VID_Test,Quake/gl_vidsdl.c,2075,PERF/ASSET,literal declaration; registration/equivalence not inferred
MAIN,command,vid_describecurrentmode,VID_DescribeCurrentMode_f,Quake/gl_vidsdl.c,2076,PERF/ASSET,literal declaration; registration/equivalence not inferred
MAIN,command,vid_describemodes,VID_DescribeModes_f,Quake/gl_vidsdl.c,2077,PERF/ASSET,literal declaration; registration/equivalence not inferred
MAIN,command,gl_info,GL_Info_f,Quake/gl_vidsdl.c,2208,PERF/ASSET,literal declaration; registration/equivalence not inferred
MAIN,cvar,r_oldwater,0,Quake/gl_warp.c,28,PERF/ASSET,literal declaration; registration/equivalence not inferred
MAIN,cvar,r_oldwater_max_drawpolys,2048,Quake/gl_warp.c,29,PERF/ASSET,literal declaration; registration/equivalence not inferred
MAIN,cvar,r_waterquality,8,Quake/gl_warp.c,30,PERF/ASSET,literal declaration; registration/equivalence not inferred
MAIN,cvar,r_waterwarp,1,Quake/gl_warp.c,31,PERF/ASSET,literal declaration; registration/equivalence not inferred
MAIN,cvar,gl_subdivide_size,128,Quake/gl_warp.c,51,PERF/ASSET,literal declaration; registration/equivalence not inferred
MAIN,cvar,host_framerate,0,Quake/host.c,66,BASE-001;COOP-002;COOP-010;MOD-002;MOD-006,literal declaration; registration/equivalence not inferred
MAIN,cvar,host_speeds,0,Quake/host.c,67,BASE-001;COOP-002;COOP-010;MOD-002;MOD-006,literal declaration; registration/equivalence not inferred
MAIN,cvar,host_maxfps,250,Quake/host.c,68,BASE-001;COOP-002;COOP-010;MOD-002;MOD-006,literal declaration; registration/equivalence not inferred
MAIN,cvar,host_timescale,0,Quake/host.c,69,BASE-001;COOP-002;COOP-010;MOD-002;MOD-006,literal declaration; registration/equivalence not inferred
MAIN,cvar,cl_netfps,0,Quake/host.c,70,BASE-001;COOP-002;COOP-010;MOD-002;MOD-006,literal declaration; registration/equivalence not inferred
MAIN,cvar,max_edicts,15000,Quake/host.c,71,BASE-001;COOP-002;COOP-010;MOD-002;MOD-006,literal declaration; registration/equivalence not inferred
MAIN,cvar,cl_nocsqc,0,Quake/host.c,72,BASE-001;COOP-002;COOP-010;MOD-002;MOD-006,literal declaration; registration/equivalence not inferred
MAIN,cvar,sys_ticrate,0.05,Quake/host.c,74,BASE-001;COOP-002;COOP-010;MOD-002;MOD-006,literal declaration; registration/equivalence not inferred
MAIN,cvar,serverprofile,0,Quake/host.c,75,BASE-001;COOP-002;COOP-010;MOD-002;MOD-006,literal declaration; registration/equivalence not inferred
MAIN,cvar,fraglimit,0,Quake/host.c,77,BASE-001;COOP-002;COOP-010;MOD-002;MOD-006,literal declaration; registration/equivalence not inferred
MAIN,cvar,timelimit,0,Quake/host.c,78,BASE-001;COOP-002;COOP-010;MOD-002;MOD-006,literal declaration; registration/equivalence not inferred
MAIN,cvar,teamplay,0,Quake/host.c,79,BASE-001;COOP-002;COOP-010;MOD-002;MOD-006,literal declaration; registration/equivalence not inferred
MAIN,cvar,samelevel,0,Quake/host.c,80,BASE-001;COOP-002;COOP-010;MOD-002;MOD-006,literal declaration; registration/equivalence not inferred
MAIN,cvar,noexit,0,Quake/host.c,81,BASE-001;COOP-002;COOP-010;MOD-002;MOD-006,literal declaration; registration/equivalence not inferred
MAIN,cvar,skill,1,Quake/host.c,82,BASE-001;COOP-002;COOP-010;MOD-002;MOD-006,literal declaration; registration/equivalence not inferred
MAIN,cvar,deathmatch,0,Quake/host.c,83,BASE-001;COOP-002;COOP-010;MOD-002;MOD-006,literal declaration; registration/equivalence not inferred
MAIN,cvar,coop,0,Quake/host.c,84,BASE-001;COOP-002;COOP-010;MOD-002;MOD-006,literal declaration; registration/equivalence not inferred
MAIN,cvar,sv_nofriendlyfire,0,Quake/host.c,85,BASE-001;COOP-002;COOP-010;MOD-002;MOD-006,literal declaration; registration/equivalence not inferred
MAIN,cvar,sv_coop_noplayerclip,-1,Quake/host.c,86,BASE-001;COOP-002;COOP-010;MOD-002;MOD-006,literal declaration; registration/equivalence not inferred
MAIN,cvar,sv_save_multiplayer,1,Quake/host.c,87,BASE-001;COOP-002;COOP-010;MOD-002;MOD-006,literal declaration; registration/equivalence not inferred
MAIN,cvar,sv_cmdfile,,Quake/host.c,88,BASE-001;COOP-002;COOP-010;MOD-002;MOD-006,literal declaration; registration/equivalence not inferred
MAIN,cvar,pausable,1,Quake/host.c,90,BASE-001;COOP-002;COOP-010;MOD-002;MOD-006,literal declaration; registration/equivalence not inferred
MAIN,cvar,developer,0,Quake/host.c,92,BASE-001;COOP-002;COOP-010;MOD-002;MOD-006,literal declaration; registration/equivalence not inferred
MAIN,cvar,map_checks,0,Quake/host.c,93,BASE-001;COOP-002;COOP-010;MOD-002;MOD-006,literal declaration; registration/equivalence not inferred
MAIN,cvar,temp1,0,Quake/host.c,95,BASE-001;COOP-002;COOP-010;MOD-002;MOD-006,literal declaration; registration/equivalence not inferred
MAIN,cvar,devstats,0,Quake/host.c,110,BASE-001;COOP-002;COOP-010;MOD-002;MOD-006,literal declaration; registration/equivalence not inferred
MAIN,cvar,campaign,0,Quake/host.c,112,BASE-001;COOP-002;COOP-010;MOD-002;MOD-006,literal declaration; registration/equivalence not inferred
MAIN,cvar,horde,0,Quake/host.c,113,BASE-001;COOP-002;COOP-010;MOD-002;MOD-006,literal declaration; registration/equivalence not inferred
MAIN,cvar,sv_cheats,0,Quake/host.c,114,BASE-001;COOP-002;COOP-010;MOD-002;MOD-006,literal declaration; registration/equivalence not inferred
MAIN,command,version,Host_Version_f,Quake/host.c,740,BASE-001;COOP-002;COOP-010;MOD-002;MOD-006,literal declaration; registration/equivalence not inferred
MAIN,command,host_migrate_network_defaults,Host_MigrateNetworkDefaults_f,Quake/host.c,741,BASE-001;COOP-002;COOP-010;MOD-002;MOD-006,literal declaration; registration/equivalence not inferred
MAIN,command,netfps_probe,Host_NetfpsProbe_f,Quake/host.c,742,BASE-001;COOP-002;COOP-010;MOD-002;MOD-006,literal declaration; registration/equivalence not inferred
MAIN,command,maps,Host_Maps_f,Quake/host_cmd.c,3835,COOP-008;COOP-010;COOP-011,literal declaration; registration/equivalence not inferred
MAIN,command,maps_mod,Host_Maps_Mod_f,Quake/host_cmd.c,3836,COOP-008;COOP-010;COOP-011,literal declaration; registration/equivalence not inferred
MAIN,command,mods,Host_Mods_f,Quake/host_cmd.c,3837,COOP-008;COOP-010;COOP-011,literal declaration; registration/equivalence not inferred
MAIN,command,games,Host_Mods_f,Quake/host_cmd.c,3838,COOP-008;COOP-010;COOP-011,literal declaration; registration/equivalence not inferred
MAIN,command,mapname,Host_Mapname_f,Quake/host_cmd.c,3840,COOP-008;COOP-010;COOP-011,literal declaration; registration/equivalence not inferred
MAIN,command,randmap,Host_Randmap_f,Quake/host_cmd.c,3841,COOP-008;COOP-010;COOP-011,literal declaration; registration/equivalence not inferred
MAIN,command,quit,Host_Quit_f,Quake/host_cmd.c,3844,COOP-008;COOP-010;COOP-011,literal declaration; registration/equivalence not inferred
MAIN,command,map,Host_Map_f,Quake/host_cmd.c,3848,COOP-008;COOP-010;COOP-011,literal declaration; registration/equivalence not inferred
MAIN,command,restart,Host_Restart_f,Quake/host_cmd.c,3849,COOP-008;COOP-010;COOP-011,literal declaration; registration/equivalence not inferred
MAIN,command,changelevel,Host_Changelevel_f,Quake/host_cmd.c,3850,COOP-008;COOP-010;COOP-011,literal declaration; registration/equivalence not inferred
MAIN,command,connect,Host_Connect_f,Quake/host_cmd.c,3851,COOP-008;COOP-010;COOP-011,literal declaration; registration/equivalence not inferred
MAIN,command,kick,Host_Kick_f,Quake/host_cmd.c,3870,COOP-008;COOP-010;COOP-011,literal declaration; registration/equivalence not inferred
MAIN,command,load,Host_Loadgame_f,Quake/host_cmd.c,3872,COOP-008;COOP-010;COOP-011,literal declaration; registration/equivalence not inferred
MAIN,command,save,Host_Savegame_f,Quake/host_cmd.c,3873,COOP-008;COOP-010;COOP-011,literal declaration; registration/equivalence not inferred
MAIN,command,sv_giveall,Host_SV_GiveAll_f,Quake/host_cmd.c,3875,COOP-008;COOP-010;COOP-011,literal declaration; registration/equivalence not inferred
MAIN,command,sv_givekeys,Host_SV_GiveKeys_f,Quake/host_cmd.c,3876,COOP-008;COOP-010;COOP-011,literal declaration; registration/equivalence not inferred
MAIN,command,sv_god,Host_SV_God_f,Quake/host_cmd.c,3877,COOP-008;COOP-010;COOP-011,literal declaration; registration/equivalence not inferred
MAIN,command,sv_noclip,Host_SV_Noclip_f,Quake/host_cmd.c,3878,COOP-008;COOP-010;COOP-011,literal declaration; registration/equivalence not inferred
MAIN,command,sv_reconnect_game,Host_SV_ReconnectGame_f,Quake/host_cmd.c,3879,COOP-008;COOP-010;COOP-011,literal declaration; registration/equivalence not inferred
MAIN,command,startdemos,Host_Startdemos_f,Quake/host_cmd.c,3881,COOP-008;COOP-010;COOP-011,literal declaration; registration/equivalence not inferred
MAIN,command,demos,Host_Demos_f,Quake/host_cmd.c,3882,COOP-008;COOP-010;COOP-011,literal declaration; registration/equivalence not inferred
MAIN,command,stopdemo,Host_Stopdemo_f,Quake/host_cmd.c,3883,COOP-008;COOP-010;COOP-011,literal declaration; registration/equivalence not inferred
MAIN,command,viewmodel,Host_Viewmodel_f,Quake/host_cmd.c,3885,COOP-008;COOP-010;COOP-011,literal declaration; registration/equivalence not inferred
MAIN,command,viewframe,Host_Viewframe_f,Quake/host_cmd.c,3886,COOP-008;COOP-010;COOP-011,literal declaration; registration/equivalence not inferred
MAIN,command,viewnext,Host_Viewnext_f,Quake/host_cmd.c,3887,COOP-008;COOP-010;COOP-011,literal declaration; registration/equivalence not inferred
MAIN,command,viewprev,Host_Viewprev_f,Quake/host_cmd.c,3888,COOP-008;COOP-010;COOP-011,literal declaration; registration/equivalence not inferred
MAIN,cvar,in_debugkeys,0,Quake/in_sdl.c,39,BASE-003,literal declaration; registration/equivalence not inferred
MAIN,cvar,joy_deadzone_look,0.175,Quake/in_sdl.c,54,BASE-003,literal declaration; registration/equivalence not inferred
MAIN,cvar,joy_deadzone_move,0.175,Quake/in_sdl.c,55,BASE-003,literal declaration; registration/equivalence not inferred
MAIN,cvar,joy_outer_threshold_look,0.02,Quake/in_sdl.c,56,BASE-003,literal declaration; registration/equivalence not inferred
MAIN,cvar,joy_outer_threshold_move,0.02,Quake/in_sdl.c,57,BASE-003,literal declaration; registration/equivalence not inferred
MAIN,cvar,joy_deadzone_trigger,0.2,Quake/in_sdl.c,58,BASE-003,literal declaration; registration/equivalence not inferred
MAIN,cvar,joy_sensitivity_yaw,240,Quake/in_sdl.c,59,BASE-003,literal declaration; registration/equivalence not inferred
MAIN,cvar,joy_sensitivity_pitch,130,Quake/in_sdl.c,60,BASE-003,literal declaration; registration/equivalence not inferred
MAIN,cvar,joy_invert,0,Quake/in_sdl.c,61,BASE-003,literal declaration; registration/equivalence not inferred
MAIN,cvar,joy_exponent,2,Quake/in_sdl.c,62,BASE-003,literal declaration; registration/equivalence not inferred
MAIN,cvar,joy_exponent_move,2,Quake/in_sdl.c,63,BASE-003,literal declaration; registration/equivalence not inferred
MAIN,cvar,joy_swapmovelook,0,Quake/in_sdl.c,64,BASE-003,literal declaration; registration/equivalence not inferred
MAIN,cvar,joy_enable,1,Quake/in_sdl.c,65,BASE-003,literal declaration; registration/equivalence not inferred
MAIN,cvar,in_disablemacosxmouseaccel,1,Quake/in_sdl.c,196,BASE-003,literal declaration; registration/equivalence not inferred
MAIN,command,bindlist,Key_Bindlist_f,Quake/keys.c,947,UI/BASE/VR,literal declaration; registration/equivalence not inferred
MAIN,command,bind,Key_Bind_f,Quake/keys.c,948,UI/BASE/VR,literal declaration; registration/equivalence not inferred
MAIN,command,unbind,Key_Unbind_f,Quake/keys.c,949,UI/BASE/VR,literal declaration; registration/equivalence not inferred
MAIN,command,unbindall,Key_Unbindall_f,Quake/keys.c,950,UI/BASE/VR,literal declaration; registration/equivalence not inferred
MAIN,command,+altmodifier,Key_AltModifierDown_f,Quake/keys.c,951,UI/BASE/VR,literal declaration; registration/equivalence not inferred
MAIN,command,-altmodifier,Key_AltModifierUp_f,Quake/keys.c,952,UI/BASE/VR,literal declaration; registration/equivalence not inferred
MAIN,command,togglemenu,M_ToggleMenu_f,Quake/menu.c,3983,MOD-013;MOD-014;UI-002;UI-005,literal declaration; registration/equivalence not inferred
MAIN,command,menu_main,M_Menu_Main_f,Quake/menu.c,3985,MOD-013;MOD-014;UI-002;UI-005,literal declaration; registration/equivalence not inferred
MAIN,command,menu_singleplayer,M_Menu_SinglePlayer_f,Quake/menu.c,3986,MOD-013;MOD-014;UI-002;UI-005,literal declaration; registration/equivalence not inferred
MAIN,command,menu_load,M_Menu_Load_f,Quake/menu.c,3987,MOD-013;MOD-014;UI-002;UI-005,literal declaration; registration/equivalence not inferred
MAIN,command,menu_save,M_Menu_Save_f,Quake/menu.c,3988,MOD-013;MOD-014;UI-002;UI-005,literal declaration; registration/equivalence not inferred
MAIN,command,menu_multiplayer,M_Menu_MultiPlayer_f,Quake/menu.c,3989,MOD-013;MOD-014;UI-002;UI-005,literal declaration; registration/equivalence not inferred
MAIN,command,menu_setup,M_Menu_Setup_f,Quake/menu.c,3990,MOD-013;MOD-014;UI-002;UI-005,literal declaration; registration/equivalence not inferred
MAIN,command,menu_options,M_Menu_Options_f,Quake/menu.c,3991,MOD-013;MOD-014;UI-002;UI-005,literal declaration; registration/equivalence not inferred
MAIN,command,menu_keys,M_Menu_Keys_f,Quake/menu.c,3992,MOD-013;MOD-014;UI-002;UI-005,literal declaration; registration/equivalence not inferred
MAIN,command,menu_weapons,M_Menu_Weapons_f,Quake/menu.c,3993,MOD-013;MOD-014;UI-002;UI-005,literal declaration; registration/equivalence not inferred
MAIN,command,menu_voice,M_Menu_Voice_f,Quake/menu.c,3994,MOD-013;MOD-014;UI-002;UI-005,literal declaration; registration/equivalence not inferred
MAIN,command,menu_video,M_Menu_Video_f,Quake/menu.c,3995,MOD-013;MOD-014;UI-002;UI-005,literal declaration; registration/equivalence not inferred
MAIN,command,menu_vr,M_Menu_VR_f,Quake/menu.c,3996,MOD-013;MOD-014;UI-002;UI-005,literal declaration; registration/equivalence not inferred
MAIN,command,menu_mods,M_Menu_Mods_f,Quake/menu.c,3997,MOD-013;MOD-014;UI-002;UI-005,literal declaration; registration/equivalence not inferred
MAIN,command,menu_models,M_Menu_Models_f,Quake/menu.c,3998,MOD-013;MOD-014;UI-002;UI-005,literal declaration; registration/equivalence not inferred
MAIN,command,help,M_Menu_Help_f,Quake/menu.c,3999,MOD-013;MOD-014;UI-002;UI-005,literal declaration; registration/equivalence not inferred
MAIN,command,menu_quit,M_Menu_Quit_f,Quake/menu.c,4000,MOD-013;MOD-014;UI-002;UI-005,literal declaration; registration/equivalence not inferred
MAIN,command,menu_credits,M_Menu_Credits_f,Quake/menu.c,4001,MOD-013;MOD-014;UI-002;UI-005,literal declaration; registration/equivalence not inferred
MAIN,cvar,net_lagdebug,0,Quake/net_dgrm.c,54,NET/COOP/MOVE,literal declaration; registration/equivalence not inferred
MAIN,cvar,net_lagdebug_threshold,0.25,Quake/net_dgrm.c,55,NET/COOP/MOVE,literal declaration; registration/equivalence not inferred
MAIN,cvar,net_lagdebug_frame_threshold,0.05,Quake/net_dgrm.c,56,NET/COOP/MOVE,literal declaration; registration/equivalence not inferred
MAIN,cvar,net_sameip_stale_timeout,3.0,Quake/net_dgrm.c,57,NET/COOP/MOVE,literal declaration; registration/equivalence not inferred
MAIN,cvar,cl_netport,0,Quake/net_dgrm.c,58,NET/COOP/MOVE,literal declaration; registration/equivalence not inferred
MAIN,cvar,cl_portpingprobe_enable,0,Quake/net_dgrm.c,59,NET/COOP/MOVE,literal declaration; registration/equivalence not inferred
MAIN,cvar,cl_portpingprobe_probes,6,Quake/net_dgrm.c,60,NET/COOP/MOVE,literal declaration; registration/equivalence not inferred
MAIN,cvar,cl_portpingprobe_delay,0.20,Quake/net_dgrm.c,61,NET/COOP/MOVE,literal declaration; registration/equivalence not inferred
MAIN,command,net_stats,NET_Stats_f,Quake/net_dgrm.c,1669,NET/COOP/MOVE,literal declaration; registration/equivalence not inferred
MAIN,command,ban,NET_Ban_f,Quake/net_dgrm.c,1698,NET/COOP/MOVE,literal declaration; registration/equivalence not inferred
MAIN,command,test,Test_f,Quake/net_dgrm.c,1700,NET/COOP/MOVE,literal declaration; registration/equivalence not inferred
MAIN,command,test2,Test2_f,Quake/net_dgrm.c,1701,NET/COOP/MOVE,literal declaration; registration/equivalence not inferred
MAIN,cvar,net_messagetimeout,300,Quake/net_main.c,62,NET/COOP/MOVE,literal declaration; registration/equivalence not inferred
MAIN,cvar,net_connecttimeout,10,Quake/net_main.c,63,NET/COOP/MOVE,literal declaration; registration/equivalence not inferred
MAIN,cvar,hostname,UNNAMED,Quake/net_main.c,64,NET/COOP/MOVE,literal declaration; registration/equivalence not inferred
MAIN,command,slist,NET_Slist_f,Quake/net_main.c,938,NET/COOP/MOVE,literal declaration; registration/equivalence not inferred
MAIN,command,listen,NET_Listen_f,Quake/net_main.c,939,NET/COOP/MOVE,literal declaration; registration/equivalence not inferred
MAIN,command,maxplayers,MaxPlayers_f,Quake/net_main.c,940,NET/COOP/MOVE,literal declaration; registration/equivalence not inferred
MAIN,command,port,NET_Port_f,Quake/net_main.c,941,NET/COOP/MOVE,literal declaration; registration/equivalence not inferred
MAIN,cvar,pm_bunnyspeedcap,,Quake/pmove.c,56,MOD-011,literal declaration; registration/equivalence not inferred
MAIN,cvar,pm_bunnyfriction,1,Quake/pmove.c,57,MOD-011,literal declaration; registration/equivalence not inferred
MAIN,cvar,pm_ktjump,,Quake/pmove.c,58,MOD-011,literal declaration; registration/equivalence not inferred
MAIN,cvar,pm_slidefix,1,Quake/pmove.c,59,MOD-011,literal declaration; registration/equivalence not inferred
MAIN,cvar,pm_airstep,,Quake/pmove.c,60,MOD-011,literal declaration; registration/equivalence not inferred
MAIN,cvar,pm_pground,,Quake/pmove.c,61,MOD-011,literal declaration; registration/equivalence not inferred
MAIN,cvar,pm_stepdown,,Quake/pmove.c,62,MOD-011,literal declaration; registration/equivalence not inferred
MAIN,cvar,pm_walljump,,Quake/pmove.c,63,MOD-011,literal declaration; registration/equivalence not inferred
MAIN,cvar,pm_slidyslopes,,Quake/pmove.c,64,MOD-011,literal declaration; registration/equivalence not inferred
MAIN,cvar,pm_autobunny,,Quake/pmove.c,65,MOD-011,literal declaration; registration/equivalence not inferred
MAIN,cvar,pm_watersinkspeed,,Quake/pmove.c,66,MOD-011,literal declaration; registration/equivalence not inferred
MAIN,cvar,pm_flyfriction,,Quake/pmove.c,67,MOD-011,literal declaration; registration/equivalence not inferred
MAIN,cvar,pm_edgefriction,2,Quake/pmove.c,68,MOD-011,literal declaration; registration/equivalence not inferred
MAIN,cvar,pm_stepheight,,Quake/pmove.c,69,MOD-011,literal declaration; registration/equivalence not inferred
MAIN,cvar,sv_airaccelerate,-1,Quake/pmove.c,70,MOD-011,literal declaration; registration/equivalence not inferred
MAIN,cvar,sv_wateraccelerate,-1,Quake/pmove.c,71,MOD-011,literal declaration; registration/equivalence not inferred
MAIN,cvar,sv_waterfriction,4,Quake/pmove.c,72,MOD-011,literal declaration; registration/equivalence not inferred
MAIN,cvar,sv_spectatormaxspeed,500,Quake/pmove.c,73,MOD-011,literal declaration; registration/equivalence not inferred
MAIN,cvar,sv_gameplayfix_random,1,Quake/pr_cmds.c,675,MOD-001;MOD-003;MOD-004;MOD-005;MOD-006;MOD-009;MOD-010;WPN-010,literal declaration; registration/equivalence not inferred
MAIN,cvar,sv_aim,1,Quake/pr_cmds.c,2275,MOD-001;MOD-003;MOD-004;MOD-005;MOD-006;MOD-009;MOD-010;WPN-010,literal declaration; registration/equivalence not inferred
MAIN,cvar,pr_checkextension,1,Quake/pr_cmds.c,2647,MOD-001;MOD-003;MOD-004;MOD-005;MOD-006;MOD-009;MOD-010;WPN-010,literal declaration; registration/equivalence not inferred
MAIN,cvar,nomonsters,0,Quake/pr_edict.c,43,MOD-007;MOD-012;MOD-014,literal declaration; registration/equivalence not inferred
MAIN,cvar,gamecfg,0,Quake/pr_edict.c,44,MOD-007;MOD-012;MOD-014,literal declaration; registration/equivalence not inferred
MAIN,cvar,scratch1,0,Quake/pr_edict.c,45,MOD-007;MOD-012;MOD-014,literal declaration; registration/equivalence not inferred
MAIN,cvar,scratch2,0,Quake/pr_edict.c,46,MOD-007;MOD-012;MOD-014,literal declaration; registration/equivalence not inferred
MAIN,cvar,scratch3,0,Quake/pr_edict.c,47,MOD-007;MOD-012;MOD-014,literal declaration; registration/equivalence not inferred
MAIN,cvar,scratch4,0,Quake/pr_edict.c,48,MOD-007;MOD-012;MOD-014,literal declaration; registration/equivalence not inferred
MAIN,cvar,savedgamecfg,0,Quake/pr_edict.c,49,MOD-007;MOD-012;MOD-014,literal declaration; registration/equivalence not inferred
MAIN,cvar,saved1,0,Quake/pr_edict.c,50,MOD-007;MOD-012;MOD-014,literal declaration; registration/equivalence not inferred
MAIN,cvar,saved2,0,Quake/pr_edict.c,51,MOD-007;MOD-012;MOD-014,literal declaration; registration/equivalence not inferred
MAIN,cvar,saved3,0,Quake/pr_edict.c,52,MOD-007;MOD-012;MOD-014,literal declaration; registration/equivalence not inferred
MAIN,cvar,saved4,0,Quake/pr_edict.c,53,MOD-007;MOD-012;MOD-014,literal declaration; registration/equivalence not inferred
MAIN,command,edict,ED_PrintEdict_f,Quake/pr_edict.c,1817,MOD-007;MOD-012;MOD-014,literal declaration; registration/equivalence not inferred
MAIN,command,edicts,ED_PrintEdicts,Quake/pr_edict.c,1818,MOD-007;MOD-012;MOD-014,literal declaration; registration/equivalence not inferred
MAIN,command,edictcount,ED_Count,Quake/pr_edict.c,1819,MOD-007;MOD-012;MOD-014,literal declaration; registration/equivalence not inferred
MAIN,command,profile,PR_Profile_f,Quake/pr_edict.c,1820,MOD-007;MOD-012;MOD-014,literal declaration; registration/equivalence not inferred
MAIN,cvar,r_alias_batching,1,Quake/r_alias.c,38,AV-006;MOD-008,literal declaration; registration/equivalence not inferred
MAIN,cvar,r_alicia_direct,0,Quake/r_alicia_spike.c,12,AV-009,literal declaration; registration/equivalence not inferred
MAIN,cvar,r_alicia_preview,0,Quake/r_alicia_spike.c,13,AV-009,literal declaration; registration/equivalence not inferred
MAIN,cvar,r_alicia_pose,0,Quake/r_alicia_spike.c,14,AV-009,literal declaration; registration/equivalence not inferred
MAIN,cvar,r_alicia_props,1,Quake/r_alicia_spike.c,15,AV-009,literal declaration; registration/equivalence not inferred
MAIN,command,alicia_spike_stats,AS_Stats,Quake/r_alicia_spike.c,192,AV-009,literal declaration; registration/equivalence not inferred
MAIN,cvar,r_particles,2,Quake/r_part.c,45,PERF/ASSET,literal declaration; registration/equivalence not inferred
MAIN,cvar,r_quadparticles,1,Quake/r_part.c,46,PERF/ASSET,literal declaration; registration/equivalence not inferred
MAIN,cvar,r_bouncysparks,1,Quake/r_part_fte.c,454,MOD-009,literal declaration; registration/equivalence not inferred
MAIN,cvar,r_part_rain,1,Quake/r_part_fte.c,455,MOD-009,literal declaration; registration/equivalence not inferred
MAIN,cvar,r_bloodstains,1,Quake/r_part_fte.c,457,MOD-009,literal declaration; registration/equivalence not inferred
MAIN,cvar,r_decal_noperpendicular,1,Quake/r_part_fte.c,459,MOD-009,literal declaration; registration/equivalence not inferred
MAIN,cvar,r_particledesc,classic,Quake/r_part_fte.c,460,MOD-009,literal declaration; registration/equivalence not inferred
MAIN,cvar,r_part_rain_quantity,1,Quake/r_part_fte.c,461,MOD-009,literal declaration; registration/equivalence not inferred
MAIN,cvar,r_particle_tracelimit,0x7fffffff,Quake/r_part_fte.c,462,MOD-009,literal declaration; registration/equivalence not inferred
MAIN,cvar,r_part_sparks,1,Quake/r_part_fte.c,463,MOD-009,literal declaration; registration/equivalence not inferred
MAIN,cvar,r_part_sparks_trifan,1,Quake/r_part_fte.c,464,MOD-009,literal declaration; registration/equivalence not inferred
MAIN,cvar,r_part_sparks_textured,1,Quake/r_part_fte.c,465,MOD-009,literal declaration; registration/equivalence not inferred
MAIN,cvar,r_part_beams,1,Quake/r_part_fte.c,466,MOD-009,literal declaration; registration/equivalence not inferred
MAIN,cvar,r_part_contentswitch,1,Quake/r_part_fte.c,467,MOD-009,literal declaration; registration/equivalence not inferred
MAIN,cvar,r_part_maxparticles,65536,Quake/r_part_fte.c,469,MOD-009,literal declaration; registration/equivalence not inferred
MAIN,cvar,r_part_maxdecals,8192,Quake/r_part_fte.c,470,MOD-009,literal declaration; registration/equivalence not inferred
MAIN,cvar,r_lightflicker,1,Quake/r_part_fte.c,471,MOD-009,literal declaration; registration/equivalence not inferred
MAIN,command,r_partredirect,P_PartRedirect_f,Quake/r_part_fte.c,3495,MOD-009,literal declaration; registration/equivalence not inferred
MAIN,command,r_partinfo,P_PartInfo_f,Quake/r_part_fte.c,3498,MOD-009,literal declaration; registration/equivalence not inferred
MAIN,command,r_beaminfo,P_BeamInfo_f,Quake/r_part_fte.c,3499,MOD-009,literal declaration; registration/equivalence not inferred
MAIN,cvar,r_gpuworldmark,0,Quake/r_world.c,31,PERF/ASSET,literal declaration; registration/equivalence not inferred
MAIN,cvar,r_gpuworldmark_validate,0,Quake/r_world.c,32,PERF/ASSET,literal declaration; registration/equivalence not inferred
MAIN,command,+showscores,Sbar_ShowScores,Quake/sbar.c,297,AUDIO-005;COOP-009;MOD-002,literal declaration; registration/equivalence not inferred
MAIN,command,-showscores,Sbar_DontShowScores,Quake/sbar.c,298,AUDIO-005;COOP-009;MOD-002,literal declaration; registration/equivalence not inferred
MAIN,cvar,bgmvolume,0.2,Quake/snd_dma.c,75,AUDIO-011,literal declaration; registration/equivalence not inferred
MAIN,cvar,volume,0.2,Quake/snd_dma.c,76,AUDIO-011,literal declaration; registration/equivalence not inferred
MAIN,cvar,precache,1,Quake/snd_dma.c,78,AUDIO-011,literal declaration; registration/equivalence not inferred
MAIN,cvar,loadas8bit,0,Quake/snd_dma.c,79,AUDIO-011,literal declaration; registration/equivalence not inferred
MAIN,cvar,sndspeed,11025,Quake/snd_dma.c,81,AUDIO-011,literal declaration; registration/equivalence not inferred
MAIN,cvar,snd_mixspeed,44100,Quake/snd_dma.c,82,AUDIO-011,literal declaration; registration/equivalence not inferred
MAIN,cvar,nosound,0,Quake/snd_dma.c,93,AUDIO-011,literal declaration; registration/equivalence not inferred
MAIN,cvar,ambient_level,0.3,Quake/snd_dma.c,94,AUDIO-011,literal declaration; registration/equivalence not inferred
MAIN,cvar,ambient_fade,100,Quake/snd_dma.c,95,AUDIO-011,literal declaration; registration/equivalence not inferred
MAIN,cvar,snd_noextraupdate,0,Quake/snd_dma.c,96,AUDIO-011,literal declaration; registration/equivalence not inferred
MAIN,cvar,snd_show,0,Quake/snd_dma.c,97,AUDIO-011,literal declaration; registration/equivalence not inferred
MAIN,cvar,_snd_mixahead,0.1,Quake/snd_dma.c,98,AUDIO-011,literal declaration; registration/equivalence not inferred
MAIN,command,play,S_Play,Quake/snd_dma.c,192,AUDIO-011,literal declaration; registration/equivalence not inferred
MAIN,command,playvol,S_PlayVol,Quake/snd_dma.c,193,AUDIO-011,literal declaration; registration/equivalence not inferred
MAIN,command,stopsound,S_StopAllSoundsC,Quake/snd_dma.c,194,AUDIO-011,literal declaration; registration/equivalence not inferred
MAIN,command,soundlist,S_SoundList,Quake/snd_dma.c,195,AUDIO-011,literal declaration; registration/equivalence not inferred
MAIN,command,soundinfo,S_SoundInfo_f,Quake/snd_dma.c,196,AUDIO-011,literal declaration; registration/equivalence not inferred
MAIN,cvar,snd_hrtf,1,Quake/snd_spatial.c,11,AUDIO-006;AUDIO-007;AUDIO-008;AUDIO-009,literal declaration; registration/equivalence not inferred
MAIN,cvar,snd_spatial_weapons,1,Quake/snd_spatial.c,12,AUDIO-006;AUDIO-007;AUDIO-008;AUDIO-009,literal declaration; registration/equivalence not inferred
MAIN,cvar,voice_radio_filter,1,Quake/snd_spatial.c,16,AUDIO-006;AUDIO-007;AUDIO-008;AUDIO-009,literal declaration; registration/equivalence not inferred
MAIN,cvar,voice_radio_compression,0,Quake/snd_spatial.c,17,AUDIO-006;AUDIO-007;AUDIO-008;AUDIO-009,literal declaration; registration/equivalence not inferred
MAIN,cvar,voice_radio_drive,0,Quake/snd_spatial.c,18,AUDIO-006;AUDIO-007;AUDIO-008;AUDIO-009,literal declaration; registration/equivalence not inferred
MAIN,cvar,snd_occlusion,1,Quake/snd_spatial.c,19,AUDIO-006;AUDIO-007;AUDIO-008;AUDIO-009,literal declaration; registration/equivalence not inferred
MAIN,cvar,snd_reverb,0.25,Quake/snd_spatial.c,20,AUDIO-006;AUDIO-007;AUDIO-008;AUDIO-009,literal declaration; registration/equivalence not inferred
MAIN,cvar,snd_reverb_mode,2,Quake/snd_spatial.c,21,AUDIO-006;AUDIO-007;AUDIO-008;AUDIO-009,literal declaration; registration/equivalence not inferred
MAIN,cvar,snd_reverb_rays,2048,Quake/snd_spatial.c,22,AUDIO-006;AUDIO-007;AUDIO-008;AUDIO-009,literal declaration; registration/equivalence not inferred
MAIN,cvar,snd_reverb_bounces,16,Quake/snd_spatial.c,23,AUDIO-006;AUDIO-007;AUDIO-008;AUDIO-009,literal declaration; registration/equivalence not inferred
MAIN,cvar,voice_reverb,0.12,Quake/snd_spatial.c,24,AUDIO-006;AUDIO-007;AUDIO-008;AUDIO-009,literal declaration; registration/equivalence not inferred
MAIN,command,snd_spatial_status,Spatial_Status_f,Quake/snd_spatial.c,115,AUDIO-006;AUDIO-007;AUDIO-008;AUDIO-009,literal declaration; registration/equivalence not inferred
MAIN,command,snd_spatial_probe,Spatial_Probe_f,Quake/snd_spatial.c,116,AUDIO-006;AUDIO-007;AUDIO-008;AUDIO-009,literal declaration; registration/equivalence not inferred
MAIN,cvar,sv_maxpacketsize,1400,Quake/sv_main.c,134,AUDIO-001;COOP-001;COOP-002;COOP-003;COOP-004;COOP-005;COOP-006;COOP-007;COOP-008;COOP-011;COOP-012;MOD-007;MOVE-002;MOVE-003;MOVE-009;MOVE-012,literal declaration; registration/equivalence not inferred
MAIN,cvar,sv_voice,1,Quake/sv_main.c,135,AUDIO-001;COOP-001;COOP-002;COOP-003;COOP-004;COOP-005;COOP-006;COOP-007;COOP-008;COOP-011;COOP-012;MOD-007;MOVE-002;MOVE-003;MOVE-009;MOVE-012,literal declaration; registration/equivalence not inferred
MAIN,cvar,sv_netdiag_interval,5,Quake/sv_main.c,136,AUDIO-001;COOP-001;COOP-002;COOP-003;COOP-004;COOP-005;COOP-006;COOP-007;COOP-008;COOP-011;COOP-012;MOD-007;MOVE-002;MOVE-003;MOVE-009;MOVE-012,literal declaration; registration/equivalence not inferred
MAIN,cvar,sv_replacement_maxpackets,0,Quake/sv_main.c,137,AUDIO-001;COOP-001;COOP-002;COOP-003;COOP-004;COOP-005;COOP-006;COOP-007;COOP-008;COOP-011;COOP-012;MOD-007;MOVE-002;MOVE-003;MOVE-009;MOVE-012,literal declaration; registration/equivalence not inferred
MAIN,cvar,sv_predict_nqmovement,0,Quake/sv_main.c,138,AUDIO-001;COOP-001;COOP-002;COOP-003;COOP-004;COOP-005;COOP-006;COOP-007;COOP-008;COOP-011;COOP-012;MOD-007;MOVE-002;MOVE-003;MOVE-009;MOVE-012,literal declaration; registration/equivalence not inferred
MAIN,cvar,sv_nopunchangle,0,Quake/sv_main.c,139,AUDIO-001;COOP-001;COOP-002;COOP-003;COOP-004;COOP-005;COOP-006;COOP-007;COOP-008;COOP-011;COOP-012;MOD-007;MOVE-002;MOVE-003;MOVE-009;MOVE-012,literal declaration; registration/equivalence not inferred
MAIN,cvar,sv_akimbo,1,Quake/sv_main.c,140,AUDIO-001;COOP-001;COOP-002;COOP-003;COOP-004;COOP-005;COOP-006;COOP-007;COOP-008;COOP-011;COOP-012;MOD-007;MOVE-002;MOVE-003;MOVE-009;MOVE-012,literal declaration; registration/equivalence not inferred
MAIN,cvar,sv_gorilla,1,Quake/sv_main.c,141,AUDIO-001;COOP-001;COOP-002;COOP-003;COOP-004;COOP-005;COOP-006;COOP-007;COOP-008;COOP-011;COOP-012;MOD-007;MOVE-002;MOVE-003;MOVE-009;MOVE-012,literal declaration; registration/equivalence not inferred
MAIN,cvar,sv_gorilla_trustclient,1,Quake/sv_main.c,142,AUDIO-001;COOP-001;COOP-002;COOP-003;COOP-004;COOP-005;COOP-006;COOP-007;COOP-008;COOP-011;COOP-012;MOD-007;MOVE-002;MOVE-003;MOVE-009;MOVE-012,literal declaration; registration/equivalence not inferred
MAIN,cvar,sv_netsort,1,Quake/sv_main.c,148,AUDIO-001;COOP-001;COOP-002;COOP-003;COOP-004;COOP-005;COOP-006;COOP-007;COOP-008;COOP-011;COOP-012;MOD-007;MOVE-002;MOVE-003;MOVE-009;MOVE-012,literal declaration; registration/equivalence not inferred
MAIN,cvar,sv_coop_classic,0,Quake/sv_main.c,149,AUDIO-001;COOP-001;COOP-002;COOP-003;COOP-004;COOP-005;COOP-006;COOP-007;COOP-008;COOP-011;COOP-012;MOD-007;MOVE-002;MOVE-003;MOVE-009;MOVE-012,literal declaration; registration/equivalence not inferred
MAIN,cvar,sv_coop_notelefrag,-1,Quake/sv_main.c,150,AUDIO-001;COOP-001;COOP-002;COOP-003;COOP-004;COOP-005;COOP-006;COOP-007;COOP-008;COOP-011;COOP-012;MOD-007;MOVE-002;MOVE-003;MOVE-009;MOVE-012,literal declaration; registration/equivalence not inferred
MAIN,cvar,sv_coop_player_teleport_fallback,-1,Quake/sv_main.c,151,AUDIO-001;COOP-001;COOP-002;COOP-003;COOP-004;COOP-005;COOP-006;COOP-007;COOP-008;COOP-011;COOP-012;MOD-007;MOVE-002;MOVE-003;MOVE-009;MOVE-012,literal declaration; registration/equivalence not inferred
MAIN,cvar,sv_coop_shared_pickups,-1,Quake/sv_main.c,152,AUDIO-001;COOP-001;COOP-002;COOP-003;COOP-004;COOP-005;COOP-006;COOP-007;COOP-008;COOP-011;COOP-012;MOD-007;MOVE-002;MOVE-003;MOVE-009;MOVE-012,literal declaration; registration/equivalence not inferred
MAIN,cvar,sv_coop_weapon_targetfix,-1,Quake/sv_main.c,153,AUDIO-001;COOP-001;COOP-002;COOP-003;COOP-004;COOP-005;COOP-006;COOP-007;COOP-008;COOP-011;COOP-012;MOD-007;MOVE-002;MOVE-003;MOVE-009;MOVE-012,literal declaration; registration/equivalence not inferred
MAIN,cvar,sv_coop_pickup_targetlog,0,Quake/sv_main.c,154,AUDIO-001;COOP-001;COOP-002;COOP-003;COOP-004;COOP-005;COOP-006;COOP-007;COOP-008;COOP-011;COOP-012;MOD-007;MOVE-002;MOVE-003;MOVE-009;MOVE-012,literal declaration; registration/equivalence not inferred
MAIN,cvar,sv_coop_pickup_targetfix,0,Quake/sv_main.c,155,AUDIO-001;COOP-001;COOP-002;COOP-003;COOP-004;COOP-005;COOP-006;COOP-007;COOP-008;COOP-011;COOP-012;MOD-007;MOVE-002;MOVE-003;MOVE-009;MOVE-012,literal declaration; registration/equivalence not inferred
MAIN,cvar,sv_coop_pickup_targetfix_classes,,Quake/sv_main.c,156,AUDIO-001;COOP-001;COOP-002;COOP-003;COOP-004;COOP-005;COOP-006;COOP-007;COOP-008;COOP-011;COOP-012;MOD-007;MOVE-002;MOVE-003;MOVE-009;MOVE-012,literal declaration; registration/equivalence not inferred
MAIN,cvar,sv_coop_ammo_respawn,-1,Quake/sv_main.c,157,AUDIO-001;COOP-001;COOP-002;COOP-003;COOP-004;COOP-005;COOP-006;COOP-007;COOP-008;COOP-011;COOP-012;MOD-007;MOVE-002;MOVE-003;MOVE-009;MOVE-012,literal declaration; registration/equivalence not inferred
MAIN,cvar,sv_coop_ammo_respawn_time,30,Quake/sv_main.c,158,AUDIO-001;COOP-001;COOP-002;COOP-003;COOP-004;COOP-005;COOP-006;COOP-007;COOP-008;COOP-011;COOP-012;MOD-007;MOVE-002;MOVE-003;MOVE-009;MOVE-012,literal declaration; registration/equivalence not inferred
MAIN,cvar,sv_coop_progression_item_respawn,-1,Quake/sv_main.c,159,AUDIO-001;COOP-001;COOP-002;COOP-003;COOP-004;COOP-005;COOP-006;COOP-007;COOP-008;COOP-011;COOP-012;MOD-007;MOVE-002;MOVE-003;MOVE-009;MOVE-012,literal declaration; registration/equivalence not inferred
MAIN,cvar,sv_coop_progression_item_respawn_time,5,Quake/sv_main.c,160,AUDIO-001;COOP-001;COOP-002;COOP-003;COOP-004;COOP-005;COOP-006;COOP-007;COOP-008;COOP-011;COOP-012;MOD-007;MOVE-002;MOVE-003;MOVE-009;MOVE-012,literal declaration; registration/equivalence not inferred
MAIN,cvar,sv_coop_progression_item_respawn_classes,item_jboots item_jboots_timed item_artifact_envirosuit item_artifact_wetsuit item_artifact_airtank item_artifact_divingsuit,Quake/sv_main.c,161,AUDIO-001;COOP-001;COOP-002;COOP-003;COOP-004;COOP-005;COOP-006;COOP-007;COOP-008;COOP-011;COOP-012;MOD-007;MOVE-002;MOVE-003;MOVE-009;MOVE-012,literal declaration; registration/equivalence not inferred
MAIN,cvar,sv_coop_revive,-1,Quake/sv_main.c,162,AUDIO-001;COOP-001;COOP-002;COOP-003;COOP-004;COOP-005;COOP-006;COOP-007;COOP-008;COOP-011;COOP-012;MOD-007;MOVE-002;MOVE-003;MOVE-009;MOVE-012,literal declaration; registration/equivalence not inferred
MAIN,cvar,sv_coop_revive_health,25,Quake/sv_main.c,163,AUDIO-001;COOP-001;COOP-002;COOP-003;COOP-004;COOP-005;COOP-006;COOP-007;COOP-008;COOP-011;COOP-012;MOD-007;MOVE-002;MOVE-003;MOVE-009;MOVE-012,literal declaration; registration/equivalence not inferred
MAIN,cvar,sv_coop_revive_range,96,Quake/sv_main.c,164,AUDIO-001;COOP-001;COOP-002;COOP-003;COOP-004;COOP-005;COOP-006;COOP-007;COOP-008;COOP-011;COOP-012;MOD-007;MOVE-002;MOVE-003;MOVE-009;MOVE-012,literal declaration; registration/equivalence not inferred
MAIN,cvar,sv_coop_respawn_near_player,-1,Quake/sv_main.c,165,AUDIO-001;COOP-001;COOP-002;COOP-003;COOP-004;COOP-005;COOP-006;COOP-007;COOP-008;COOP-011;COOP-012;MOD-007;MOVE-002;MOVE-003;MOVE-009;MOVE-012,literal declaration; registration/equivalence not inferred
MAIN,cvar,sv_coop_respawn_delay,10,Quake/sv_main.c,166,AUDIO-001;COOP-001;COOP-002;COOP-003;COOP-004;COOP-005;COOP-006;COOP-007;COOP-008;COOP-011;COOP-012;MOD-007;MOVE-002;MOVE-003;MOVE-009;MOVE-012,literal declaration; registration/equivalence not inferred
MAIN,cvar,sv_coop_respawn_keep_weapons_ammo,-1,Quake/sv_main.c,167,AUDIO-001;COOP-001;COOP-002;COOP-003;COOP-004;COOP-005;COOP-006;COOP-007;COOP-008;COOP-011;COOP-012;MOD-007;MOVE-002;MOVE-003;MOVE-009;MOVE-012,literal declaration; registration/equivalence not inferred
MAIN,cvar,sv_coop_autosave,-1,Quake/sv_main.c,168,AUDIO-001;COOP-001;COOP-002;COOP-003;COOP-004;COOP-005;COOP-006;COOP-007;COOP-008;COOP-011;COOP-012;MOD-007;MOVE-002;MOVE-003;MOVE-009;MOVE-012,literal declaration; registration/equivalence not inferred
MAIN,cvar,sv_coop_autosave_slots,4,Quake/sv_main.c,169,AUDIO-001;COOP-001;COOP-002;COOP-003;COOP-004;COOP-005;COOP-006;COOP-007;COOP-008;COOP-011;COOP-012;MOD-007;MOVE-002;MOVE-003;MOVE-009;MOVE-012,literal declaration; registration/equivalence not inferred
MAIN,cvar,sv_coop_autosave_min_interval,30,Quake/sv_main.c,170,AUDIO-001;COOP-001;COOP-002;COOP-003;COOP-004;COOP-005;COOP-006;COOP-007;COOP-008;COOP-011;COOP-012;MOD-007;MOVE-002;MOVE-003;MOVE-009;MOVE-012,literal declaration; registration/equivalence not inferred
MAIN,cvar,sv_coop_autosave_kill_interval,10,Quake/sv_main.c,171,AUDIO-001;COOP-001;COOP-002;COOP-003;COOP-004;COOP-005;COOP-006;COOP-007;COOP-008;COOP-011;COOP-012;MOD-007;MOVE-002;MOVE-003;MOVE-009;MOVE-012,literal declaration; registration/equivalence not inferred
MAIN,cvar,sv_coop_predictmove,0,Quake/sv_main.c,172,AUDIO-001;COOP-001;COOP-002;COOP-003;COOP-004;COOP-005;COOP-006;COOP-007;COOP-008;COOP-011;COOP-012;MOD-007;MOVE-002;MOVE-003;MOVE-009;MOVE-012,literal declaration; registration/equivalence not inferred
MAIN,cvar,sv_triggerdebug,0,Quake/sv_main.c,173,AUDIO-001;COOP-001;COOP-002;COOP-003;COOP-004;COOP-005;COOP-006;COOP-007;COOP-008;COOP-011;COOP-012;MOD-007;MOVE-002;MOVE-003;MOVE-009;MOVE-012,literal declaration; registration/equivalence not inferred
MAIN,cvar,sv_vr_jump_velocity,297,Quake/sv_main.c,174,AUDIO-001;COOP-001;COOP-002;COOP-003;COOP-004;COOP-005;COOP-006;COOP-007;COOP-008;COOP-011;COOP-012;MOD-007;MOVE-002;MOVE-003;MOVE-009;MOVE-012,literal declaration; registration/equivalence not inferred
MAIN,cvar,sv_skyroom_pvs,1,Quake/sv_main.c,175,AUDIO-001;COOP-001;COOP-002;COOP-003;COOP-004;COOP-005;COOP-006;COOP-007;COOP-008;COOP-011;COOP-012;MOD-007;MOVE-002;MOVE-003;MOVE-009;MOVE-012,literal declaration; registration/equivalence not inferred
MAIN,cvar,sv_immersive_melee,-1,Quake/sv_main.c,177,AUDIO-001;COOP-001;COOP-002;COOP-003;COOP-004;COOP-005;COOP-006;COOP-007;COOP-008;COOP-011;COOP-012;MOD-007;MOVE-002;MOVE-003;MOVE-009;MOVE-012,literal declaration; registration/equivalence not inferred
MAIN,cvar,sv_melee_hitassist,-1,Quake/sv_main.c,178,AUDIO-001;COOP-001;COOP-002;COOP-003;COOP-004;COOP-005;COOP-006;COOP-007;COOP-008;COOP-011;COOP-012;MOD-007;MOVE-002;MOVE-003;MOVE-009;MOVE-012,literal declaration; registration/equivalence not inferred
MAIN,cvar,sv_weapon_collision,-1,Quake/sv_main.c,179,AUDIO-001;COOP-001;COOP-002;COOP-003;COOP-004;COOP-005;COOP-006;COOP-007;COOP-008;COOP-011;COOP-012;MOD-007;MOVE-002;MOVE-003;MOVE-009;MOVE-012,literal declaration; registration/equivalence not inferred
MAIN,command,vr_migrate_movement_defaults,VR_MigrateMovementDefaults_f,Quake/sv_main.c,1182,AUDIO-001;COOP-001;COOP-002;COOP-003;COOP-004;COOP-005;COOP-006;COOP-007;COOP-008;COOP-011;COOP-012;MOD-007;MOVE-002;MOVE-003;MOVE-009;MOVE-012,literal declaration; registration/equivalence not inferred
MAIN,command,netdiag,SV_NetDiag_f,Quake/sv_main.c,1185,AUDIO-001;COOP-001;COOP-002;COOP-003;COOP-004;COOP-005;COOP-006;COOP-007;COOP-008;COOP-011;COOP-012;MOD-007;MOVE-002;MOVE-003;MOVE-009;MOVE-012,literal declaration; registration/equivalence not inferred
MAIN,cvar,sv_friction,4,Quake/sv_phys.c,64,COOP-013;MOD-011;MOD-012,literal declaration; registration/equivalence not inferred
MAIN,cvar,sv_stopspeed,100,Quake/sv_phys.c,65,COOP-013;MOD-011;MOD-012,literal declaration; registration/equivalence not inferred
MAIN,cvar,sv_gravity,800,Quake/sv_phys.c,66,COOP-013;MOD-011;MOD-012,literal declaration; registration/equivalence not inferred
MAIN,cvar,sv_maxvelocity,2000,Quake/sv_phys.c,67,COOP-013;MOD-011;MOD-012,literal declaration; registration/equivalence not inferred
MAIN,cvar,sv_nostep,0,Quake/sv_phys.c,68,COOP-013;MOD-011;MOD-012,literal declaration; registration/equivalence not inferred
MAIN,cvar,sv_freezenonclients,0,Quake/sv_phys.c,69,COOP-013;MOD-011;MOD-012,literal declaration; registration/equivalence not inferred
MAIN,cvar,sv_gameplayfix_spawnbeforethinks,0,Quake/sv_phys.c,70,COOP-013;MOD-011;MOD-012,literal declaration; registration/equivalence not inferred
MAIN,cvar,sv_gameplayfix_elevators,2,Quake/sv_phys.c,4276,COOP-013;MOD-011;MOD-012,literal declaration; registration/equivalence not inferred
MAIN,cvar,edgefriction,2,Quake/sv_user.c,34,NET/COOP/MOVE,literal declaration; registration/equivalence not inferred
MAIN,cvar,sv_idealpitchscale,0.8,Quake/sv_user.c,54,NET/COOP/MOVE,literal declaration; registration/equivalence not inferred
MAIN,cvar,sv_altnoclip,1,Quake/sv_user.c,55,NET/COOP/MOVE,literal declaration; registration/equivalence not inferred
MAIN,cvar,sv_nqplayerphysics,0,Quake/sv_user.c,56,NET/COOP/MOVE,literal declaration; registration/equivalence not inferred
MAIN,cvar,sv_trustedmovement,1,Quake/sv_user.c,57,NET/COOP/MOVE,literal declaration; registration/equivalence not inferred
MAIN,cvar,sv_pmove_mode,1,Quake/sv_user.c,58,NET/COOP/MOVE,literal declaration; registration/equivalence not inferred
MAIN,cvar,sv_inputtimeout,0,Quake/sv_user.c,59,NET/COOP/MOVE,literal declaration; registration/equivalence not inferred
MAIN,cvar,sv_pmove_legacy_preserve_qc_velocity,1,Quake/sv_user.c,60,NET/COOP/MOVE,literal declaration; registration/equivalence not inferred
MAIN,cvar,sv_maxspeed,320,Quake/sv_user.c,497,NET/COOP/MOVE,literal declaration; registration/equivalence not inferred
MAIN,cvar,sv_accelerate,10,Quake/sv_user.c,498,NET/COOP/MOVE,literal declaration; registration/equivalence not inferred
MAIN,cvar,sys_throttle,0.02,Quake/sys_sdl_unix.c,50,PLAT/BASE,literal declaration; registration/equivalence not inferred
MAIN,cvar,sys_throttle,0.02,Quake/sys_sdl_win.c,62,UI-001,literal declaration; registration/equivalence not inferred
MAIN,cvar,scr_ofsx,0,Quake/view.c,36,VR-014,literal declaration; registration/equivalence not inferred
MAIN,cvar,scr_ofsy,0,Quake/view.c,37,VR-014,literal declaration; registration/equivalence not inferred
MAIN,cvar,scr_ofsz,0,Quake/view.c,38,VR-014,literal declaration; registration/equivalence not inferred
MAIN,cvar,cl_rollspeed,200,Quake/view.c,40,VR-014,literal declaration; registration/equivalence not inferred
MAIN,cvar,cl_rollangle,2.0,Quake/view.c,41,VR-014,literal declaration; registration/equivalence not inferred
MAIN,cvar,cl_bob,0.02,Quake/view.c,43,VR-014,literal declaration; registration/equivalence not inferred
MAIN,cvar,cl_bobcycle,0.6,Quake/view.c,44,VR-014,literal declaration; registration/equivalence not inferred
MAIN,cvar,cl_bobup,0.5,Quake/view.c,45,VR-014,literal declaration; registration/equivalence not inferred
MAIN,cvar,v_kicktime,0.5,Quake/view.c,47,VR-014,literal declaration; registration/equivalence not inferred
MAIN,cvar,v_kickroll,0.6,Quake/view.c,48,VR-014,literal declaration; registration/equivalence not inferred
MAIN,cvar,v_kickpitch,0.6,Quake/view.c,49,VR-014,literal declaration; registration/equivalence not inferred
MAIN,cvar,v_gunkick,1,Quake/view.c,50,VR-014,literal declaration; registration/equivalence not inferred
MAIN,cvar,v_iyaw_cycle,2,Quake/view.c,52,VR-014,literal declaration; registration/equivalence not inferred
MAIN,cvar,v_iroll_cycle,0.5,Quake/view.c,53,VR-014,literal declaration; registration/equivalence not inferred
MAIN,cvar,v_ipitch_cycle,1,Quake/view.c,54,VR-014,literal declaration; registration/equivalence not inferred
MAIN,cvar,v_iyaw_level,0.3,Quake/view.c,55,VR-014,literal declaration; registration/equivalence not inferred
MAIN,cvar,v_iroll_level,0.1,Quake/view.c,56,VR-014,literal declaration; registration/equivalence not inferred
MAIN,cvar,v_ipitch_level,0.3,Quake/view.c,57,VR-014,literal declaration; registration/equivalence not inferred
MAIN,cvar,v_idlescale,0,Quake/view.c,59,VR-014,literal declaration; registration/equivalence not inferred
MAIN,cvar,crosshair,0,Quake/view.c,61,VR-014,literal declaration; registration/equivalence not inferred
MAIN,cvar,gl_cshiftpercent,100,Quake/view.c,64,VR-014,literal declaration; registration/equivalence not inferred
MAIN,cvar,gl_cshiftpercent_contents,100,Quake/view.c,65,VR-014,literal declaration; registration/equivalence not inferred
MAIN,cvar,gl_cshiftpercent_damage,100,Quake/view.c,66,VR-014,literal declaration; registration/equivalence not inferred
MAIN,cvar,gl_cshiftpercent_bonus,100,Quake/view.c,67,VR-014,literal declaration; registration/equivalence not inferred
MAIN,cvar,gl_cshiftpercent_powerup,100,Quake/view.c,68,VR-014,literal declaration; registration/equivalence not inferred
MAIN,cvar,r_viewmodel_quake,0,Quake/view.c,70,VR-014,literal declaration; registration/equivalence not inferred
MAIN,cvar,v_centermove,0.15,Quake/view.c,158,VR-014,literal declaration; registration/equivalence not inferred
MAIN,cvar,v_centerspeed,500,Quake/view.c,159,VR-014,literal declaration; registration/equivalence not inferred
MAIN,command,v_cshift,V_cshift_f,Quake/view.c,1049,VR-014,literal declaration; registration/equivalence not inferred
MAIN,command,bf,V_BonusFlash_f,Quake/view.c,1050,VR-014,literal declaration; registration/equivalence not inferred
MAIN,command,centerview,V_StartPitchDrift,Quake/view.c,1051,VR-014,literal declaration; registration/equivalence not inferred
MAIN,cvar,voice_receive,1,Quake/voice.c,47,AUDIO-001;AUDIO-002;AUDIO-003;AUDIO-004;AUDIO-005;AUDIO-007;AUDIO-010,literal declaration; registration/equivalence not inferred
MAIN,cvar,voice_transmit,0,Quake/voice.c,50,AUDIO-001;AUDIO-002;AUDIO-003;AUDIO-004;AUDIO-005;AUDIO-007;AUDIO-010,literal declaration; registration/equivalence not inferred
MAIN,cvar,voice_self_reverb,0,Quake/voice.c,51,AUDIO-001;AUDIO-002;AUDIO-003;AUDIO-004;AUDIO-005;AUDIO-007;AUDIO-010,literal declaration; registration/equivalence not inferred
MAIN,cvar,voice_self_reverb_volume,0.6,Quake/voice.c,52,AUDIO-001;AUDIO-002;AUDIO-003;AUDIO-004;AUDIO-005;AUDIO-007;AUDIO-010,literal declaration; registration/equivalence not inferred
MAIN,cvar,voice_mode,0,Quake/voice.c,53,AUDIO-001;AUDIO-002;AUDIO-003;AUDIO-004;AUDIO-005;AUDIO-007;AUDIO-010,literal declaration; registration/equivalence not inferred
MAIN,cvar,voice_input_device,,Quake/voice.c,54,AUDIO-001;AUDIO-002;AUDIO-003;AUDIO-004;AUDIO-005;AUDIO-007;AUDIO-010,literal declaration; registration/equivalence not inferred
MAIN,cvar,voice_input_gain,1,Quake/voice.c,55,AUDIO-001;AUDIO-002;AUDIO-003;AUDIO-004;AUDIO-005;AUDIO-007;AUDIO-010,literal declaration; registration/equivalence not inferred
MAIN,cvar,voice_vad_sensitivity,55,Quake/voice.c,56,AUDIO-001;AUDIO-002;AUDIO-003;AUDIO-004;AUDIO-005;AUDIO-007;AUDIO-010,literal declaration; registration/equivalence not inferred
MAIN,cvar,voice_volume,1,Quake/voice.c,57,AUDIO-001;AUDIO-002;AUDIO-003;AUDIO-004;AUDIO-005;AUDIO-007;AUDIO-010,literal declaration; registration/equivalence not inferred
MAIN,cvar,voice_radio_volume,0.45,Quake/voice.c,58,AUDIO-001;AUDIO-002;AUDIO-003;AUDIO-004;AUDIO-005;AUDIO-007;AUDIO-010,literal declaration; registration/equivalence not inferred
MAIN,cvar,voice_spatial_distance,768,Quake/voice.c,59,AUDIO-001;AUDIO-002;AUDIO-003;AUDIO-004;AUDIO-005;AUDIO-007;AUDIO-010,literal declaration; registration/equivalence not inferred
MAIN,cvar,voice_positional_only,0,Quake/voice.c,60,AUDIO-001;AUDIO-002;AUDIO-003;AUDIO-004;AUDIO-005;AUDIO-007;AUDIO-010,literal declaration; registration/equivalence not inferred
MAIN,cvar,voice_hud,1,Quake/voice.c,61,AUDIO-001;AUDIO-002;AUDIO-003;AUDIO-004;AUDIO-005;AUDIO-007;AUDIO-010,literal declaration; registration/equivalence not inferred
MAIN,command,voice_list_devices,Voice_ListDevices_f,Quake/voice.c,567,AUDIO-001;AUDIO-002;AUDIO-003;AUDIO-004;AUDIO-005;AUDIO-007;AUDIO-010,literal declaration; registration/equivalence not inferred
MAIN,command,voice_restart,Voice_Restart_f,Quake/voice.c,568,AUDIO-001;AUDIO-002;AUDIO-003;AUDIO-004;AUDIO-005;AUDIO-007;AUDIO-010,literal declaration; registration/equivalence not inferred
MAIN,command,voice_status,Voice_Status_f,Quake/voice.c,569,AUDIO-001;AUDIO-002;AUDIO-003;AUDIO-004;AUDIO-005;AUDIO-007;AUDIO-010,literal declaration; registration/equivalence not inferred
MAIN,command,voice_mute,Voice_Mute_f,Quake/voice.c,570,AUDIO-001;AUDIO-002;AUDIO-003;AUDIO-004;AUDIO-005;AUDIO-007;AUDIO-010,literal declaration; registration/equivalence not inferred
MAIN,command,voice_player_volume,Voice_PlayerVolume_f,Quake/voice.c,571,AUDIO-001;AUDIO-002;AUDIO-003;AUDIO-004;AUDIO-005;AUDIO-007;AUDIO-010,literal declaration; registration/equivalence not inferred
MAIN,command,+voicerecord,Voice_PTTCommand_f,Quake/voice.c,572,AUDIO-001;AUDIO-002;AUDIO-003;AUDIO-004;AUDIO-005;AUDIO-007;AUDIO-010,literal declaration; registration/equivalence not inferred
MAIN,command,-voicerecord,Voice_PTTCommand_f,Quake/voice.c,573,AUDIO-001;AUDIO-002;AUDIO-003;AUDIO-004;AUDIO-005;AUDIO-007;AUDIO-010,literal declaration; registration/equivalence not inferred
MAIN,command,vr_migrate_hud_defaults,VR_MigrateHudDefaults_f,Quake/vr.c,8452,AUDIO-003;AV-002;FBT-002;FBT-003;FBT-005;MOD-013;MOVE-001;MOVE-008;MOVE-009;PERF-F001;UI-006;VR-001;VR-002;VR-003;VR-004;VR-005;VR-006;VR-007;VR-008;VR-009;VR-010;VR-011;VR-012;VR-013;VR-014;VR-015;VR-016;WPN-001;WPN-002;WPN-003;WPN-004;WPN-005;WPN-006;WPN-007;WPN-008;WPN-009;WPN-010;WPN-011;WPN-012;XR-004;XR-009,literal declaration; registration/equivalence not inferred
MAIN,command,vr_weaponlist,VR_WeaponList_f,Quake/vr.c,8461,AUDIO-003;AV-002;FBT-002;FBT-003;FBT-005;MOD-013;MOVE-001;MOVE-008;MOVE-009;PERF-F001;UI-006;VR-001;VR-002;VR-003;VR-004;VR-005;VR-006;VR-007;VR-008;VR-009;VR-010;VR-011;VR-012;VR-013;VR-014;VR-015;VR-016;WPN-001;WPN-002;WPN-003;WPN-004;WPN-005;WPN-006;WPN-007;WPN-008;WPN-009;WPN-010;WPN-011;WPN-012;XR-004;XR-009,literal declaration; registration/equivalence not inferred
MAIN,command,vr_migrate_mod_bindings,VR_MigrateModBindings_f,Quake/vr.c,8462,AUDIO-003;AV-002;FBT-002;FBT-003;FBT-005;MOD-013;MOVE-001;MOVE-008;MOVE-009;PERF-F001;UI-006;VR-001;VR-002;VR-003;VR-004;VR-005;VR-006;VR-007;VR-008;VR-009;VR-010;VR-011;VR-012;VR-013;VR-014;VR-015;VR-016;WPN-001;WPN-002;WPN-003;WPN-004;WPN-005;WPN-006;WPN-007;WPN-008;WPN-009;WPN-010;WPN-011;WPN-012;XR-004;XR-009,literal declaration; registration/equivalence not inferred
MAIN,command,vr_fbt_list,VR_FBT_List_f,Quake/vr.c,8463,AUDIO-003;AV-002;FBT-002;FBT-003;FBT-005;MOD-013;MOVE-001;MOVE-008;MOVE-009;PERF-F001;UI-006;VR-001;VR-002;VR-003;VR-004;VR-005;VR-006;VR-007;VR-008;VR-009;VR-010;VR-011;VR-012;VR-013;VR-014;VR-015;VR-016;WPN-001;WPN-002;WPN-003;WPN-004;WPN-005;WPN-006;WPN-007;WPN-008;WPN-009;WPN-010;WPN-011;WPN-012;XR-004;XR-009,literal declaration; registration/equivalence not inferred
MAIN,command,vr_fbt_assign,VR_FBT_Assign_f,Quake/vr.c,8464,AUDIO-003;AV-002;FBT-002;FBT-003;FBT-005;MOD-013;MOVE-001;MOVE-008;MOVE-009;PERF-F001;UI-006;VR-001;VR-002;VR-003;VR-004;VR-005;VR-006;VR-007;VR-008;VR-009;VR-010;VR-011;VR-012;VR-013;VR-014;VR-015;VR-016;WPN-001;WPN-002;WPN-003;WPN-004;WPN-005;WPN-006;WPN-007;WPN-008;WPN-009;WPN-010;WPN-011;WPN-012;XR-004;XR-009,literal declaration; registration/equivalence not inferred
MAIN,command,vr_fbt_unassign,VR_FBT_Unassign_f,Quake/vr.c,8465,AUDIO-003;AV-002;FBT-002;FBT-003;FBT-005;MOD-013;MOVE-001;MOVE-008;MOVE-009;PERF-F001;UI-006;VR-001;VR-002;VR-003;VR-004;VR-005;VR-006;VR-007;VR-008;VR-009;VR-010;VR-011;VR-012;VR-013;VR-014;VR-015;VR-016;WPN-001;WPN-002;WPN-003;WPN-004;WPN-005;WPN-006;WPN-007;WPN-008;WPN-009;WPN-010;WPN-011;WPN-012;XR-004;XR-009,literal declaration; registration/equivalence not inferred
MAIN,command,vr_fbt_rescan,VR_FBT_Rescan_f,Quake/vr.c,8466,AUDIO-003;AV-002;FBT-002;FBT-003;FBT-005;MOD-013;MOVE-001;MOVE-008;MOVE-009;PERF-F001;UI-006;VR-001;VR-002;VR-003;VR-004;VR-005;VR-006;VR-007;VR-008;VR-009;VR-010;VR-011;VR-012;VR-013;VR-014;VR-015;VR-016;WPN-001;WPN-002;WPN-003;WPN-004;WPN-005;WPN-006;WPN-007;WPN-008;WPN-009;WPN-010;WPN-011;WPN-012;XR-004;XR-009,literal declaration; registration/equivalence not inferred
MAIN,command,vr_fbt_profile_list,VR_FBT_ProfileList_f,Quake/vr.c,8467,AUDIO-003;AV-002;FBT-002;FBT-003;FBT-005;MOD-013;MOVE-001;MOVE-008;MOVE-009;PERF-F001;UI-006;VR-001;VR-002;VR-003;VR-004;VR-005;VR-006;VR-007;VR-008;VR-009;VR-010;VR-011;VR-012;VR-013;VR-014;VR-015;VR-016;WPN-001;WPN-002;WPN-003;WPN-004;WPN-005;WPN-006;WPN-007;WPN-008;WPN-009;WPN-010;WPN-011;WPN-012;XR-004;XR-009,literal declaration; registration/equivalence not inferred
MAIN,command,vr_fbt_profile_select,VR_FBT_ProfileSelect_f,Quake/vr.c,8468,AUDIO-003;AV-002;FBT-002;FBT-003;FBT-005;MOD-013;MOVE-001;MOVE-008;MOVE-009;PERF-F001;UI-006;VR-001;VR-002;VR-003;VR-004;VR-005;VR-006;VR-007;VR-008;VR-009;VR-010;VR-011;VR-012;VR-013;VR-014;VR-015;VR-016;WPN-001;WPN-002;WPN-003;WPN-004;WPN-005;WPN-006;WPN-007;WPN-008;WPN-009;WPN-010;WPN-011;WPN-012;XR-004;XR-009,literal declaration; registration/equivalence not inferred
MAIN,command,vr_fbt_profile_save,VR_FBT_ProfileSave_f,Quake/vr.c,8469,AUDIO-003;AV-002;FBT-002;FBT-003;FBT-005;MOD-013;MOVE-001;MOVE-008;MOVE-009;PERF-F001;UI-006;VR-001;VR-002;VR-003;VR-004;VR-005;VR-006;VR-007;VR-008;VR-009;VR-010;VR-011;VR-012;VR-013;VR-014;VR-015;VR-016;WPN-001;WPN-002;WPN-003;WPN-004;WPN-005;WPN-006;WPN-007;WPN-008;WPN-009;WPN-010;WPN-011;WPN-012;XR-004;XR-009,literal declaration; registration/equivalence not inferred
MAIN,command,vr_fbt_profile_reset,VR_FBT_ProfileReset_f,Quake/vr.c,8470,AUDIO-003;AV-002;FBT-002;FBT-003;FBT-005;MOD-013;MOVE-001;MOVE-008;MOVE-009;PERF-F001;UI-006;VR-001;VR-002;VR-003;VR-004;VR-005;VR-006;VR-007;VR-008;VR-009;VR-010;VR-011;VR-012;VR-013;VR-014;VR-015;VR-016;WPN-001;WPN-002;WPN-003;WPN-004;WPN-005;WPN-006;WPN-007;WPN-008;WPN-009;WPN-010;WPN-011;WPN-012;XR-004;XR-009,literal declaration; registration/equivalence not inferred
MAIN,command,vr_fbt_calibrate_begin,VR_FBT_CalibrateBegin_f,Quake/vr.c,8471,AUDIO-003;AV-002;FBT-002;FBT-003;FBT-005;MOD-013;MOVE-001;MOVE-008;MOVE-009;PERF-F001;UI-006;VR-001;VR-002;VR-003;VR-004;VR-005;VR-006;VR-007;VR-008;VR-009;VR-010;VR-011;VR-012;VR-013;VR-014;VR-015;VR-016;WPN-001;WPN-002;WPN-003;WPN-004;WPN-005;WPN-006;WPN-007;WPN-008;WPN-009;WPN-010;WPN-011;WPN-012;XR-004;XR-009,literal declaration; registration/equivalence not inferred
MAIN,command,vr_fbt_calibrate_capture,VR_FBT_CalibrateCapture_f,Quake/vr.c,8472,AUDIO-003;AV-002;FBT-002;FBT-003;FBT-005;MOD-013;MOVE-001;MOVE-008;MOVE-009;PERF-F001;UI-006;VR-001;VR-002;VR-003;VR-004;VR-005;VR-006;VR-007;VR-008;VR-009;VR-010;VR-011;VR-012;VR-013;VR-014;VR-015;VR-016;WPN-001;WPN-002;WPN-003;WPN-004;WPN-005;WPN-006;WPN-007;WPN-008;WPN-009;WPN-010;WPN-011;WPN-012;XR-004;XR-009,literal declaration; registration/equivalence not inferred
MAIN,command,vr_fbt_calibrate_accept,VR_FBT_CalibrateAccept_f,Quake/vr.c,8473,AUDIO-003;AV-002;FBT-002;FBT-003;FBT-005;MOD-013;MOVE-001;MOVE-008;MOVE-009;PERF-F001;UI-006;VR-001;VR-002;VR-003;VR-004;VR-005;VR-006;VR-007;VR-008;VR-009;VR-010;VR-011;VR-012;VR-013;VR-014;VR-015;VR-016;WPN-001;WPN-002;WPN-003;WPN-004;WPN-005;WPN-006;WPN-007;WPN-008;WPN-009;WPN-010;WPN-011;WPN-012;XR-004;XR-009,literal declaration; registration/equivalence not inferred
MAIN,command,vr_fbt_calibrate_cancel,VR_FBT_CalibrateCancel_f,Quake/vr.c,8474,AUDIO-003;AV-002;FBT-002;FBT-003;FBT-005;MOD-013;MOVE-001;MOVE-008;MOVE-009;PERF-F001;UI-006;VR-001;VR-002;VR-003;VR-004;VR-005;VR-006;VR-007;VR-008;VR-009;VR-010;VR-011;VR-012;VR-013;VR-014;VR-015;VR-016;WPN-001;WPN-002;WPN-003;WPN-004;WPN-005;WPN-006;WPN-007;WPN-008;WPN-009;WPN-010;WPN-011;WPN-012;XR-004;XR-009,literal declaration; registration/equivalence not inferred
MAIN,command,vradjustweapon,VR_AdjustWeapon_f,Quake/vr.c,8521,AUDIO-003;AV-002;FBT-002;FBT-003;FBT-005;MOD-013;MOVE-001;MOVE-008;MOVE-009;PERF-F001;UI-006;VR-001;VR-002;VR-003;VR-004;VR-005;VR-006;VR-007;VR-008;VR-009;VR-010;VR-011;VR-012;VR-013;VR-014;VR-015;VR-016;WPN-001;WPN-002;WPN-003;WPN-004;WPN-005;WPN-006;WPN-007;WPN-008;WPN-009;WPN-010;WPN-011;WPN-012;XR-004;XR-009,literal declaration; registration/equivalence not inferred
MAIN,command,vradjustmpweapon,VR_AdjustMPWeapon_f,Quake/vr.c,8522,AUDIO-003;AV-002;FBT-002;FBT-003;FBT-005;MOD-013;MOVE-001;MOVE-008;MOVE-009;PERF-F001;UI-006;VR-001;VR-002;VR-003;VR-004;VR-005;VR-006;VR-007;VR-008;VR-009;VR-010;VR-011;VR-012;VR-013;VR-014;VR-015;VR-016;WPN-001;WPN-002;WPN-003;WPN-004;WPN-005;WPN-006;WPN-007;WPN-008;WPN-009;WPN-010;WPN-011;WPN-012;XR-004;XR-009,literal declaration; registration/equivalence not inferred
MAIN,command,vradjustmuzzle,VR_AdjustMuzzle_f,Quake/vr.c,8523,AUDIO-003;AV-002;FBT-002;FBT-003;FBT-005;MOD-013;MOVE-001;MOVE-008;MOVE-009;PERF-F001;UI-006;VR-001;VR-002;VR-003;VR-004;VR-005;VR-006;VR-007;VR-008;VR-009;VR-010;VR-011;VR-012;VR-013;VR-014;VR-015;VR-016;WPN-001;WPN-002;WPN-003;WPN-004;WPN-005;WPN-006;WPN-007;WPN-008;WPN-009;WPN-010;WPN-011;WPN-012;XR-004;XR-009,literal declaration; registration/equivalence not inferred
MAIN,command,vradjustmpmuzzle,VR_AdjustMPMuzzle_f,Quake/vr.c,8524,AUDIO-003;AV-002;FBT-002;FBT-003;FBT-005;MOD-013;MOVE-001;MOVE-008;MOVE-009;PERF-F001;UI-006;VR-001;VR-002;VR-003;VR-004;VR-005;VR-006;VR-007;VR-008;VR-009;VR-010;VR-011;VR-012;VR-013;VR-014;VR-015;VR-016;WPN-001;WPN-002;WPN-003;WPN-004;WPN-005;WPN-006;WPN-007;WPN-008;WPN-009;WPN-010;WPN-011;WPN-012;XR-004;XR-009,literal declaration; registration/equivalence not inferred
MAIN,command,vrweaponoffsetglobal,VR_GlobalWeaponOffset_f,Quake/vr.c,8525,AUDIO-003;AV-002;FBT-002;FBT-003;FBT-005;MOD-013;MOVE-001;MOVE-008;MOVE-009;PERF-F001;UI-006;VR-001;VR-002;VR-003;VR-004;VR-005;VR-006;VR-007;VR-008;VR-009;VR-010;VR-011;VR-012;VR-013;VR-014;VR-015;VR-016;WPN-001;WPN-002;WPN-003;WPN-004;WPN-005;WPN-006;WPN-007;WPN-008;WPN-009;WPN-010;WPN-011;WPN-012;XR-004;XR-009,literal declaration; registration/equivalence not inferred
MAIN,command,vrglobalweaponoffset,VR_GlobalWeaponOffset_f,Quake/vr.c,8526,AUDIO-003;AV-002;FBT-002;FBT-003;FBT-005;MOD-013;MOVE-001;MOVE-008;MOVE-009;PERF-F001;UI-006;VR-001;VR-002;VR-003;VR-004;VR-005;VR-006;VR-007;VR-008;VR-009;VR-010;VR-011;VR-012;VR-013;VR-014;VR-015;VR-016;WPN-001;WPN-002;WPN-003;WPN-004;WPN-005;WPN-006;WPN-007;WPN-008;WPN-009;WPN-010;WPN-011;WPN-012;XR-004;XR-009,literal declaration; registration/equivalence not inferred
MAIN,command,vr_defaultbindings,VR_DefaultBindings_f,Quake/vr.c,8527,AUDIO-003;AV-002;FBT-002;FBT-003;FBT-005;MOD-013;MOVE-001;MOVE-008;MOVE-009;PERF-F001;UI-006;VR-001;VR-002;VR-003;VR-004;VR-005;VR-006;VR-007;VR-008;VR-009;VR-010;VR-011;VR-012;VR-013;VR-014;VR-015;VR-016;WPN-001;WPN-002;WPN-003;WPN-004;WPN-005;WPN-006;WPN-007;WPN-008;WPN-009;WPN-010;WPN-011;WPN-012;XR-004;XR-009,literal declaration; registration/equivalence not inferred
MAIN,command,flush,Cache_Flush,Quake/zone.c,1044,PERF/ASSET,literal declaration; registration/equivalence not inferred
MAIN,command,hunk_print,Hunk_Print_f,Quake/zone.c,1197,PERF/ASSET,literal declaration; registration/equivalence not inferred
XR,command,addon_refresh,AddonCatalog_Refresh,Quake/addon_catalog.c,360,UI-003,literal declaration; registration/equivalence not inferred
XR,command,addon_cancel,AddonCatalog_Cancel,Quake/addon_catalog.c,361,UI-003,literal declaration; registration/equivalence not inferred
XR,cvar,bgm_extmusic,1,Quake/bgmusic.c,33,AUDIO-011,literal declaration; registration/equivalence not inferred
XR,command,music,BGM_Play_f,Quake/bgmusic.c,140,AUDIO-011,literal declaration; registration/equivalence not inferred
XR,command,music_pause,BGM_Pause_f,Quake/bgmusic.c,141,AUDIO-011,literal declaration; registration/equivalence not inferred
XR,command,music_resume,BGM_Resume_f,Quake/bgmusic.c,142,AUDIO-011,literal declaration; registration/equivalence not inferred
XR,command,music_loop,BGM_Loop_f,Quake/bgmusic.c,143,AUDIO-011,literal declaration; registration/equivalence not inferred
XR,command,music_stop,BGM_Stop_f,Quake/bgmusic.c,144,AUDIO-011,literal declaration; registration/equivalence not inferred
XR,command,music_jump,BGM_Jump_f,Quake/bgmusic.c,145,AUDIO-011,literal declaration; registration/equivalence not inferred
XR,command,cd,CD_f,Quake/cd_sdl.c,567,PLAT/BASE,literal declaration; registration/equivalence not inferred
XR,cvar,chase_back,100,Quake/chase.c,26,PLAT/BASE,literal declaration; registration/equivalence not inferred
XR,cvar,chase_up,16,Quake/chase.c,27,PLAT/BASE,literal declaration; registration/equivalence not inferred
XR,cvar,chase_right,0,Quake/chase.c,28,PLAT/BASE,literal declaration; registration/equivalence not inferred
XR,cvar,chase_active,0,Quake/chase.c,29,PLAT/BASE,literal declaration; registration/equivalence not inferred
XR,cvar,cl_iDrive,1,Quake/cl_input.c,37,MOD-013,literal declaration; registration/equivalence not inferred
XR,cvar,cl_nettest_vr,0,Quake/cl_input.c,38,MOD-013,literal declaration; registration/equivalence not inferred
XR,cvar,cl_nettest_roomscale_x,0,Quake/cl_input.c,39,MOD-013,literal declaration; registration/equivalence not inferred
XR,cvar,cl_nettest_roomscale_y,0,Quake/cl_input.c,40,MOD-013,literal declaration; registration/equivalence not inferred
XR,cvar,cl_nettest_roomscale_z,0,Quake/cl_input.c,41,MOD-013,literal declaration; registration/equivalence not inferred
XR,cvar,cl_nettest_hand_x,16,Quake/cl_input.c,42,MOD-013,literal declaration; registration/equivalence not inferred
XR,cvar,cl_nettest_hand_y,0,Quake/cl_input.c,43,MOD-013,literal declaration; registration/equivalence not inferred
XR,cvar,cl_nettest_hand_z,16,Quake/cl_input.c,44,MOD-013,literal declaration; registration/equivalence not inferred
XR,cvar,cl_upspeed,200,Quake/cl_input.c,320,MOD-013,literal declaration; registration/equivalence not inferred
XR,cvar,cl_forwardspeed,200,Quake/cl_input.c,321,MOD-013,literal declaration; registration/equivalence not inferred
XR,cvar,cl_backspeed,200,Quake/cl_input.c,322,MOD-013,literal declaration; registration/equivalence not inferred
XR,cvar,cl_sidespeed,350,Quake/cl_input.c,323,MOD-013,literal declaration; registration/equivalence not inferred
XR,cvar,cl_desktop_vanilla_run,1,Quake/cl_input.c,324,MOD-013,literal declaration; registration/equivalence not inferred
XR,cvar,cl_predictmove,1,Quake/cl_input.c,325,MOD-013,literal declaration; registration/equivalence not inferred
XR,cvar,cl_nopred,0,Quake/cl_input.c,326,MOD-013,literal declaration; registration/equivalence not inferred
XR,cvar,cl_movespeedkey,2.0,Quake/cl_input.c,328,MOD-013,literal declaration; registration/equivalence not inferred
XR,cvar,cl_yawspeed,140,Quake/cl_input.c,330,MOD-013,literal declaration; registration/equivalence not inferred
XR,cvar,cl_pitchspeed,150,Quake/cl_input.c,331,MOD-013,literal declaration; registration/equivalence not inferred
XR,cvar,cl_anglespeedkey,1.5,Quake/cl_input.c,333,MOD-013,literal declaration; registration/equivalence not inferred
XR,cvar,cl_alwaysrun,0,Quake/cl_input.c,335,MOD-013,literal declaration; registration/equivalence not inferred
XR,command,+moveup,IN_UpDown,Quake/cl_input.c,1281,MOD-013,literal declaration; registration/equivalence not inferred
XR,command,-moveup,IN_UpUp,Quake/cl_input.c,1282,MOD-013,literal declaration; registration/equivalence not inferred
XR,command,+movedown,IN_DownDown,Quake/cl_input.c,1283,MOD-013,literal declaration; registration/equivalence not inferred
XR,command,-movedown,IN_DownUp,Quake/cl_input.c,1284,MOD-013,literal declaration; registration/equivalence not inferred
XR,command,+left,IN_LeftDown,Quake/cl_input.c,1285,MOD-013,literal declaration; registration/equivalence not inferred
XR,command,-left,IN_LeftUp,Quake/cl_input.c,1286,MOD-013,literal declaration; registration/equivalence not inferred
XR,command,+right,IN_RightDown,Quake/cl_input.c,1287,MOD-013,literal declaration; registration/equivalence not inferred
XR,command,-right,IN_RightUp,Quake/cl_input.c,1288,MOD-013,literal declaration; registration/equivalence not inferred
XR,command,+forward,IN_ForwardDown,Quake/cl_input.c,1289,MOD-013,literal declaration; registration/equivalence not inferred
XR,command,-forward,IN_ForwardUp,Quake/cl_input.c,1290,MOD-013,literal declaration; registration/equivalence not inferred
XR,command,+back,IN_BackDown,Quake/cl_input.c,1291,MOD-013,literal declaration; registration/equivalence not inferred
XR,command,-back,IN_BackUp,Quake/cl_input.c,1292,MOD-013,literal declaration; registration/equivalence not inferred
XR,command,+lookup,IN_LookupDown,Quake/cl_input.c,1293,MOD-013,literal declaration; registration/equivalence not inferred
XR,command,-lookup,IN_LookupUp,Quake/cl_input.c,1294,MOD-013,literal declaration; registration/equivalence not inferred
XR,command,+lookdown,IN_LookdownDown,Quake/cl_input.c,1295,MOD-013,literal declaration; registration/equivalence not inferred
XR,command,-lookdown,IN_LookdownUp,Quake/cl_input.c,1296,MOD-013,literal declaration; registration/equivalence not inferred
XR,command,+strafe,IN_StrafeDown,Quake/cl_input.c,1297,MOD-013,literal declaration; registration/equivalence not inferred
XR,command,-strafe,IN_StrafeUp,Quake/cl_input.c,1298,MOD-013,literal declaration; registration/equivalence not inferred
XR,command,+moveleft,IN_MoveleftDown,Quake/cl_input.c,1299,MOD-013,literal declaration; registration/equivalence not inferred
XR,command,-moveleft,IN_MoveleftUp,Quake/cl_input.c,1300,MOD-013,literal declaration; registration/equivalence not inferred
XR,command,+moveright,IN_MoverightDown,Quake/cl_input.c,1301,MOD-013,literal declaration; registration/equivalence not inferred
XR,command,-moveright,IN_MoverightUp,Quake/cl_input.c,1302,MOD-013,literal declaration; registration/equivalence not inferred
XR,command,+speed,IN_SpeedDown,Quake/cl_input.c,1303,MOD-013,literal declaration; registration/equivalence not inferred
XR,command,-speed,IN_SpeedUp,Quake/cl_input.c,1304,MOD-013,literal declaration; registration/equivalence not inferred
XR,command,+attack,IN_AttackDown,Quake/cl_input.c,1305,MOD-013,literal declaration; registration/equivalence not inferred
XR,command,-attack,IN_AttackUp,Quake/cl_input.c,1306,MOD-013,literal declaration; registration/equivalence not inferred
XR,command,+use,IN_UseDown,Quake/cl_input.c,1307,MOD-013,literal declaration; registration/equivalence not inferred
XR,command,-use,IN_UseUp,Quake/cl_input.c,1308,MOD-013,literal declaration; registration/equivalence not inferred
XR,command,+button3,IN_Button3Down,Quake/cl_input.c,1309,MOD-013,literal declaration; registration/equivalence not inferred
XR,command,-button3,IN_Button3Up,Quake/cl_input.c,1310,MOD-013,literal declaration; registration/equivalence not inferred
XR,command,+button4,IN_Button4Down,Quake/cl_input.c,1311,MOD-013,literal declaration; registration/equivalence not inferred
XR,command,-button4,IN_Button4Up,Quake/cl_input.c,1312,MOD-013,literal declaration; registration/equivalence not inferred
XR,command,+button5,IN_Button5Down,Quake/cl_input.c,1313,MOD-013,literal declaration; registration/equivalence not inferred
XR,command,-button5,IN_Button5Up,Quake/cl_input.c,1314,MOD-013,literal declaration; registration/equivalence not inferred
XR,command,+button6,IN_Button6Down,Quake/cl_input.c,1315,MOD-013,literal declaration; registration/equivalence not inferred
XR,command,-button6,IN_Button6Up,Quake/cl_input.c,1316,MOD-013,literal declaration; registration/equivalence not inferred
XR,command,+button7,IN_Button7Down,Quake/cl_input.c,1317,MOD-013,literal declaration; registration/equivalence not inferred
XR,command,-button7,IN_Button7Up,Quake/cl_input.c,1318,MOD-013,literal declaration; registration/equivalence not inferred
XR,command,+button8,IN_Button8Down,Quake/cl_input.c,1319,MOD-013,literal declaration; registration/equivalence not inferred
XR,command,-button8,IN_Button8Up,Quake/cl_input.c,1320,MOD-013,literal declaration; registration/equivalence not inferred
XR,command,+jump,IN_JumpDown,Quake/cl_input.c,1321,MOD-013,literal declaration; registration/equivalence not inferred
XR,command,-jump,IN_JumpUp,Quake/cl_input.c,1322,MOD-013,literal declaration; registration/equivalence not inferred
XR,command,impulse,IN_Impulse,Quake/cl_input.c,1323,MOD-013,literal declaration; registration/equivalence not inferred
XR,command,+klook,IN_KLookDown,Quake/cl_input.c,1324,MOD-013,literal declaration; registration/equivalence not inferred
XR,command,-klook,IN_KLookUp,Quake/cl_input.c,1325,MOD-013,literal declaration; registration/equivalence not inferred
XR,command,+mlook,IN_MLookDown,Quake/cl_input.c,1326,MOD-013,literal declaration; registration/equivalence not inferred
XR,command,-mlook,IN_MLookUp,Quake/cl_input.c,1327,MOD-013,literal declaration; registration/equivalence not inferred
XR,command,+vr_weaponmenu,IN_VRWeaponMenuDown,Quake/cl_input.c,1328,MOD-013,literal declaration; registration/equivalence not inferred
XR,command,-vr_weaponmenu,IN_VRWeaponMenuUp,Quake/cl_input.c,1329,MOD-013,literal declaration; registration/equivalence not inferred
XR,command,vr_turn180,IN_VRTurn180_f,Quake/cl_input.c,1330,MOD-013,literal declaration; registration/equivalence not inferred
XR,cvar,_cl_name,player,Quake/cl_main.c,39,MOD-002;UI-004,literal declaration; registration/equivalence not inferred
XR,cvar,_cl_color,0,Quake/cl_main.c,40,MOD-002;UI-004,literal declaration; registration/equivalence not inferred
XR,cvar,cl_avatar,ranger,Quake/cl_main.c,41,MOD-002;UI-004,literal declaration; registration/equivalence not inferred
XR,cvar,cl_shownet,0,Quake/cl_main.c,129,MOD-002;UI-004,literal declaration; registration/equivalence not inferred
XR,cvar,cl_nolerp,0,Quake/cl_main.c,130,MOD-002;UI-004,literal declaration; registration/equivalence not inferred
XR,cvar,cl_lerpdebug,0,Quake/cl_main.c,131,MOD-002;UI-004,literal declaration; registration/equivalence not inferred
XR,cvar,cl_lerpdebug_models,,Quake/cl_main.c,132,MOD-002;UI-004,literal declaration; registration/equivalence not inferred
XR,cvar,cl_beams_polygons,0,Quake/cl_main.c,133,MOD-002;UI-004,literal declaration; registration/equivalence not inferred
XR,cvar,cl_autoswitchgame,1,Quake/cl_main.c,134,MOD-002;UI-004,literal declaration; registration/equivalence not inferred
XR,cvar,cl_extrapolate,0,Quake/cl_main.c,137,MOD-002;UI-004,literal declaration; registration/equivalence not inferred
XR,cvar,cl_extrapolate_adaptive,0,Quake/cl_main.c,138,MOD-002;UI-004,literal declaration; registration/equivalence not inferred
XR,cvar,cl_extrapolate_adaptive_max,0.12,Quake/cl_main.c,139,MOD-002;UI-004,literal declaration; registration/equivalence not inferred
XR,cvar,cl_extrapolate_adaptive_time,0.75,Quake/cl_main.c,140,MOD-002;UI-004,literal declaration; registration/equivalence not inferred
XR,cvar,cl_net_lerpbuffer,0,Quake/cl_main.c,141,MOD-002;UI-004,literal declaration; registration/equivalence not inferred
XR,cvar,cl_net_lerpbuffer_adaptive,0,Quake/cl_main.c,142,MOD-002;UI-004,literal declaration; registration/equivalence not inferred
XR,cvar,cl_net_lerpbuffer_adaptive_max,0.30,Quake/cl_main.c,143,MOD-002;UI-004,literal declaration; registration/equivalence not inferred
XR,cvar,cl_net_lerpbuffer_adaptive_time,0.75,Quake/cl_main.c,144,MOD-002;UI-004,literal declaration; registration/equivalence not inferred
XR,cvar,cl_predict_smooth,0,Quake/cl_main.c,145,MOD-002;UI-004,literal declaration; registration/equivalence not inferred
XR,cvar,cl_predict_smooth_time,0.10,Quake/cl_main.c,146,MOD-002;UI-004,literal declaration; registration/equivalence not inferred
XR,cvar,cl_predict_smooth_min,0.125,Quake/cl_main.c,147,MOD-002;UI-004,literal declaration; registration/equivalence not inferred
XR,cvar,cl_predict_smooth_max,4,Quake/cl_main.c,148,MOD-002;UI-004,literal declaration; registration/equivalence not inferred
XR,cvar,cl_predict_autofallback,0,Quake/cl_main.c,151,MOD-002;UI-004,literal declaration; registration/equivalence not inferred
XR,cvar,cl_predict_error_log,1,Quake/cl_main.c,152,MOD-002;UI-004,literal declaration; registration/equivalence not inferred
XR,cvar,cfg_unbindall,1,Quake/cl_main.c,332,MOD-002;UI-004,literal declaration; registration/equivalence not inferred
XR,cvar,freelook,1,Quake/cl_main.c,342,MOD-002;UI-004,literal declaration; registration/equivalence not inferred
XR,cvar,lookspring,0,Quake/cl_main.c,343,MOD-002;UI-004,literal declaration; registration/equivalence not inferred
XR,cvar,lookstrafe,0,Quake/cl_main.c,344,MOD-002;UI-004,literal declaration; registration/equivalence not inferred
XR,cvar,sensitivity,3,Quake/cl_main.c,345,MOD-002;UI-004,literal declaration; registration/equivalence not inferred
XR,cvar,m_pitch,0.022,Quake/cl_main.c,347,MOD-002;UI-004,literal declaration; registration/equivalence not inferred
XR,cvar,m_yaw,0.022,Quake/cl_main.c,348,MOD-002;UI-004,literal declaration; registration/equivalence not inferred
XR,cvar,m_forward,1,Quake/cl_main.c,349,MOD-002;UI-004,literal declaration; registration/equivalence not inferred
XR,cvar,m_side,0.8,Quake/cl_main.c,350,MOD-002;UI-004,literal declaration; registration/equivalence not inferred
XR,cvar,cl_maxpitch,90,Quake/cl_main.c,352,MOD-002;UI-004,literal declaration; registration/equivalence not inferred
XR,cvar,cl_minpitch,-90,Quake/cl_main.c,353,MOD-002;UI-004,literal declaration; registration/equivalence not inferred
XR,cvar,cl_mwheelpitch,5,Quake/cl_main.c,355,MOD-002;UI-004,literal declaration; registration/equivalence not inferred
XR,cvar,cl_startdemos,1,Quake/cl_main.c,357,MOD-002;UI-004,literal declaration; registration/equivalence not inferred
XR,cvar,cl_confirmquit,0,Quake/cl_main.c,358,MOD-002;UI-004,literal declaration; registration/equivalence not inferred
XR,cvar,cl_mousemenu,1,Quake/cl_main.c,360,MOD-002;UI-004,literal declaration; registration/equivalence not inferred
XR,command,cl_migrate_network_defaults,CL_MigrateNetworkDefaults_f,Quake/cl_main.c,2857,MOD-002;UI-004,literal declaration; registration/equivalence not inferred
XR,command,cl_predict_retry,CL_PredictRetry_f,Quake/cl_main.c,2858,MOD-002;UI-004,literal declaration; registration/equivalence not inferred
XR,command,entities,CL_PrintEntities_f,Quake/cl_main.c,2883,MOD-002;UI-004,literal declaration; registration/equivalence not inferred
XR,command,disconnect,CL_Disconnect_f,Quake/cl_main.c,2884,MOD-002;UI-004,literal declaration; registration/equivalence not inferred
XR,command,record,CL_Record_f,Quake/cl_main.c,2885,MOD-002;UI-004,literal declaration; registration/equivalence not inferred
XR,command,stop,CL_Stop_f,Quake/cl_main.c,2886,MOD-002;UI-004,literal declaration; registration/equivalence not inferred
XR,command,playdemo,CL_PlayDemo_f,Quake/cl_main.c,2887,MOD-002;UI-004,literal declaration; registration/equivalence not inferred
XR,command,timedemo,CL_TimeDemo_f,Quake/cl_main.c,2888,MOD-002;UI-004,literal declaration; registration/equivalence not inferred
XR,command,tracepos,CL_Tracepos_f,Quake/cl_main.c,2890,MOD-002;UI-004,literal declaration; registration/equivalence not inferred
XR,command,viewpos,CL_Viewpos_f,Quake/cl_main.c,2891,MOD-002;UI-004,literal declaration; registration/equivalence not inferred
XR,command,qs_reconnect_game,CL_AutoReconnectGame_f,Quake/cl_main.c,2893,MOD-002;UI-004,literal declaration; registration/equivalence not inferred
XR,command,cmdlist,Cmd_List_f,Quake/cmd.c,777,BASE-002,literal declaration; registration/equivalence not inferred
XR,command,unalias,Cmd_Unalias_f,Quake/cmd.c,778,BASE-002,literal declaration; registration/equivalence not inferred
XR,command,unaliasall,Cmd_Unaliasall_f,Quake/cmd.c,779,BASE-002,literal declaration; registration/equivalence not inferred
XR,command,stuffcmds,Cmd_StuffCmds_f,Quake/cmd.c,781,BASE-002,literal declaration; registration/equivalence not inferred
XR,command,exec,Cmd_Exec_f,Quake/cmd.c,782,BASE-002,literal declaration; registration/equivalence not inferred
XR,command,exec_postcfg,Cmd_ExecPostConfig_f,Quake/cmd.c,783,BASE-002,literal declaration; registration/equivalence not inferred
XR,command,echo,Cmd_Echo_f,Quake/cmd.c,784,BASE-002,literal declaration; registration/equivalence not inferred
XR,command,alias,Cmd_Alias_f,Quake/cmd.c,785,BASE-002,literal declaration; registration/equivalence not inferred
XR,command,cmd,Cmd_ForwardToServer,Quake/cmd.c,786,BASE-002,literal declaration; registration/equivalence not inferred
XR,command,wait,Cmd_Wait_f,Quake/cmd.c,787,BASE-002,literal declaration; registration/equivalence not inferred
XR,command,apropos,Cmd_Apropos_f,Quake/cmd.c,789,BASE-002,literal declaration; registration/equivalence not inferred
XR,command,find,Cmd_Apropos_f,Quake/cmd.c,790,BASE-002,literal declaration; registration/equivalence not inferred
XR,command,__cfgmarker,Cmd_CfgMarker_f,Quake/cmd.c,792,BASE-002,literal declaration; registration/equivalence not inferred
XR,cvar,registered,1,Quake/common.c,44,MOD-006;UI-001;UI-005,literal declaration; registration/equivalence not inferred
XR,cvar,cmdline,,Quake/common.c,45,MOD-006;UI-001;UI-005,literal declaration; registration/equivalence not inferred
XR,command,path,COM_Path_f,Quake/common.c,3244,MOD-006;UI-001;UI-005,literal declaration; registration/equivalence not inferred
XR,command,game,COM_Game_f,Quake/common.c,3245,MOD-006;UI-001;UI-005,literal declaration; registration/equivalence not inferred
XR,command,playgame,COM_Game_f,Quake/common.c,3246,MOD-006;UI-001;UI-005,literal declaration; registration/equivalence not inferred
XR,cvar,con_notifytime,3,Quake/console.c,52,UI/BASE/VR,literal declaration; registration/equivalence not inferred
XR,cvar,con_logcenterprint,1,Quake/console.c,53,UI/BASE/VR,literal declaration; registration/equivalence not inferred
XR,command,toggleconsole,Con_ToggleConsole_f,Quake/console.c,345,UI/BASE/VR,literal declaration; registration/equivalence not inferred
XR,command,messagemode,Con_MessageMode_f,Quake/console.c,346,UI/BASE/VR,literal declaration; registration/equivalence not inferred
XR,command,messagemode2,Con_MessageMode2_f,Quake/console.c,347,UI/BASE/VR,literal declaration; registration/equivalence not inferred
XR,command,clear,Con_Clear_f,Quake/console.c,348,UI/BASE/VR,literal declaration; registration/equivalence not inferred
XR,command,condump,Con_Dump_f,Quake/console.c,349,UI/BASE/VR,literal declaration; registration/equivalence not inferred
XR,command,player_models,CustomAvatar_List_f,Quake/custom_avatar.c,549,AV-004;AV-005,literal declaration; registration/equivalence not inferred
XR,command,cvarlist,Cvar_List_f,Quake/cvar.c,228,BASE-002,literal declaration; registration/equivalence not inferred
XR,command,toggle,Cvar_Toggle_f,Quake/cvar.c,229,BASE-002,literal declaration; registration/equivalence not inferred
XR,command,cycle,Cvar_Cycle_f,Quake/cvar.c,230,BASE-002,literal declaration; registration/equivalence not inferred
XR,command,inc,Cvar_Inc_f,Quake/cvar.c,231,BASE-002,literal declaration; registration/equivalence not inferred
XR,command,reset,Cvar_Reset_f,Quake/cvar.c,232,BASE-002,literal declaration; registration/equivalence not inferred
XR,command,resetall,Cvar_ResetAll_f,Quake/cvar.c,233,BASE-002,literal declaration; registration/equivalence not inferred
XR,command,resetcfg,Cvar_ResetCfg_f,Quake/cvar.c,234,BASE-002,literal declaration; registration/equivalence not inferred
XR,cvar,r_draworder,1,Quake/cvar.h,35,BASE/MOD/COOP,literal declaration; registration/equivalence not inferred
XR,cvar,screensize,1,Quake/cvar.h,36,BASE/MOD/COOP,literal declaration; registration/equivalence not inferred
XR,cvar,scr_conalpha,0.5,Quake/gl_draw.c,34,MOD-003,literal declaration; registration/equivalence not inferred
XR,cvar,r_vfog,1,Quake/gl_fog.c,371,PERF/ASSET,literal declaration; registration/equivalence not inferred
XR,command,fog,Fog_FogCommand_f,Quake/gl_fog.c,404,PERF/ASSET,literal declaration; registration/equivalence not inferred
XR,cvar,external_ents,1,Quake/gl_model.c,55,AV-007;PERF-F002,literal declaration; registration/equivalence not inferred
XR,cvar,external_vis,1,Quake/gl_model.c,56,AV-007;PERF-F002,literal declaration; registration/equivalence not inferred
XR,cvar,mod_parallel_loading,1,Quake/gl_model.c,57,AV-007;PERF-F002,literal declaration; registration/equivalence not inferred
XR,cvar,wad_external_textures,1,Quake/gl_model.c,59,AV-007;PERF-F002,literal declaration; registration/equivalence not inferred
XR,cvar,mdl_external_textures,1,Quake/gl_model.c,60,AV-007;PERF-F002,literal declaration; registration/equivalence not inferred
XR,cvar,r_allow_replacement_md3models,1,Quake/gl_model.c,61,AV-007;PERF-F002,literal declaration; registration/equivalence not inferred
XR,cvar,r_allow_replacement_md5models,1,Quake/gl_model.c,62,AV-007;PERF-F002,literal declaration; registration/equivalence not inferred
XR,cvar,r_enhancedmodels,0,Quake/gl_model.c,63,AV-007;PERF-F002,literal declaration; registration/equivalence not inferred
XR,cvar,r_enhancedmodels_migration_version,0,Quake/gl_model.c,64,AV-007;PERF-F002,literal declaration; registration/equivalence not inferred
XR,command,mcache,Mod_Print,Quake/gl_model.c,207,AV-007;PERF-F002,literal declaration; registration/equivalence not inferred
XR,command,mod_migrate_enhancedmodels,Mod_MigrateEnhancedModels_f,Quake/gl_model.c,208,AV-007;PERF-F002,literal declaration; registration/equivalence not inferred
XR,cvar,r_norefresh,0,Quake/gl_rmain.c,101,COOP-009;MOD-014;PERF-F001;PERF-F003;XR-010,literal declaration; registration/equivalence not inferred
XR,cvar,r_drawentities,1,Quake/gl_rmain.c,102,COOP-009;MOD-014;PERF-F001;PERF-F003;XR-010,literal declaration; registration/equivalence not inferred
XR,cvar,r_drawviewmodel,1,Quake/gl_rmain.c,103,COOP-009;MOD-014;PERF-F001;PERF-F003;XR-010,literal declaration; registration/equivalence not inferred
XR,cvar,r_speeds,0,Quake/gl_rmain.c,104,COOP-009;MOD-014;PERF-F001;PERF-F003;XR-010,literal declaration; registration/equivalence not inferred
XR,cvar,r_perfdebug,0,Quake/gl_rmain.c,105,COOP-009;MOD-014;PERF-F001;PERF-F003;XR-010,literal declaration; registration/equivalence not inferred
XR,cvar,r_perfdebug_min_ms,8,Quake/gl_rmain.c,106,COOP-009;MOD-014;PERF-F001;PERF-F003;XR-010,literal declaration; registration/equivalence not inferred
XR,cvar,r_pos,0,Quake/gl_rmain.c,107,COOP-009;MOD-014;PERF-F001;PERF-F003;XR-010,literal declaration; registration/equivalence not inferred
XR,cvar,r_fullbright,0,Quake/gl_rmain.c,108,COOP-009;MOD-014;PERF-F001;PERF-F003;XR-010,literal declaration; registration/equivalence not inferred
XR,cvar,r_lightmap,0,Quake/gl_rmain.c,109,COOP-009;MOD-014;PERF-F001;PERF-F003;XR-010,literal declaration; registration/equivalence not inferred
XR,cvar,r_shadows,0,Quake/gl_rmain.c,110,COOP-009;MOD-014;PERF-F001;PERF-F003;XR-010,literal declaration; registration/equivalence not inferred
XR,cvar,r_wateralpha,1,Quake/gl_rmain.c,111,COOP-009;MOD-014;PERF-F001;PERF-F003;XR-010,literal declaration; registration/equivalence not inferred
XR,cvar,r_useportalculling,0,Quake/gl_rmain.c,112,COOP-009;MOD-014;PERF-F001;PERF-F003;XR-010,literal declaration; registration/equivalence not inferred
XR,cvar,r_litwater,1,Quake/gl_rmain.c,113,COOP-009;MOD-014;PERF-F001;PERF-F003;XR-010,literal declaration; registration/equivalence not inferred
XR,cvar,r_dynamic,1,Quake/gl_rmain.c,114,COOP-009;MOD-014;PERF-F001;PERF-F003;XR-010,literal declaration; registration/equivalence not inferred
XR,cvar,r_novis,0,Quake/gl_rmain.c,115,COOP-009;MOD-014;PERF-F001;PERF-F003;XR-010,literal declaration; registration/equivalence not inferred
XR,cvar,gl_finish,0,Quake/gl_rmain.c,117,COOP-009;MOD-014;PERF-F001;PERF-F003;XR-010,literal declaration; registration/equivalence not inferred
XR,cvar,gl_clear,1,Quake/gl_rmain.c,118,COOP-009;MOD-014;PERF-F001;PERF-F003;XR-010,literal declaration; registration/equivalence not inferred
XR,cvar,gl_cull,1,Quake/gl_rmain.c,119,COOP-009;MOD-014;PERF-F001;PERF-F003;XR-010,literal declaration; registration/equivalence not inferred
XR,cvar,gl_smoothmodels,1,Quake/gl_rmain.c,120,COOP-009;MOD-014;PERF-F001;PERF-F003;XR-010,literal declaration; registration/equivalence not inferred
XR,cvar,gl_affinemodels,0,Quake/gl_rmain.c,121,COOP-009;MOD-014;PERF-F001;PERF-F003;XR-010,literal declaration; registration/equivalence not inferred
XR,cvar,gl_polyblend,1,Quake/gl_rmain.c,122,COOP-009;MOD-014;PERF-F001;PERF-F003;XR-010,literal declaration; registration/equivalence not inferred
XR,cvar,gl_flashblend,0,Quake/gl_rmain.c,123,COOP-009;MOD-014;PERF-F001;PERF-F003;XR-010,literal declaration; registration/equivalence not inferred
XR,cvar,gl_playermip,0,Quake/gl_rmain.c,124,COOP-009;MOD-014;PERF-F001;PERF-F003;XR-010,literal declaration; registration/equivalence not inferred
XR,cvar,gl_nocolors,0,Quake/gl_rmain.c,125,COOP-009;MOD-014;PERF-F001;PERF-F003;XR-010,literal declaration; registration/equivalence not inferred
XR,cvar,cl_coop_nametags,1,Quake/gl_rmain.c,126,COOP-009;MOD-014;PERF-F001;PERF-F003;XR-010,literal declaration; registration/equivalence not inferred
XR,cvar,r_stereo,0,Quake/gl_rmain.c,129,COOP-009;MOD-014;PERF-F001;PERF-F003;XR-010,literal declaration; registration/equivalence not inferred
XR,cvar,r_stereodepth,128,Quake/gl_rmain.c,130,COOP-009;MOD-014;PERF-F001;PERF-F003;XR-010,literal declaration; registration/equivalence not inferred
XR,cvar,r_clearcolor,2,Quake/gl_rmain.c,131,COOP-009;MOD-014;PERF-F001;PERF-F003;XR-010,literal declaration; registration/equivalence not inferred
XR,cvar,r_drawflat,0,Quake/gl_rmain.c,132,COOP-009;MOD-014;PERF-F001;PERF-F003;XR-010,literal declaration; registration/equivalence not inferred
XR,cvar,r_flatlightstyles,0,Quake/gl_rmain.c,133,COOP-009;MOD-014;PERF-F001;PERF-F003;XR-010,literal declaration; registration/equivalence not inferred
XR,cvar,r_lerplightstyles,1,Quake/gl_rmain.c,134,COOP-009;MOD-014;PERF-F001;PERF-F003;XR-010,literal declaration; registration/equivalence not inferred
XR,cvar,gl_fullbrights,1,Quake/gl_rmain.c,135,COOP-009;MOD-014;PERF-F001;PERF-F003;XR-010,literal declaration; registration/equivalence not inferred
XR,cvar,gl_farclip,65536,Quake/gl_rmain.c,136,COOP-009;MOD-014;PERF-F001;PERF-F003;XR-010,literal declaration; registration/equivalence not inferred
XR,cvar,gl_overbright,1,Quake/gl_rmain.c,137,COOP-009;MOD-014;PERF-F001;PERF-F003;XR-010,literal declaration; registration/equivalence not inferred
XR,cvar,gl_overbright_models,1,Quake/gl_rmain.c,138,COOP-009;MOD-014;PERF-F001;PERF-F003;XR-010,literal declaration; registration/equivalence not inferred
XR,cvar,r_oldskyleaf,0,Quake/gl_rmain.c,139,COOP-009;MOD-014;PERF-F001;PERF-F003;XR-010,literal declaration; registration/equivalence not inferred
XR,cvar,r_drawworld,1,Quake/gl_rmain.c,140,COOP-009;MOD-014;PERF-F001;PERF-F003;XR-010,literal declaration; registration/equivalence not inferred
XR,cvar,r_showtris,0,Quake/gl_rmain.c,141,COOP-009;MOD-014;PERF-F001;PERF-F003;XR-010,literal declaration; registration/equivalence not inferred
XR,cvar,r_showbboxes,0,Quake/gl_rmain.c,142,COOP-009;MOD-014;PERF-F001;PERF-F003;XR-010,literal declaration; registration/equivalence not inferred
XR,cvar,r_showfields,0,Quake/gl_rmain.c,143,COOP-009;MOD-014;PERF-F001;PERF-F003;XR-010,literal declaration; registration/equivalence not inferred
XR,cvar,r_showskel,0,Quake/gl_rmain.c,144,COOP-009;MOD-014;PERF-F001;PERF-F003;XR-010,literal declaration; registration/equivalence not inferred
XR,cvar,r_lerpmodels,1,Quake/gl_rmain.c,145,COOP-009;MOD-014;PERF-F001;PERF-F003;XR-010,literal declaration; registration/equivalence not inferred
XR,cvar,r_lerpmove,1,Quake/gl_rmain.c,146,COOP-009;MOD-014;PERF-F001;PERF-F003;XR-010,literal declaration; registration/equivalence not inferred
XR,cvar,r_nolerp_list,"progs/flame.mdl,progs/flame2.mdl,progs/braztall.mdl,progs/",Quake/gl_rmain.c,147,COOP-009;MOD-014;PERF-F001;PERF-F003;XR-010,literal declaration; registration/equivalence not inferred
XR,cvar,r_noshadow_list,"progs/flame2.mdl,progs/flame.mdl,progs/bolt1.mdl,progs/bolt2.mdl,progs/",Quake/gl_rmain.c,153,COOP-009;MOD-014;PERF-F001;PERF-F003;XR-010,literal declaration; registration/equivalence not inferred
XR,cvar,gl_zfix,0,Quake/gl_rmain.c,162,COOP-009;MOD-014;PERF-F001;PERF-F003;XR-010,literal declaration; registration/equivalence not inferred
XR,cvar,r_alphasort,1,Quake/gl_rmain.c,164,COOP-009;MOD-014;PERF-F001;PERF-F003;XR-010,literal declaration; registration/equivalence not inferred
XR,cvar,r_lavaalpha,0,Quake/gl_rmain.c,165,COOP-009;MOD-014;PERF-F001;PERF-F003;XR-010,literal declaration; registration/equivalence not inferred
XR,cvar,r_telealpha,0,Quake/gl_rmain.c,166,COOP-009;MOD-014;PERF-F001;PERF-F003;XR-010,literal declaration; registration/equivalence not inferred
XR,cvar,r_slimealpha,0,Quake/gl_rmain.c,167,COOP-009;MOD-014;PERF-F001;PERF-F003;XR-010,literal declaration; registration/equivalence not inferred
XR,cvar,r_part_density,1,Quake/gl_rmain.c,168,COOP-009;MOD-014;PERF-F001;PERF-F003;XR-010,literal declaration; registration/equivalence not inferred
XR,cvar,r_scale,1,Quake/gl_rmain.c,483,COOP-009;MOD-014;PERF-F001;PERF-F003;XR-010,literal declaration; registration/equivalence not inferred
XR,cvar,r_lightmapwide,0,Quake/gl_rmisc.c,69,PERF/ASSET,literal declaration; registration/equivalence not inferred
XR,command,timerefresh,R_TimeRefresh_f,Quake/gl_rmisc.c,201,PERF/ASSET,literal declaration; registration/equivalence not inferred
XR,command,pointfile,R_ReadPointFile_f,Quake/gl_rmisc.c,202,PERF/ASSET,literal declaration; registration/equivalence not inferred
XR,cvar,scr_menuscale,1,Quake/gl_screen.c,86,UI-005,literal declaration; registration/equivalence not inferred
XR,cvar,scr_sbarscale,1,Quake/gl_screen.c,87,UI-005,literal declaration; registration/equivalence not inferred
XR,cvar,scr_sbaralpha,0.75,Quake/gl_screen.c,88,UI-005,literal declaration; registration/equivalence not inferred
XR,cvar,scr_hudstyle,0,Quake/gl_screen.c,89,UI-005,literal declaration; registration/equivalence not inferred
XR,cvar,scr_conwidth,0,Quake/gl_screen.c,90,UI-005,literal declaration; registration/equivalence not inferred
XR,cvar,scr_conscale,1,Quake/gl_screen.c,91,UI-005,literal declaration; registration/equivalence not inferred
XR,cvar,scr_autoscale,1,Quake/gl_screen.c,92,UI-005,literal declaration; registration/equivalence not inferred
XR,cvar,scr_crosshairscale,1,Quake/gl_screen.c,93,UI-005,literal declaration; registration/equivalence not inferred
XR,cvar,scr_infoscale,2.0,Quake/gl_screen.c,94,UI-005,literal declaration; registration/equivalence not inferred
XR,cvar,scr_crosshair_desktop_fallback,1,Quake/gl_screen.c,95,UI-005,literal declaration; registration/equivalence not inferred
XR,cvar,scr_showfps,0,Quake/gl_screen.c,96,UI-005,literal declaration; registration/equivalence not inferred
XR,cvar,scr_clock,0,Quake/gl_screen.c,97,UI-005,literal declaration; registration/equivalence not inferred
XR,cvar,scr_usekfont,0,Quake/gl_screen.c,99,UI-005,literal declaration; registration/equivalence not inferred
XR,cvar,viewsize,100,Quake/gl_screen.c,101,UI-005,literal declaration; registration/equivalence not inferred
XR,cvar,fov,90,Quake/gl_screen.c,102,UI-005,literal declaration; registration/equivalence not inferred
XR,cvar,fov_adapt,1,Quake/gl_screen.c,103,UI-005,literal declaration; registration/equivalence not inferred
XR,cvar,scr_conspeed,500,Quake/gl_screen.c,104,UI-005,literal declaration; registration/equivalence not inferred
XR,cvar,scr_centertime,4,Quake/gl_screen.c,105,UI-005,literal declaration; registration/equivalence not inferred
XR,cvar,showturtle,0,Quake/gl_screen.c,106,UI-005,literal declaration; registration/equivalence not inferred
XR,cvar,showpause,1,Quake/gl_screen.c,107,UI-005,literal declaration; registration/equivalence not inferred
XR,cvar,scr_printspeed,8,Quake/gl_screen.c,108,UI-005,literal declaration; registration/equivalence not inferred
XR,cvar,scr_centerprintbg,2,Quake/gl_screen.c,109,UI-005,literal declaration; registration/equivalence not inferred
XR,cvar,gl_triplebuffer,1,Quake/gl_screen.c,110,UI-005,literal declaration; registration/equivalence not inferred
XR,cvar,cl_gun_fovscale,1,Quake/gl_screen.c,112,UI-005,literal declaration; registration/equivalence not inferred
XR,command,screenshot,SCR_ScreenShot_f,Quake/gl_screen.c,627,UI-005,literal declaration; registration/equivalence not inferred
XR,command,sizeup,SCR_SizeUp_f,Quake/gl_screen.c,628,UI-005,literal declaration; registration/equivalence not inferred
XR,command,sizedown,SCR_SizeDown_f,Quake/gl_screen.c,629,UI-005,literal declaration; registration/equivalence not inferred
XR,cvar,r_fastsky,0,Quake/gl_sky.c,63,MOD-007,literal declaration; registration/equivalence not inferred
XR,cvar,r_sky_quality,12,Quake/gl_sky.c,64,MOD-007,literal declaration; registration/equivalence not inferred
XR,cvar,r_skyalpha,1,Quake/gl_sky.c,65,MOD-007,literal declaration; registration/equivalence not inferred
XR,cvar,r_skywind,0,Quake/gl_sky.c,66,MOD-007,literal declaration; registration/equivalence not inferred
XR,cvar,r_skyfog,0.5,Quake/gl_sky.c,67,MOD-007,literal declaration; registration/equivalence not inferred
XR,cvar,r_skyroom,0,Quake/gl_sky.c,68,MOD-007,literal declaration; registration/equivalence not inferred
XR,command,sky,Sky_SkyCommand_f,Quake/gl_sky.c,711,MOD-007,literal declaration; registration/equivalence not inferred
XR,command,skywind,Skywind_f,Quake/gl_sky.c,712,MOD-007,literal declaration; registration/equivalence not inferred
XR,command,skywind_load,Skywind_Load_f,Quake/gl_sky.c,713,MOD-007,literal declaration; registration/equivalence not inferred
XR,command,skywind_save,Skywind_Save_f,Quake/gl_sky.c,714,MOD-007,literal declaration; registration/equivalence not inferred
XR,cvar,gl_texturemode,,Quake/gl_texmgr.c,36,PERF/ASSET,literal declaration; registration/equivalence not inferred
XR,cvar,gl_texture_anisotropy,16,Quake/gl_texmgr.c,37,PERF/ASSET,literal declaration; registration/equivalence not inferred
XR,cvar,gl_max_size,0,Quake/gl_texmgr.c,39,PERF/ASSET,literal declaration; registration/equivalence not inferred
XR,cvar,gl_picmip,0,Quake/gl_texmgr.c,40,PERF/ASSET,literal declaration; registration/equivalence not inferred
XR,cvar,vid_fullscreen,0,Quake/gl_vidsdl.c,249,PERF/ASSET,literal declaration; registration/equivalence not inferred
XR,cvar,vid_width,800,Quake/gl_vidsdl.c,250,PERF/ASSET,literal declaration; registration/equivalence not inferred
XR,cvar,vid_height,600,Quake/gl_vidsdl.c,251,PERF/ASSET,literal declaration; registration/equivalence not inferred
XR,cvar,vid_bpp,16,Quake/gl_vidsdl.c,252,PERF/ASSET,literal declaration; registration/equivalence not inferred
XR,cvar,vid_refreshrate,60,Quake/gl_vidsdl.c,253,PERF/ASSET,literal declaration; registration/equivalence not inferred
XR,cvar,vid_vsync,0,Quake/gl_vidsdl.c,254,PERF/ASSET,literal declaration; registration/equivalence not inferred
XR,cvar,vid_fsaa,0,Quake/gl_vidsdl.c,255,PERF/ASSET,literal declaration; registration/equivalence not inferred
XR,cvar,vid_desktopfullscreen,0,Quake/gl_vidsdl.c,256,PERF/ASSET,literal declaration; registration/equivalence not inferred
XR,cvar,vid_borderless,0,Quake/gl_vidsdl.c,257,PERF/ASSET,literal declaration; registration/equivalence not inferred
XR,cvar,gamma,1,Quake/gl_vidsdl.c,260,PERF/ASSET,literal declaration; registration/equivalence not inferred
XR,cvar,contrast,1,Quake/gl_vidsdl.c,261,PERF/ASSET,literal declaration; registration/equivalence not inferred
XR,command,vid_unlock,VID_Unlock,Quake/gl_vidsdl.c,2223,PERF/ASSET,literal declaration; registration/equivalence not inferred
XR,command,vid_restart,VID_Restart,Quake/gl_vidsdl.c,2224,PERF/ASSET,literal declaration; registration/equivalence not inferred
XR,command,vid_test,VID_Test,Quake/gl_vidsdl.c,2225,PERF/ASSET,literal declaration; registration/equivalence not inferred
XR,command,vid_describecurrentmode,VID_DescribeCurrentMode_f,Quake/gl_vidsdl.c,2226,PERF/ASSET,literal declaration; registration/equivalence not inferred
XR,command,vid_describemodes,VID_DescribeModes_f,Quake/gl_vidsdl.c,2227,PERF/ASSET,literal declaration; registration/equivalence not inferred
XR,command,gl_info,GL_Info_f,Quake/gl_vidsdl.c,2363,PERF/ASSET,literal declaration; registration/equivalence not inferred
XR,cvar,r_oldwater,0,Quake/gl_warp.c,28,PERF/ASSET,literal declaration; registration/equivalence not inferred
XR,cvar,r_oldwater_max_drawpolys,2048,Quake/gl_warp.c,29,PERF/ASSET,literal declaration; registration/equivalence not inferred
XR,cvar,r_waterquality,8,Quake/gl_warp.c,30,PERF/ASSET,literal declaration; registration/equivalence not inferred
XR,cvar,r_waterwarp,1,Quake/gl_warp.c,31,PERF/ASSET,literal declaration; registration/equivalence not inferred
XR,cvar,gl_subdivide_size,128,Quake/gl_warp.c,51,PERF/ASSET,literal declaration; registration/equivalence not inferred
XR,cvar,host_framerate,0,Quake/host.c,69,BASE-001;COOP-002;COOP-010;MOD-002;MOD-006,literal declaration; registration/equivalence not inferred
XR,cvar,host_speeds,0,Quake/host.c,70,BASE-001;COOP-002;COOP-010;MOD-002;MOD-006,literal declaration; registration/equivalence not inferred
XR,cvar,host_maxfps,250,Quake/host.c,71,BASE-001;COOP-002;COOP-010;MOD-002;MOD-006,literal declaration; registration/equivalence not inferred
XR,cvar,host_timescale,0,Quake/host.c,72,BASE-001;COOP-002;COOP-010;MOD-002;MOD-006,literal declaration; registration/equivalence not inferred
XR,cvar,cl_netfps,0,Quake/host.c,73,BASE-001;COOP-002;COOP-010;MOD-002;MOD-006,literal declaration; registration/equivalence not inferred
XR,cvar,max_edicts,15000,Quake/host.c,74,BASE-001;COOP-002;COOP-010;MOD-002;MOD-006,literal declaration; registration/equivalence not inferred
XR,cvar,cl_nocsqc,0,Quake/host.c,75,BASE-001;COOP-002;COOP-010;MOD-002;MOD-006,literal declaration; registration/equivalence not inferred
XR,cvar,sys_ticrate,0.05,Quake/host.c,77,BASE-001;COOP-002;COOP-010;MOD-002;MOD-006,literal declaration; registration/equivalence not inferred
XR,cvar,serverprofile,0,Quake/host.c,78,BASE-001;COOP-002;COOP-010;MOD-002;MOD-006,literal declaration; registration/equivalence not inferred
XR,cvar,fraglimit,0,Quake/host.c,80,BASE-001;COOP-002;COOP-010;MOD-002;MOD-006,literal declaration; registration/equivalence not inferred
XR,cvar,timelimit,0,Quake/host.c,81,BASE-001;COOP-002;COOP-010;MOD-002;MOD-006,literal declaration; registration/equivalence not inferred
XR,cvar,teamplay,0,Quake/host.c,82,BASE-001;COOP-002;COOP-010;MOD-002;MOD-006,literal declaration; registration/equivalence not inferred
XR,cvar,samelevel,0,Quake/host.c,83,BASE-001;COOP-002;COOP-010;MOD-002;MOD-006,literal declaration; registration/equivalence not inferred
XR,cvar,noexit,0,Quake/host.c,84,BASE-001;COOP-002;COOP-010;MOD-002;MOD-006,literal declaration; registration/equivalence not inferred
XR,cvar,skill,1,Quake/host.c,85,BASE-001;COOP-002;COOP-010;MOD-002;MOD-006,literal declaration; registration/equivalence not inferred
XR,cvar,deathmatch,0,Quake/host.c,86,BASE-001;COOP-002;COOP-010;MOD-002;MOD-006,literal declaration; registration/equivalence not inferred
XR,cvar,coop,0,Quake/host.c,87,BASE-001;COOP-002;COOP-010;MOD-002;MOD-006,literal declaration; registration/equivalence not inferred
XR,cvar,sv_nofriendlyfire,0,Quake/host.c,88,BASE-001;COOP-002;COOP-010;MOD-002;MOD-006,literal declaration; registration/equivalence not inferred
XR,cvar,sv_coop_noplayerclip,-1,Quake/host.c,89,BASE-001;COOP-002;COOP-010;MOD-002;MOD-006,literal declaration; registration/equivalence not inferred
XR,cvar,sv_save_multiplayer,1,Quake/host.c,90,BASE-001;COOP-002;COOP-010;MOD-002;MOD-006,literal declaration; registration/equivalence not inferred
XR,cvar,sv_cmdfile,,Quake/host.c,91,BASE-001;COOP-002;COOP-010;MOD-002;MOD-006,literal declaration; registration/equivalence not inferred
XR,cvar,pausable,1,Quake/host.c,93,BASE-001;COOP-002;COOP-010;MOD-002;MOD-006,literal declaration; registration/equivalence not inferred
XR,cvar,developer,0,Quake/host.c,95,BASE-001;COOP-002;COOP-010;MOD-002;MOD-006,literal declaration; registration/equivalence not inferred
XR,cvar,map_checks,0,Quake/host.c,96,BASE-001;COOP-002;COOP-010;MOD-002;MOD-006,literal declaration; registration/equivalence not inferred
XR,cvar,temp1,0,Quake/host.c,98,BASE-001;COOP-002;COOP-010;MOD-002;MOD-006,literal declaration; registration/equivalence not inferred
XR,cvar,devstats,0,Quake/host.c,113,BASE-001;COOP-002;COOP-010;MOD-002;MOD-006,literal declaration; registration/equivalence not inferred
XR,cvar,campaign,0,Quake/host.c,115,BASE-001;COOP-002;COOP-010;MOD-002;MOD-006,literal declaration; registration/equivalence not inferred
XR,cvar,horde,0,Quake/host.c,116,BASE-001;COOP-002;COOP-010;MOD-002;MOD-006,literal declaration; registration/equivalence not inferred
XR,cvar,sv_cheats,0,Quake/host.c,117,BASE-001;COOP-002;COOP-010;MOD-002;MOD-006,literal declaration; registration/equivalence not inferred
XR,command,version,Host_Version_f,Quake/host.c,751,BASE-001;COOP-002;COOP-010;MOD-002;MOD-006,literal declaration; registration/equivalence not inferred
XR,command,host_migrate_network_defaults,Host_MigrateNetworkDefaults_f,Quake/host.c,752,BASE-001;COOP-002;COOP-010;MOD-002;MOD-006,literal declaration; registration/equivalence not inferred
XR,command,netfps_probe,Host_NetfpsProbe_f,Quake/host.c,753,BASE-001;COOP-002;COOP-010;MOD-002;MOD-006,literal declaration; registration/equivalence not inferred
XR,command,maps,Host_Maps_f,Quake/host_cmd.c,3835,COOP-008;COOP-010;COOP-011,literal declaration; registration/equivalence not inferred
XR,command,maps_mod,Host_Maps_Mod_f,Quake/host_cmd.c,3836,COOP-008;COOP-010;COOP-011,literal declaration; registration/equivalence not inferred
XR,command,mods,Host_Mods_f,Quake/host_cmd.c,3837,COOP-008;COOP-010;COOP-011,literal declaration; registration/equivalence not inferred
XR,command,games,Host_Mods_f,Quake/host_cmd.c,3838,COOP-008;COOP-010;COOP-011,literal declaration; registration/equivalence not inferred
XR,command,mapname,Host_Mapname_f,Quake/host_cmd.c,3840,COOP-008;COOP-010;COOP-011,literal declaration; registration/equivalence not inferred
XR,command,randmap,Host_Randmap_f,Quake/host_cmd.c,3841,COOP-008;COOP-010;COOP-011,literal declaration; registration/equivalence not inferred
XR,command,quit,Host_Quit_f,Quake/host_cmd.c,3844,COOP-008;COOP-010;COOP-011,literal declaration; registration/equivalence not inferred
XR,command,map,Host_Map_f,Quake/host_cmd.c,3848,COOP-008;COOP-010;COOP-011,literal declaration; registration/equivalence not inferred
XR,command,restart,Host_Restart_f,Quake/host_cmd.c,3849,COOP-008;COOP-010;COOP-011,literal declaration; registration/equivalence not inferred
XR,command,changelevel,Host_Changelevel_f,Quake/host_cmd.c,3850,COOP-008;COOP-010;COOP-011,literal declaration; registration/equivalence not inferred
XR,command,connect,Host_Connect_f,Quake/host_cmd.c,3851,COOP-008;COOP-010;COOP-011,literal declaration; registration/equivalence not inferred
XR,command,kick,Host_Kick_f,Quake/host_cmd.c,3870,COOP-008;COOP-010;COOP-011,literal declaration; registration/equivalence not inferred
XR,command,load,Host_Loadgame_f,Quake/host_cmd.c,3872,COOP-008;COOP-010;COOP-011,literal declaration; registration/equivalence not inferred
XR,command,save,Host_Savegame_f,Quake/host_cmd.c,3873,COOP-008;COOP-010;COOP-011,literal declaration; registration/equivalence not inferred
XR,command,sv_giveall,Host_SV_GiveAll_f,Quake/host_cmd.c,3875,COOP-008;COOP-010;COOP-011,literal declaration; registration/equivalence not inferred
XR,command,sv_givekeys,Host_SV_GiveKeys_f,Quake/host_cmd.c,3876,COOP-008;COOP-010;COOP-011,literal declaration; registration/equivalence not inferred
XR,command,sv_god,Host_SV_God_f,Quake/host_cmd.c,3877,COOP-008;COOP-010;COOP-011,literal declaration; registration/equivalence not inferred
XR,command,sv_noclip,Host_SV_Noclip_f,Quake/host_cmd.c,3878,COOP-008;COOP-010;COOP-011,literal declaration; registration/equivalence not inferred
XR,command,sv_reconnect_game,Host_SV_ReconnectGame_f,Quake/host_cmd.c,3879,COOP-008;COOP-010;COOP-011,literal declaration; registration/equivalence not inferred
XR,command,startdemos,Host_Startdemos_f,Quake/host_cmd.c,3881,COOP-008;COOP-010;COOP-011,literal declaration; registration/equivalence not inferred
XR,command,demos,Host_Demos_f,Quake/host_cmd.c,3882,COOP-008;COOP-010;COOP-011,literal declaration; registration/equivalence not inferred
XR,command,stopdemo,Host_Stopdemo_f,Quake/host_cmd.c,3883,COOP-008;COOP-010;COOP-011,literal declaration; registration/equivalence not inferred
XR,command,viewmodel,Host_Viewmodel_f,Quake/host_cmd.c,3885,COOP-008;COOP-010;COOP-011,literal declaration; registration/equivalence not inferred
XR,command,viewframe,Host_Viewframe_f,Quake/host_cmd.c,3886,COOP-008;COOP-010;COOP-011,literal declaration; registration/equivalence not inferred
XR,command,viewnext,Host_Viewnext_f,Quake/host_cmd.c,3887,COOP-008;COOP-010;COOP-011,literal declaration; registration/equivalence not inferred
XR,command,viewprev,Host_Viewprev_f,Quake/host_cmd.c,3888,COOP-008;COOP-010;COOP-011,literal declaration; registration/equivalence not inferred
XR,cvar,in_debugkeys,0,Quake/in_sdl.c,39,BASE-003,literal declaration; registration/equivalence not inferred
XR,cvar,joy_deadzone_look,0.175,Quake/in_sdl.c,54,BASE-003,literal declaration; registration/equivalence not inferred
XR,cvar,joy_deadzone_move,0.175,Quake/in_sdl.c,55,BASE-003,literal declaration; registration/equivalence not inferred
XR,cvar,joy_outer_threshold_look,0.02,Quake/in_sdl.c,56,BASE-003,literal declaration; registration/equivalence not inferred
XR,cvar,joy_outer_threshold_move,0.02,Quake/in_sdl.c,57,BASE-003,literal declaration; registration/equivalence not inferred
XR,cvar,joy_deadzone_trigger,0.2,Quake/in_sdl.c,58,BASE-003,literal declaration; registration/equivalence not inferred
XR,cvar,joy_sensitivity_yaw,240,Quake/in_sdl.c,59,BASE-003,literal declaration; registration/equivalence not inferred
XR,cvar,joy_sensitivity_pitch,130,Quake/in_sdl.c,60,BASE-003,literal declaration; registration/equivalence not inferred
XR,cvar,joy_invert,0,Quake/in_sdl.c,61,BASE-003,literal declaration; registration/equivalence not inferred
XR,cvar,joy_exponent,2,Quake/in_sdl.c,62,BASE-003,literal declaration; registration/equivalence not inferred
XR,cvar,joy_exponent_move,2,Quake/in_sdl.c,63,BASE-003,literal declaration; registration/equivalence not inferred
XR,cvar,joy_swapmovelook,0,Quake/in_sdl.c,64,BASE-003,literal declaration; registration/equivalence not inferred
XR,cvar,joy_enable,1,Quake/in_sdl.c,65,BASE-003,literal declaration; registration/equivalence not inferred
XR,cvar,in_disablemacosxmouseaccel,1,Quake/in_sdl.c,197,BASE-003,literal declaration; registration/equivalence not inferred
XR,command,bindlist,Key_Bindlist_f,Quake/keys.c,947,UI/BASE/VR,literal declaration; registration/equivalence not inferred
XR,command,bind,Key_Bind_f,Quake/keys.c,948,UI/BASE/VR,literal declaration; registration/equivalence not inferred
XR,command,unbind,Key_Unbind_f,Quake/keys.c,949,UI/BASE/VR,literal declaration; registration/equivalence not inferred
XR,command,unbindall,Key_Unbindall_f,Quake/keys.c,950,UI/BASE/VR,literal declaration; registration/equivalence not inferred
XR,command,+altmodifier,Key_AltModifierDown_f,Quake/keys.c,951,UI/BASE/VR,literal declaration; registration/equivalence not inferred
XR,command,-altmodifier,Key_AltModifierUp_f,Quake/keys.c,952,UI/BASE/VR,literal declaration; registration/equivalence not inferred
XR,command,togglemenu,M_ToggleMenu_f,Quake/menu.c,4004,MOD-013;MOD-014;UI-002;UI-005,literal declaration; registration/equivalence not inferred
XR,command,menu_main,M_Menu_Main_f,Quake/menu.c,4006,MOD-013;MOD-014;UI-002;UI-005,literal declaration; registration/equivalence not inferred
XR,command,menu_singleplayer,M_Menu_SinglePlayer_f,Quake/menu.c,4007,MOD-013;MOD-014;UI-002;UI-005,literal declaration; registration/equivalence not inferred
XR,command,menu_load,M_Menu_Load_f,Quake/menu.c,4008,MOD-013;MOD-014;UI-002;UI-005,literal declaration; registration/equivalence not inferred
XR,command,menu_save,M_Menu_Save_f,Quake/menu.c,4009,MOD-013;MOD-014;UI-002;UI-005,literal declaration; registration/equivalence not inferred
XR,command,menu_multiplayer,M_Menu_MultiPlayer_f,Quake/menu.c,4010,MOD-013;MOD-014;UI-002;UI-005,literal declaration; registration/equivalence not inferred
XR,command,menu_setup,M_Menu_Setup_f,Quake/menu.c,4011,MOD-013;MOD-014;UI-002;UI-005,literal declaration; registration/equivalence not inferred
XR,command,menu_options,M_Menu_Options_f,Quake/menu.c,4012,MOD-013;MOD-014;UI-002;UI-005,literal declaration; registration/equivalence not inferred
XR,command,menu_keys,M_Menu_Keys_f,Quake/menu.c,4013,MOD-013;MOD-014;UI-002;UI-005,literal declaration; registration/equivalence not inferred
XR,command,menu_weapons,M_Menu_Weapons_f,Quake/menu.c,4014,MOD-013;MOD-014;UI-002;UI-005,literal declaration; registration/equivalence not inferred
XR,command,menu_voice,M_Menu_Voice_f,Quake/menu.c,4015,MOD-013;MOD-014;UI-002;UI-005,literal declaration; registration/equivalence not inferred
XR,command,menu_video,M_Menu_Video_f,Quake/menu.c,4016,MOD-013;MOD-014;UI-002;UI-005,literal declaration; registration/equivalence not inferred
XR,command,menu_vr,M_Menu_VR_f,Quake/menu.c,4017,MOD-013;MOD-014;UI-002;UI-005,literal declaration; registration/equivalence not inferred
XR,command,menu_mods,M_Menu_Mods_f,Quake/menu.c,4018,MOD-013;MOD-014;UI-002;UI-005,literal declaration; registration/equivalence not inferred
XR,command,menu_models,M_Menu_Models_f,Quake/menu.c,4019,MOD-013;MOD-014;UI-002;UI-005,literal declaration; registration/equivalence not inferred
XR,command,help,M_Menu_Help_f,Quake/menu.c,4020,MOD-013;MOD-014;UI-002;UI-005,literal declaration; registration/equivalence not inferred
XR,command,menu_quit,M_Menu_Quit_f,Quake/menu.c,4021,MOD-013;MOD-014;UI-002;UI-005,literal declaration; registration/equivalence not inferred
XR,command,menu_credits,M_Menu_Credits_f,Quake/menu.c,4022,MOD-013;MOD-014;UI-002;UI-005,literal declaration; registration/equivalence not inferred
XR,cvar,net_lagdebug,0,Quake/net_dgrm.c,54,NET/COOP/MOVE,literal declaration; registration/equivalence not inferred
XR,cvar,net_lagdebug_threshold,0.25,Quake/net_dgrm.c,55,NET/COOP/MOVE,literal declaration; registration/equivalence not inferred
XR,cvar,net_lagdebug_frame_threshold,0.05,Quake/net_dgrm.c,56,NET/COOP/MOVE,literal declaration; registration/equivalence not inferred
XR,cvar,net_sameip_stale_timeout,3.0,Quake/net_dgrm.c,57,NET/COOP/MOVE,literal declaration; registration/equivalence not inferred
XR,cvar,cl_netport,0,Quake/net_dgrm.c,58,NET/COOP/MOVE,literal declaration; registration/equivalence not inferred
XR,cvar,cl_portpingprobe_enable,0,Quake/net_dgrm.c,59,NET/COOP/MOVE,literal declaration; registration/equivalence not inferred
XR,cvar,cl_portpingprobe_probes,6,Quake/net_dgrm.c,60,NET/COOP/MOVE,literal declaration; registration/equivalence not inferred
XR,cvar,cl_portpingprobe_delay,0.20,Quake/net_dgrm.c,61,NET/COOP/MOVE,literal declaration; registration/equivalence not inferred
XR,command,net_stats,NET_Stats_f,Quake/net_dgrm.c,1669,NET/COOP/MOVE,literal declaration; registration/equivalence not inferred
XR,command,ban,NET_Ban_f,Quake/net_dgrm.c,1698,NET/COOP/MOVE,literal declaration; registration/equivalence not inferred
XR,command,test,Test_f,Quake/net_dgrm.c,1700,NET/COOP/MOVE,literal declaration; registration/equivalence not inferred
XR,command,test2,Test2_f,Quake/net_dgrm.c,1701,NET/COOP/MOVE,literal declaration; registration/equivalence not inferred
XR,cvar,net_messagetimeout,300,Quake/net_main.c,62,NET/COOP/MOVE,literal declaration; registration/equivalence not inferred
XR,cvar,net_connecttimeout,10,Quake/net_main.c,63,NET/COOP/MOVE,literal declaration; registration/equivalence not inferred
XR,cvar,hostname,UNNAMED,Quake/net_main.c,64,NET/COOP/MOVE,literal declaration; registration/equivalence not inferred
XR,command,slist,NET_Slist_f,Quake/net_main.c,938,NET/COOP/MOVE,literal declaration; registration/equivalence not inferred
XR,command,listen,NET_Listen_f,Quake/net_main.c,939,NET/COOP/MOVE,literal declaration; registration/equivalence not inferred
XR,command,maxplayers,MaxPlayers_f,Quake/net_main.c,940,NET/COOP/MOVE,literal declaration; registration/equivalence not inferred
XR,command,port,NET_Port_f,Quake/net_main.c,941,NET/COOP/MOVE,literal declaration; registration/equivalence not inferred
XR,cvar,pm_bunnyspeedcap,,Quake/pmove.c,56,MOD-011,literal declaration; registration/equivalence not inferred
XR,cvar,pm_bunnyfriction,1,Quake/pmove.c,57,MOD-011,literal declaration; registration/equivalence not inferred
XR,cvar,pm_ktjump,,Quake/pmove.c,58,MOD-011,literal declaration; registration/equivalence not inferred
XR,cvar,pm_slidefix,1,Quake/pmove.c,59,MOD-011,literal declaration; registration/equivalence not inferred
XR,cvar,pm_airstep,,Quake/pmove.c,60,MOD-011,literal declaration; registration/equivalence not inferred
XR,cvar,pm_pground,,Quake/pmove.c,61,MOD-011,literal declaration; registration/equivalence not inferred
XR,cvar,pm_stepdown,,Quake/pmove.c,62,MOD-011,literal declaration; registration/equivalence not inferred
XR,cvar,pm_walljump,,Quake/pmove.c,63,MOD-011,literal declaration; registration/equivalence not inferred
XR,cvar,pm_slidyslopes,,Quake/pmove.c,64,MOD-011,literal declaration; registration/equivalence not inferred
XR,cvar,pm_autobunny,,Quake/pmove.c,65,MOD-011,literal declaration; registration/equivalence not inferred
XR,cvar,pm_watersinkspeed,,Quake/pmove.c,66,MOD-011,literal declaration; registration/equivalence not inferred
XR,cvar,pm_flyfriction,,Quake/pmove.c,67,MOD-011,literal declaration; registration/equivalence not inferred
XR,cvar,pm_edgefriction,2,Quake/pmove.c,68,MOD-011,literal declaration; registration/equivalence not inferred
XR,cvar,pm_stepheight,,Quake/pmove.c,69,MOD-011,literal declaration; registration/equivalence not inferred
XR,cvar,sv_airaccelerate,-1,Quake/pmove.c,70,MOD-011,literal declaration; registration/equivalence not inferred
XR,cvar,sv_wateraccelerate,-1,Quake/pmove.c,71,MOD-011,literal declaration; registration/equivalence not inferred
XR,cvar,sv_waterfriction,4,Quake/pmove.c,72,MOD-011,literal declaration; registration/equivalence not inferred
XR,cvar,sv_spectatormaxspeed,500,Quake/pmove.c,73,MOD-011,literal declaration; registration/equivalence not inferred
XR,cvar,sv_gameplayfix_random,1,Quake/pr_cmds.c,675,MOD-001;MOD-003;MOD-004;MOD-005;MOD-006;MOD-009;MOD-010;WPN-010,literal declaration; registration/equivalence not inferred
XR,cvar,sv_aim,1,Quake/pr_cmds.c,2275,MOD-001;MOD-003;MOD-004;MOD-005;MOD-006;MOD-009;MOD-010;WPN-010,literal declaration; registration/equivalence not inferred
XR,cvar,pr_checkextension,1,Quake/pr_cmds.c,2647,MOD-001;MOD-003;MOD-004;MOD-005;MOD-006;MOD-009;MOD-010;WPN-010,literal declaration; registration/equivalence not inferred
XR,cvar,nomonsters,0,Quake/pr_edict.c,43,MOD-007;MOD-012;MOD-014,literal declaration; registration/equivalence not inferred
XR,cvar,gamecfg,0,Quake/pr_edict.c,44,MOD-007;MOD-012;MOD-014,literal declaration; registration/equivalence not inferred
XR,cvar,scratch1,0,Quake/pr_edict.c,45,MOD-007;MOD-012;MOD-014,literal declaration; registration/equivalence not inferred
XR,cvar,scratch2,0,Quake/pr_edict.c,46,MOD-007;MOD-012;MOD-014,literal declaration; registration/equivalence not inferred
XR,cvar,scratch3,0,Quake/pr_edict.c,47,MOD-007;MOD-012;MOD-014,literal declaration; registration/equivalence not inferred
XR,cvar,scratch4,0,Quake/pr_edict.c,48,MOD-007;MOD-012;MOD-014,literal declaration; registration/equivalence not inferred
XR,cvar,savedgamecfg,0,Quake/pr_edict.c,49,MOD-007;MOD-012;MOD-014,literal declaration; registration/equivalence not inferred
XR,cvar,saved1,0,Quake/pr_edict.c,50,MOD-007;MOD-012;MOD-014,literal declaration; registration/equivalence not inferred
XR,cvar,saved2,0,Quake/pr_edict.c,51,MOD-007;MOD-012;MOD-014,literal declaration; registration/equivalence not inferred
XR,cvar,saved3,0,Quake/pr_edict.c,52,MOD-007;MOD-012;MOD-014,literal declaration; registration/equivalence not inferred
XR,cvar,saved4,0,Quake/pr_edict.c,53,MOD-007;MOD-012;MOD-014,literal declaration; registration/equivalence not inferred
XR,command,edict,ED_PrintEdict_f,Quake/pr_edict.c,1816,MOD-007;MOD-012;MOD-014,literal declaration; registration/equivalence not inferred
XR,command,edicts,ED_PrintEdicts,Quake/pr_edict.c,1817,MOD-007;MOD-012;MOD-014,literal declaration; registration/equivalence not inferred
XR,command,edictcount,ED_Count,Quake/pr_edict.c,1818,MOD-007;MOD-012;MOD-014,literal declaration; registration/equivalence not inferred
XR,command,profile,PR_Profile_f,Quake/pr_edict.c,1819,MOD-007;MOD-012;MOD-014,literal declaration; registration/equivalence not inferred
XR,cvar,r_alias_batching,1,Quake/r_alias.c,41,AV-006;MOD-008,literal declaration; registration/equivalence not inferred
XR,cvar,r_alicia_direct,0,Quake/r_alicia_spike.c,12,AV-009,literal declaration; registration/equivalence not inferred
XR,cvar,r_alicia_preview,0,Quake/r_alicia_spike.c,13,AV-009,literal declaration; registration/equivalence not inferred
XR,cvar,r_alicia_pose,0,Quake/r_alicia_spike.c,14,AV-009,literal declaration; registration/equivalence not inferred
XR,cvar,r_alicia_props,1,Quake/r_alicia_spike.c,15,AV-009,literal declaration; registration/equivalence not inferred
XR,command,alicia_spike_stats,AS_Stats,Quake/r_alicia_spike.c,192,AV-009,literal declaration; registration/equivalence not inferred
XR,cvar,r_gpu_lightmaps,0,Quake/r_brush.c,32,PERF-F003,literal declaration; registration/equivalence not inferred
XR,cvar,r_particles,2,Quake/r_part.c,48,PERF/ASSET,literal declaration; registration/equivalence not inferred
XR,cvar,r_quadparticles,1,Quake/r_part.c,49,PERF/ASSET,literal declaration; registration/equivalence not inferred
XR,cvar,r_bouncysparks,1,Quake/r_part_fte.c,457,MOD-009,literal declaration; registration/equivalence not inferred
XR,cvar,r_part_rain,1,Quake/r_part_fte.c,458,MOD-009,literal declaration; registration/equivalence not inferred
XR,cvar,r_bloodstains,1,Quake/r_part_fte.c,460,MOD-009,literal declaration; registration/equivalence not inferred
XR,cvar,r_decal_noperpendicular,1,Quake/r_part_fte.c,462,MOD-009,literal declaration; registration/equivalence not inferred
XR,cvar,r_particledesc,classic,Quake/r_part_fte.c,463,MOD-009,literal declaration; registration/equivalence not inferred
XR,cvar,r_part_rain_quantity,1,Quake/r_part_fte.c,464,MOD-009,literal declaration; registration/equivalence not inferred
XR,cvar,r_particle_tracelimit,0x7fffffff,Quake/r_part_fte.c,465,MOD-009,literal declaration; registration/equivalence not inferred
XR,cvar,r_part_sparks,1,Quake/r_part_fte.c,466,MOD-009,literal declaration; registration/equivalence not inferred
XR,cvar,r_part_sparks_trifan,1,Quake/r_part_fte.c,467,MOD-009,literal declaration; registration/equivalence not inferred
XR,cvar,r_part_sparks_textured,1,Quake/r_part_fte.c,468,MOD-009,literal declaration; registration/equivalence not inferred
XR,cvar,r_part_beams,1,Quake/r_part_fte.c,469,MOD-009,literal declaration; registration/equivalence not inferred
XR,cvar,r_part_contentswitch,1,Quake/r_part_fte.c,470,MOD-009,literal declaration; registration/equivalence not inferred
XR,cvar,r_part_maxparticles,65536,Quake/r_part_fte.c,472,MOD-009,literal declaration; registration/equivalence not inferred
XR,cvar,r_part_maxdecals,8192,Quake/r_part_fte.c,473,MOD-009,literal declaration; registration/equivalence not inferred
XR,cvar,r_lightflicker,1,Quake/r_part_fte.c,474,MOD-009,literal declaration; registration/equivalence not inferred
XR,command,r_partredirect,P_PartRedirect_f,Quake/r_part_fte.c,3498,MOD-009,literal declaration; registration/equivalence not inferred
XR,command,r_partinfo,P_PartInfo_f,Quake/r_part_fte.c,3501,MOD-009,literal declaration; registration/equivalence not inferred
XR,command,r_beaminfo,P_BeamInfo_f,Quake/r_part_fte.c,3502,MOD-009,literal declaration; registration/equivalence not inferred
XR,cvar,r_gpuworldmark,0,Quake/r_world.c,35,PERF/ASSET,literal declaration; registration/equivalence not inferred
XR,cvar,r_gpuworldmark_validate,0,Quake/r_world.c,36,PERF/ASSET,literal declaration; registration/equivalence not inferred
XR,command,+showscores,Sbar_ShowScores,Quake/sbar.c,292,AUDIO-005;COOP-009;MOD-002,literal declaration; registration/equivalence not inferred
XR,command,-showscores,Sbar_DontShowScores,Quake/sbar.c,293,AUDIO-005;COOP-009;MOD-002,literal declaration; registration/equivalence not inferred
XR,cvar,bgmvolume,0.2,Quake/snd_dma.c,75,AUDIO-011,literal declaration; registration/equivalence not inferred
XR,cvar,volume,0.2,Quake/snd_dma.c,76,AUDIO-011,literal declaration; registration/equivalence not inferred
XR,cvar,precache,1,Quake/snd_dma.c,78,AUDIO-011,literal declaration; registration/equivalence not inferred
XR,cvar,loadas8bit,0,Quake/snd_dma.c,79,AUDIO-011,literal declaration; registration/equivalence not inferred
XR,cvar,sndspeed,11025,Quake/snd_dma.c,81,AUDIO-011,literal declaration; registration/equivalence not inferred
XR,cvar,snd_mixspeed,44100,Quake/snd_dma.c,82,AUDIO-011,literal declaration; registration/equivalence not inferred
XR,cvar,nosound,0,Quake/snd_dma.c,93,AUDIO-011,literal declaration; registration/equivalence not inferred
XR,cvar,ambient_level,0.3,Quake/snd_dma.c,94,AUDIO-011,literal declaration; registration/equivalence not inferred
XR,cvar,ambient_fade,100,Quake/snd_dma.c,95,AUDIO-011,literal declaration; registration/equivalence not inferred
XR,cvar,snd_noextraupdate,0,Quake/snd_dma.c,96,AUDIO-011,literal declaration; registration/equivalence not inferred
XR,cvar,snd_show,0,Quake/snd_dma.c,97,AUDIO-011,literal declaration; registration/equivalence not inferred
XR,cvar,_snd_mixahead,0.1,Quake/snd_dma.c,98,AUDIO-011,literal declaration; registration/equivalence not inferred
XR,command,play,S_Play,Quake/snd_dma.c,192,AUDIO-011,literal declaration; registration/equivalence not inferred
XR,command,playvol,S_PlayVol,Quake/snd_dma.c,193,AUDIO-011,literal declaration; registration/equivalence not inferred
XR,command,stopsound,S_StopAllSoundsC,Quake/snd_dma.c,194,AUDIO-011,literal declaration; registration/equivalence not inferred
XR,command,soundlist,S_SoundList,Quake/snd_dma.c,195,AUDIO-011,literal declaration; registration/equivalence not inferred
XR,command,soundinfo,S_SoundInfo_f,Quake/snd_dma.c,196,AUDIO-011,literal declaration; registration/equivalence not inferred
XR,cvar,snd_hrtf,1,Quake/snd_spatial.c,11,AUDIO-006;AUDIO-007;AUDIO-008;AUDIO-009,literal declaration; registration/equivalence not inferred
XR,cvar,snd_spatial_weapons,1,Quake/snd_spatial.c,12,AUDIO-006;AUDIO-007;AUDIO-008;AUDIO-009,literal declaration; registration/equivalence not inferred
XR,cvar,voice_radio_filter,1,Quake/snd_spatial.c,16,AUDIO-006;AUDIO-007;AUDIO-008;AUDIO-009,literal declaration; registration/equivalence not inferred
XR,cvar,voice_radio_compression,0,Quake/snd_spatial.c,17,AUDIO-006;AUDIO-007;AUDIO-008;AUDIO-009,literal declaration; registration/equivalence not inferred
XR,cvar,voice_radio_drive,0,Quake/snd_spatial.c,18,AUDIO-006;AUDIO-007;AUDIO-008;AUDIO-009,literal declaration; registration/equivalence not inferred
XR,cvar,snd_occlusion,1,Quake/snd_spatial.c,19,AUDIO-006;AUDIO-007;AUDIO-008;AUDIO-009,literal declaration; registration/equivalence not inferred
XR,cvar,snd_reverb,0.25,Quake/snd_spatial.c,20,AUDIO-006;AUDIO-007;AUDIO-008;AUDIO-009,literal declaration; registration/equivalence not inferred
XR,cvar,snd_reverb_mode,2,Quake/snd_spatial.c,21,AUDIO-006;AUDIO-007;AUDIO-008;AUDIO-009,literal declaration; registration/equivalence not inferred
XR,cvar,snd_reverb_rays,2048,Quake/snd_spatial.c,22,AUDIO-006;AUDIO-007;AUDIO-008;AUDIO-009,literal declaration; registration/equivalence not inferred
XR,cvar,snd_reverb_bounces,16,Quake/snd_spatial.c,23,AUDIO-006;AUDIO-007;AUDIO-008;AUDIO-009,literal declaration; registration/equivalence not inferred
XR,cvar,voice_reverb,0.12,Quake/snd_spatial.c,24,AUDIO-006;AUDIO-007;AUDIO-008;AUDIO-009,literal declaration; registration/equivalence not inferred
XR,command,snd_spatial_status,Spatial_Status_f,Quake/snd_spatial.c,115,AUDIO-006;AUDIO-007;AUDIO-008;AUDIO-009,literal declaration; registration/equivalence not inferred
XR,command,snd_spatial_probe,Spatial_Probe_f,Quake/snd_spatial.c,116,AUDIO-006;AUDIO-007;AUDIO-008;AUDIO-009,literal declaration; registration/equivalence not inferred
XR,cvar,sv_maxpacketsize,1400,Quake/sv_main.c,134,AUDIO-001;COOP-001;COOP-002;COOP-003;COOP-004;COOP-005;COOP-006;COOP-007;COOP-008;COOP-011;COOP-012;MOD-007;MOVE-002;MOVE-003;MOVE-009;MOVE-012,literal declaration; registration/equivalence not inferred
XR,cvar,sv_voice,1,Quake/sv_main.c,135,AUDIO-001;COOP-001;COOP-002;COOP-003;COOP-004;COOP-005;COOP-006;COOP-007;COOP-008;COOP-011;COOP-012;MOD-007;MOVE-002;MOVE-003;MOVE-009;MOVE-012,literal declaration; registration/equivalence not inferred
XR,cvar,sv_netdiag_interval,5,Quake/sv_main.c,136,AUDIO-001;COOP-001;COOP-002;COOP-003;COOP-004;COOP-005;COOP-006;COOP-007;COOP-008;COOP-011;COOP-012;MOD-007;MOVE-002;MOVE-003;MOVE-009;MOVE-012,literal declaration; registration/equivalence not inferred
XR,cvar,sv_replacement_maxpackets,0,Quake/sv_main.c,137,AUDIO-001;COOP-001;COOP-002;COOP-003;COOP-004;COOP-005;COOP-006;COOP-007;COOP-008;COOP-011;COOP-012;MOD-007;MOVE-002;MOVE-003;MOVE-009;MOVE-012,literal declaration; registration/equivalence not inferred
XR,cvar,sv_predict_nqmovement,0,Quake/sv_main.c,138,AUDIO-001;COOP-001;COOP-002;COOP-003;COOP-004;COOP-005;COOP-006;COOP-007;COOP-008;COOP-011;COOP-012;MOD-007;MOVE-002;MOVE-003;MOVE-009;MOVE-012,literal declaration; registration/equivalence not inferred
XR,cvar,sv_nopunchangle,0,Quake/sv_main.c,139,AUDIO-001;COOP-001;COOP-002;COOP-003;COOP-004;COOP-005;COOP-006;COOP-007;COOP-008;COOP-011;COOP-012;MOD-007;MOVE-002;MOVE-003;MOVE-009;MOVE-012,literal declaration; registration/equivalence not inferred
XR,cvar,sv_akimbo,1,Quake/sv_main.c,140,AUDIO-001;COOP-001;COOP-002;COOP-003;COOP-004;COOP-005;COOP-006;COOP-007;COOP-008;COOP-011;COOP-012;MOD-007;MOVE-002;MOVE-003;MOVE-009;MOVE-012,literal declaration; registration/equivalence not inferred
XR,cvar,sv_gorilla,1,Quake/sv_main.c,141,AUDIO-001;COOP-001;COOP-002;COOP-003;COOP-004;COOP-005;COOP-006;COOP-007;COOP-008;COOP-011;COOP-012;MOD-007;MOVE-002;MOVE-003;MOVE-009;MOVE-012,literal declaration; registration/equivalence not inferred
XR,cvar,sv_gorilla_trustclient,1,Quake/sv_main.c,142,AUDIO-001;COOP-001;COOP-002;COOP-003;COOP-004;COOP-005;COOP-006;COOP-007;COOP-008;COOP-011;COOP-012;MOD-007;MOVE-002;MOVE-003;MOVE-009;MOVE-012,literal declaration; registration/equivalence not inferred
XR,cvar,sv_netsort,1,Quake/sv_main.c,148,AUDIO-001;COOP-001;COOP-002;COOP-003;COOP-004;COOP-005;COOP-006;COOP-007;COOP-008;COOP-011;COOP-012;MOD-007;MOVE-002;MOVE-003;MOVE-009;MOVE-012,literal declaration; registration/equivalence not inferred
XR,cvar,sv_coop_classic,0,Quake/sv_main.c,149,AUDIO-001;COOP-001;COOP-002;COOP-003;COOP-004;COOP-005;COOP-006;COOP-007;COOP-008;COOP-011;COOP-012;MOD-007;MOVE-002;MOVE-003;MOVE-009;MOVE-012,literal declaration; registration/equivalence not inferred
XR,cvar,sv_coop_notelefrag,-1,Quake/sv_main.c,150,AUDIO-001;COOP-001;COOP-002;COOP-003;COOP-004;COOP-005;COOP-006;COOP-007;COOP-008;COOP-011;COOP-012;MOD-007;MOVE-002;MOVE-003;MOVE-009;MOVE-012,literal declaration; registration/equivalence not inferred
XR,cvar,sv_coop_player_teleport_fallback,-1,Quake/sv_main.c,151,AUDIO-001;COOP-001;COOP-002;COOP-003;COOP-004;COOP-005;COOP-006;COOP-007;COOP-008;COOP-011;COOP-012;MOD-007;MOVE-002;MOVE-003;MOVE-009;MOVE-012,literal declaration; registration/equivalence not inferred
XR,cvar,sv_coop_shared_pickups,-1,Quake/sv_main.c,152,AUDIO-001;COOP-001;COOP-002;COOP-003;COOP-004;COOP-005;COOP-006;COOP-007;COOP-008;COOP-011;COOP-012;MOD-007;MOVE-002;MOVE-003;MOVE-009;MOVE-012,literal declaration; registration/equivalence not inferred
XR,cvar,sv_coop_weapon_targetfix,-1,Quake/sv_main.c,153,AUDIO-001;COOP-001;COOP-002;COOP-003;COOP-004;COOP-005;COOP-006;COOP-007;COOP-008;COOP-011;COOP-012;MOD-007;MOVE-002;MOVE-003;MOVE-009;MOVE-012,literal declaration; registration/equivalence not inferred
XR,cvar,sv_coop_pickup_targetlog,0,Quake/sv_main.c,154,AUDIO-001;COOP-001;COOP-002;COOP-003;COOP-004;COOP-005;COOP-006;COOP-007;COOP-008;COOP-011;COOP-012;MOD-007;MOVE-002;MOVE-003;MOVE-009;MOVE-012,literal declaration; registration/equivalence not inferred
XR,cvar,sv_coop_pickup_targetfix,0,Quake/sv_main.c,155,AUDIO-001;COOP-001;COOP-002;COOP-003;COOP-004;COOP-005;COOP-006;COOP-007;COOP-008;COOP-011;COOP-012;MOD-007;MOVE-002;MOVE-003;MOVE-009;MOVE-012,literal declaration; registration/equivalence not inferred
XR,cvar,sv_coop_pickup_targetfix_classes,,Quake/sv_main.c,156,AUDIO-001;COOP-001;COOP-002;COOP-003;COOP-004;COOP-005;COOP-006;COOP-007;COOP-008;COOP-011;COOP-012;MOD-007;MOVE-002;MOVE-003;MOVE-009;MOVE-012,literal declaration; registration/equivalence not inferred
XR,cvar,sv_coop_ammo_respawn,-1,Quake/sv_main.c,157,AUDIO-001;COOP-001;COOP-002;COOP-003;COOP-004;COOP-005;COOP-006;COOP-007;COOP-008;COOP-011;COOP-012;MOD-007;MOVE-002;MOVE-003;MOVE-009;MOVE-012,literal declaration; registration/equivalence not inferred
XR,cvar,sv_coop_ammo_respawn_time,30,Quake/sv_main.c,158,AUDIO-001;COOP-001;COOP-002;COOP-003;COOP-004;COOP-005;COOP-006;COOP-007;COOP-008;COOP-011;COOP-012;MOD-007;MOVE-002;MOVE-003;MOVE-009;MOVE-012,literal declaration; registration/equivalence not inferred
XR,cvar,sv_coop_progression_item_respawn,-1,Quake/sv_main.c,159,AUDIO-001;COOP-001;COOP-002;COOP-003;COOP-004;COOP-005;COOP-006;COOP-007;COOP-008;COOP-011;COOP-012;MOD-007;MOVE-002;MOVE-003;MOVE-009;MOVE-012,literal declaration; registration/equivalence not inferred
XR,cvar,sv_coop_progression_item_respawn_time,5,Quake/sv_main.c,160,AUDIO-001;COOP-001;COOP-002;COOP-003;COOP-004;COOP-005;COOP-006;COOP-007;COOP-008;COOP-011;COOP-012;MOD-007;MOVE-002;MOVE-003;MOVE-009;MOVE-012,literal declaration; registration/equivalence not inferred
XR,cvar,sv_coop_progression_item_respawn_classes,item_jboots item_jboots_timed item_artifact_envirosuit item_artifact_wetsuit item_artifact_airtank item_artifact_divingsuit,Quake/sv_main.c,161,AUDIO-001;COOP-001;COOP-002;COOP-003;COOP-004;COOP-005;COOP-006;COOP-007;COOP-008;COOP-011;COOP-012;MOD-007;MOVE-002;MOVE-003;MOVE-009;MOVE-012,literal declaration; registration/equivalence not inferred
XR,cvar,sv_coop_revive,-1,Quake/sv_main.c,162,AUDIO-001;COOP-001;COOP-002;COOP-003;COOP-004;COOP-005;COOP-006;COOP-007;COOP-008;COOP-011;COOP-012;MOD-007;MOVE-002;MOVE-003;MOVE-009;MOVE-012,literal declaration; registration/equivalence not inferred
XR,cvar,sv_coop_revive_health,25,Quake/sv_main.c,163,AUDIO-001;COOP-001;COOP-002;COOP-003;COOP-004;COOP-005;COOP-006;COOP-007;COOP-008;COOP-011;COOP-012;MOD-007;MOVE-002;MOVE-003;MOVE-009;MOVE-012,literal declaration; registration/equivalence not inferred
XR,cvar,sv_coop_revive_range,96,Quake/sv_main.c,164,AUDIO-001;COOP-001;COOP-002;COOP-003;COOP-004;COOP-005;COOP-006;COOP-007;COOP-008;COOP-011;COOP-012;MOD-007;MOVE-002;MOVE-003;MOVE-009;MOVE-012,literal declaration; registration/equivalence not inferred
XR,cvar,sv_coop_respawn_near_player,-1,Quake/sv_main.c,165,AUDIO-001;COOP-001;COOP-002;COOP-003;COOP-004;COOP-005;COOP-006;COOP-007;COOP-008;COOP-011;COOP-012;MOD-007;MOVE-002;MOVE-003;MOVE-009;MOVE-012,literal declaration; registration/equivalence not inferred
XR,cvar,sv_coop_respawn_delay,10,Quake/sv_main.c,166,AUDIO-001;COOP-001;COOP-002;COOP-003;COOP-004;COOP-005;COOP-006;COOP-007;COOP-008;COOP-011;COOP-012;MOD-007;MOVE-002;MOVE-003;MOVE-009;MOVE-012,literal declaration; registration/equivalence not inferred
XR,cvar,sv_coop_respawn_keep_weapons_ammo,-1,Quake/sv_main.c,167,AUDIO-001;COOP-001;COOP-002;COOP-003;COOP-004;COOP-005;COOP-006;COOP-007;COOP-008;COOP-011;COOP-012;MOD-007;MOVE-002;MOVE-003;MOVE-009;MOVE-012,literal declaration; registration/equivalence not inferred
XR,cvar,sv_coop_autosave,-1,Quake/sv_main.c,168,AUDIO-001;COOP-001;COOP-002;COOP-003;COOP-004;COOP-005;COOP-006;COOP-007;COOP-008;COOP-011;COOP-012;MOD-007;MOVE-002;MOVE-003;MOVE-009;MOVE-012,literal declaration; registration/equivalence not inferred
XR,cvar,sv_coop_autosave_slots,4,Quake/sv_main.c,169,AUDIO-001;COOP-001;COOP-002;COOP-003;COOP-004;COOP-005;COOP-006;COOP-007;COOP-008;COOP-011;COOP-012;MOD-007;MOVE-002;MOVE-003;MOVE-009;MOVE-012,literal declaration; registration/equivalence not inferred
XR,cvar,sv_coop_autosave_min_interval,30,Quake/sv_main.c,170,AUDIO-001;COOP-001;COOP-002;COOP-003;COOP-004;COOP-005;COOP-006;COOP-007;COOP-008;COOP-011;COOP-012;MOD-007;MOVE-002;MOVE-003;MOVE-009;MOVE-012,literal declaration; registration/equivalence not inferred
XR,cvar,sv_coop_autosave_kill_interval,10,Quake/sv_main.c,171,AUDIO-001;COOP-001;COOP-002;COOP-003;COOP-004;COOP-005;COOP-006;COOP-007;COOP-008;COOP-011;COOP-012;MOD-007;MOVE-002;MOVE-003;MOVE-009;MOVE-012,literal declaration; registration/equivalence not inferred
XR,cvar,sv_coop_predictmove,0,Quake/sv_main.c,172,AUDIO-001;COOP-001;COOP-002;COOP-003;COOP-004;COOP-005;COOP-006;COOP-007;COOP-008;COOP-011;COOP-012;MOD-007;MOVE-002;MOVE-003;MOVE-009;MOVE-012,literal declaration; registration/equivalence not inferred
XR,cvar,sv_triggerdebug,0,Quake/sv_main.c,173,AUDIO-001;COOP-001;COOP-002;COOP-003;COOP-004;COOP-005;COOP-006;COOP-007;COOP-008;COOP-011;COOP-012;MOD-007;MOVE-002;MOVE-003;MOVE-009;MOVE-012,literal declaration; registration/equivalence not inferred
XR,cvar,sv_vr_jump_velocity,297,Quake/sv_main.c,174,AUDIO-001;COOP-001;COOP-002;COOP-003;COOP-004;COOP-005;COOP-006;COOP-007;COOP-008;COOP-011;COOP-012;MOD-007;MOVE-002;MOVE-003;MOVE-009;MOVE-012,literal declaration; registration/equivalence not inferred
XR,cvar,sv_skyroom_pvs,1,Quake/sv_main.c,175,AUDIO-001;COOP-001;COOP-002;COOP-003;COOP-004;COOP-005;COOP-006;COOP-007;COOP-008;COOP-011;COOP-012;MOD-007;MOVE-002;MOVE-003;MOVE-009;MOVE-012,literal declaration; registration/equivalence not inferred
XR,cvar,sv_immersive_melee,-1,Quake/sv_main.c,177,AUDIO-001;COOP-001;COOP-002;COOP-003;COOP-004;COOP-005;COOP-006;COOP-007;COOP-008;COOP-011;COOP-012;MOD-007;MOVE-002;MOVE-003;MOVE-009;MOVE-012,literal declaration; registration/equivalence not inferred
XR,cvar,sv_melee_hitassist,-1,Quake/sv_main.c,178,AUDIO-001;COOP-001;COOP-002;COOP-003;COOP-004;COOP-005;COOP-006;COOP-007;COOP-008;COOP-011;COOP-012;MOD-007;MOVE-002;MOVE-003;MOVE-009;MOVE-012,literal declaration; registration/equivalence not inferred
XR,cvar,sv_weapon_collision,-1,Quake/sv_main.c,179,AUDIO-001;COOP-001;COOP-002;COOP-003;COOP-004;COOP-005;COOP-006;COOP-007;COOP-008;COOP-011;COOP-012;MOD-007;MOVE-002;MOVE-003;MOVE-009;MOVE-012,literal declaration; registration/equivalence not inferred
XR,command,vr_migrate_movement_defaults,VR_MigrateMovementDefaults_f,Quake/sv_main.c,1151,AUDIO-001;COOP-001;COOP-002;COOP-003;COOP-004;COOP-005;COOP-006;COOP-007;COOP-008;COOP-011;COOP-012;MOD-007;MOVE-002;MOVE-003;MOVE-009;MOVE-012,literal declaration; registration/equivalence not inferred
XR,command,netdiag,SV_NetDiag_f,Quake/sv_main.c,1154,AUDIO-001;COOP-001;COOP-002;COOP-003;COOP-004;COOP-005;COOP-006;COOP-007;COOP-008;COOP-011;COOP-012;MOD-007;MOVE-002;MOVE-003;MOVE-009;MOVE-012,literal declaration; registration/equivalence not inferred
XR,cvar,sv_friction,4,Quake/sv_phys.c,64,COOP-013;MOD-011;MOD-012,literal declaration; registration/equivalence not inferred
XR,cvar,sv_stopspeed,100,Quake/sv_phys.c,65,COOP-013;MOD-011;MOD-012,literal declaration; registration/equivalence not inferred
XR,cvar,sv_gravity,800,Quake/sv_phys.c,66,COOP-013;MOD-011;MOD-012,literal declaration; registration/equivalence not inferred
XR,cvar,sv_maxvelocity,2000,Quake/sv_phys.c,67,COOP-013;MOD-011;MOD-012,literal declaration; registration/equivalence not inferred
XR,cvar,sv_nostep,0,Quake/sv_phys.c,68,COOP-013;MOD-011;MOD-012,literal declaration; registration/equivalence not inferred
XR,cvar,sv_freezenonclients,0,Quake/sv_phys.c,69,COOP-013;MOD-011;MOD-012,literal declaration; registration/equivalence not inferred
XR,cvar,sv_gameplayfix_spawnbeforethinks,0,Quake/sv_phys.c,70,COOP-013;MOD-011;MOD-012,literal declaration; registration/equivalence not inferred
XR,cvar,sv_gameplayfix_elevators,2,Quake/sv_phys.c,4276,COOP-013;MOD-011;MOD-012,literal declaration; registration/equivalence not inferred
XR,cvar,edgefriction,2,Quake/sv_user.c,34,NET/COOP/MOVE,literal declaration; registration/equivalence not inferred
XR,cvar,sv_idealpitchscale,0.8,Quake/sv_user.c,54,NET/COOP/MOVE,literal declaration; registration/equivalence not inferred
XR,cvar,sv_altnoclip,1,Quake/sv_user.c,55,NET/COOP/MOVE,literal declaration; registration/equivalence not inferred
XR,cvar,sv_nqplayerphysics,0,Quake/sv_user.c,56,NET/COOP/MOVE,literal declaration; registration/equivalence not inferred
XR,cvar,sv_trustedmovement,1,Quake/sv_user.c,57,NET/COOP/MOVE,literal declaration; registration/equivalence not inferred
XR,cvar,sv_pmove_mode,1,Quake/sv_user.c,58,NET/COOP/MOVE,literal declaration; registration/equivalence not inferred
XR,cvar,sv_inputtimeout,0,Quake/sv_user.c,59,NET/COOP/MOVE,literal declaration; registration/equivalence not inferred
XR,cvar,sv_pmove_legacy_preserve_qc_velocity,1,Quake/sv_user.c,60,NET/COOP/MOVE,literal declaration; registration/equivalence not inferred
XR,cvar,sv_maxspeed,320,Quake/sv_user.c,497,NET/COOP/MOVE,literal declaration; registration/equivalence not inferred
XR,cvar,sv_accelerate,10,Quake/sv_user.c,498,NET/COOP/MOVE,literal declaration; registration/equivalence not inferred
XR,cvar,sys_throttle,0.02,Quake/sys_sdl_unix.c,50,PLAT/BASE,literal declaration; registration/equivalence not inferred
XR,cvar,sys_throttle,0.02,Quake/sys_sdl_win.c,62,UI-001,literal declaration; registration/equivalence not inferred
XR,cvar,scr_ofsx,0,Quake/view.c,39,VR-014,literal declaration; registration/equivalence not inferred
XR,cvar,scr_ofsy,0,Quake/view.c,40,VR-014,literal declaration; registration/equivalence not inferred
XR,cvar,scr_ofsz,0,Quake/view.c,41,VR-014,literal declaration; registration/equivalence not inferred
XR,cvar,cl_rollspeed,200,Quake/view.c,43,VR-014,literal declaration; registration/equivalence not inferred
XR,cvar,cl_rollangle,2.0,Quake/view.c,44,VR-014,literal declaration; registration/equivalence not inferred
XR,cvar,cl_bob,0.02,Quake/view.c,46,VR-014,literal declaration; registration/equivalence not inferred
XR,cvar,cl_bobcycle,0.6,Quake/view.c,47,VR-014,literal declaration; registration/equivalence not inferred
XR,cvar,cl_bobup,0.5,Quake/view.c,48,VR-014,literal declaration; registration/equivalence not inferred
XR,cvar,v_kicktime,0.5,Quake/view.c,50,VR-014,literal declaration; registration/equivalence not inferred
XR,cvar,v_kickroll,0.6,Quake/view.c,51,VR-014,literal declaration; registration/equivalence not inferred
XR,cvar,v_kickpitch,0.6,Quake/view.c,52,VR-014,literal declaration; registration/equivalence not inferred
XR,cvar,v_gunkick,1,Quake/view.c,53,VR-014,literal declaration; registration/equivalence not inferred
XR,cvar,v_iyaw_cycle,2,Quake/view.c,55,VR-014,literal declaration; registration/equivalence not inferred
XR,cvar,v_iroll_cycle,0.5,Quake/view.c,56,VR-014,literal declaration; registration/equivalence not inferred
XR,cvar,v_ipitch_cycle,1,Quake/view.c,57,VR-014,literal declaration; registration/equivalence not inferred
XR,cvar,v_iyaw_level,0.3,Quake/view.c,58,VR-014,literal declaration; registration/equivalence not inferred
XR,cvar,v_iroll_level,0.1,Quake/view.c,59,VR-014,literal declaration; registration/equivalence not inferred
XR,cvar,v_ipitch_level,0.3,Quake/view.c,60,VR-014,literal declaration; registration/equivalence not inferred
XR,cvar,v_idlescale,0,Quake/view.c,62,VR-014,literal declaration; registration/equivalence not inferred
XR,cvar,crosshair,0,Quake/view.c,64,VR-014,literal declaration; registration/equivalence not inferred
XR,cvar,gl_cshiftpercent,100,Quake/view.c,67,VR-014,literal declaration; registration/equivalence not inferred
XR,cvar,gl_cshiftpercent_contents,100,Quake/view.c,68,VR-014,literal declaration; registration/equivalence not inferred
XR,cvar,gl_cshiftpercent_damage,100,Quake/view.c,69,VR-014,literal declaration; registration/equivalence not inferred
XR,cvar,gl_cshiftpercent_bonus,100,Quake/view.c,70,VR-014,literal declaration; registration/equivalence not inferred
XR,cvar,gl_cshiftpercent_powerup,100,Quake/view.c,71,VR-014,literal declaration; registration/equivalence not inferred
XR,cvar,r_viewmodel_quake,0,Quake/view.c,73,VR-014,literal declaration; registration/equivalence not inferred
XR,cvar,v_centermove,0.15,Quake/view.c,161,VR-014,literal declaration; registration/equivalence not inferred
XR,cvar,v_centerspeed,500,Quake/view.c,162,VR-014,literal declaration; registration/equivalence not inferred
XR,command,v_cshift,V_cshift_f,Quake/view.c,1168,VR-014,literal declaration; registration/equivalence not inferred
XR,command,bf,V_BonusFlash_f,Quake/view.c,1169,VR-014,literal declaration; registration/equivalence not inferred
XR,command,centerview,V_StartPitchDrift,Quake/view.c,1170,VR-014,literal declaration; registration/equivalence not inferred
XR,cvar,voice_receive,1,Quake/voice.c,47,AUDIO-001;AUDIO-002;AUDIO-003;AUDIO-004;AUDIO-005;AUDIO-007;AUDIO-010,literal declaration; registration/equivalence not inferred
XR,cvar,voice_transmit,0,Quake/voice.c,50,AUDIO-001;AUDIO-002;AUDIO-003;AUDIO-004;AUDIO-005;AUDIO-007;AUDIO-010,literal declaration; registration/equivalence not inferred
XR,cvar,voice_self_reverb,0,Quake/voice.c,51,AUDIO-001;AUDIO-002;AUDIO-003;AUDIO-004;AUDIO-005;AUDIO-007;AUDIO-010,literal declaration; registration/equivalence not inferred
XR,cvar,voice_self_reverb_volume,0.6,Quake/voice.c,52,AUDIO-001;AUDIO-002;AUDIO-003;AUDIO-004;AUDIO-005;AUDIO-007;AUDIO-010,literal declaration; registration/equivalence not inferred
XR,cvar,voice_mode,0,Quake/voice.c,53,AUDIO-001;AUDIO-002;AUDIO-003;AUDIO-004;AUDIO-005;AUDIO-007;AUDIO-010,literal declaration; registration/equivalence not inferred
XR,cvar,voice_input_device,,Quake/voice.c,54,AUDIO-001;AUDIO-002;AUDIO-003;AUDIO-004;AUDIO-005;AUDIO-007;AUDIO-010,literal declaration; registration/equivalence not inferred
XR,cvar,voice_input_gain,1,Quake/voice.c,55,AUDIO-001;AUDIO-002;AUDIO-003;AUDIO-004;AUDIO-005;AUDIO-007;AUDIO-010,literal declaration; registration/equivalence not inferred
XR,cvar,voice_vad_sensitivity,55,Quake/voice.c,56,AUDIO-001;AUDIO-002;AUDIO-003;AUDIO-004;AUDIO-005;AUDIO-007;AUDIO-010,literal declaration; registration/equivalence not inferred
XR,cvar,voice_volume,1,Quake/voice.c,57,AUDIO-001;AUDIO-002;AUDIO-003;AUDIO-004;AUDIO-005;AUDIO-007;AUDIO-010,literal declaration; registration/equivalence not inferred
XR,cvar,voice_radio_volume,0.45,Quake/voice.c,58,AUDIO-001;AUDIO-002;AUDIO-003;AUDIO-004;AUDIO-005;AUDIO-007;AUDIO-010,literal declaration; registration/equivalence not inferred
XR,cvar,voice_spatial_distance,768,Quake/voice.c,59,AUDIO-001;AUDIO-002;AUDIO-003;AUDIO-004;AUDIO-005;AUDIO-007;AUDIO-010,literal declaration; registration/equivalence not inferred
XR,cvar,voice_positional_only,0,Quake/voice.c,60,AUDIO-001;AUDIO-002;AUDIO-003;AUDIO-004;AUDIO-005;AUDIO-007;AUDIO-010,literal declaration; registration/equivalence not inferred
XR,cvar,voice_hud,1,Quake/voice.c,61,AUDIO-001;AUDIO-002;AUDIO-003;AUDIO-004;AUDIO-005;AUDIO-007;AUDIO-010,literal declaration; registration/equivalence not inferred
XR,command,voice_list_devices,Voice_ListDevices_f,Quake/voice.c,567,AUDIO-001;AUDIO-002;AUDIO-003;AUDIO-004;AUDIO-005;AUDIO-007;AUDIO-010,literal declaration; registration/equivalence not inferred
XR,command,voice_restart,Voice_Restart_f,Quake/voice.c,568,AUDIO-001;AUDIO-002;AUDIO-003;AUDIO-004;AUDIO-005;AUDIO-007;AUDIO-010,literal declaration; registration/equivalence not inferred
XR,command,voice_status,Voice_Status_f,Quake/voice.c,569,AUDIO-001;AUDIO-002;AUDIO-003;AUDIO-004;AUDIO-005;AUDIO-007;AUDIO-010,literal declaration; registration/equivalence not inferred
XR,command,voice_mute,Voice_Mute_f,Quake/voice.c,570,AUDIO-001;AUDIO-002;AUDIO-003;AUDIO-004;AUDIO-005;AUDIO-007;AUDIO-010,literal declaration; registration/equivalence not inferred
XR,command,voice_player_volume,Voice_PlayerVolume_f,Quake/voice.c,571,AUDIO-001;AUDIO-002;AUDIO-003;AUDIO-004;AUDIO-005;AUDIO-007;AUDIO-010,literal declaration; registration/equivalence not inferred
XR,command,+voicerecord,Voice_PTTCommand_f,Quake/voice.c,572,AUDIO-001;AUDIO-002;AUDIO-003;AUDIO-004;AUDIO-005;AUDIO-007;AUDIO-010,literal declaration; registration/equivalence not inferred
XR,command,-voicerecord,Voice_PTTCommand_f,Quake/voice.c,573,AUDIO-001;AUDIO-002;AUDIO-003;AUDIO-004;AUDIO-005;AUDIO-007;AUDIO-010,literal declaration; registration/equivalence not inferred
XR,cvar,vr_backend,openvr,Quake/vr.c,354,AUDIO-003;AV-002;FBT-002;FBT-003;FBT-005;MOD-013;MOVE-001;MOVE-008;MOVE-009;PERF-F001;UI-006;VR-001;VR-002;VR-003;VR-004;VR-005;VR-006;VR-007;VR-008;VR-009;VR-010;VR-011;VR-012;VR-013;VR-014;VR-015;VR-016;WPN-001;WPN-002;WPN-003;WPN-004;WPN-005;WPN-006;WPN-007;WPN-008;WPN-009;WPN-010;WPN-011;WPN-012;XR-004;XR-009,literal declaration; registration/equivalence not inferred
XR,cvar,vr_eye_tracking,0,Quake/vr.c,355,AUDIO-003;AV-002;FBT-002;FBT-003;FBT-005;MOD-013;MOVE-001;MOVE-008;MOVE-009;PERF-F001;UI-006;VR-001;VR-002;VR-003;VR-004;VR-005;VR-006;VR-007;VR-008;VR-009;VR-010;VR-011;VR-012;VR-013;VR-014;VR-015;VR-016;WPN-001;WPN-002;WPN-003;WPN-004;WPN-005;WPN-006;WPN-007;WPN-008;WPN-009;WPN-010;WPN-011;WPN-012;XR-004;XR-009,literal declaration; registration/equivalence not inferred
XR,cvar,vr_foveation,0,Quake/vr.c,356,AUDIO-003;AV-002;FBT-002;FBT-003;FBT-005;MOD-013;MOVE-001;MOVE-008;MOVE-009;PERF-F001;UI-006;VR-001;VR-002;VR-003;VR-004;VR-005;VR-006;VR-007;VR-008;VR-009;VR-010;VR-011;VR-012;VR-013;VR-014;VR-015;VR-016;WPN-001;WPN-002;WPN-003;WPN-004;WPN-005;WPN-006;WPN-007;WPN-008;WPN-009;WPN-010;WPN-011;WPN-012;XR-004;XR-009,literal declaration; registration/equivalence not inferred
XR,cvar,vr_foveation_radius,20,Quake/vr.c,357,AUDIO-003;AV-002;FBT-002;FBT-003;FBT-005;MOD-013;MOVE-001;MOVE-008;MOVE-009;PERF-F001;UI-006;VR-001;VR-002;VR-003;VR-004;VR-005;VR-006;VR-007;VR-008;VR-009;VR-010;VR-011;VR-012;VR-013;VR-014;VR-015;VR-016;WPN-001;WPN-002;WPN-003;WPN-004;WPN-005;WPN-006;WPN-007;WPN-008;WPN-009;WPN-010;WPN-011;WPN-012;XR-004;XR-009,literal declaration; registration/equivalence not inferred
XR,cvar,vr_foveation_backend,0,Quake/vr.c,358,AUDIO-003;AV-002;FBT-002;FBT-003;FBT-005;MOD-013;MOVE-001;MOVE-008;MOVE-009;PERF-F001;UI-006;VR-001;VR-002;VR-003;VR-004;VR-005;VR-006;VR-007;VR-008;VR-009;VR-010;VR-011;VR-012;VR-013;VR-014;VR-015;VR-016;WPN-001;WPN-002;WPN-003;WPN-004;WPN-005;WPN-006;WPN-007;WPN-008;WPN-009;WPN-010;WPN-011;WPN-012;XR-004;XR-009,literal declaration; registration/equivalence not inferred
XR,command,vr_xr_status,VR_XRStatus_f,Quake/vr.c,8609,AUDIO-003;AV-002;FBT-002;FBT-003;FBT-005;MOD-013;MOVE-001;MOVE-008;MOVE-009;PERF-F001;UI-006;VR-001;VR-002;VR-003;VR-004;VR-005;VR-006;VR-007;VR-008;VR-009;VR-010;VR-011;VR-012;VR-013;VR-014;VR-015;VR-016;WPN-001;WPN-002;WPN-003;WPN-004;WPN-005;WPN-006;WPN-007;WPN-008;WPN-009;WPN-010;WPN-011;WPN-012;XR-004;XR-009,literal declaration; registration/equivalence not inferred
XR,command,vr_migrate_hud_defaults,VR_MigrateHudDefaults_f,Quake/vr.c,8618,AUDIO-003;AV-002;FBT-002;FBT-003;FBT-005;MOD-013;MOVE-001;MOVE-008;MOVE-009;PERF-F001;UI-006;VR-001;VR-002;VR-003;VR-004;VR-005;VR-006;VR-007;VR-008;VR-009;VR-010;VR-011;VR-012;VR-013;VR-014;VR-015;VR-016;WPN-001;WPN-002;WPN-003;WPN-004;WPN-005;WPN-006;WPN-007;WPN-008;WPN-009;WPN-010;WPN-011;WPN-012;XR-004;XR-009,literal declaration; registration/equivalence not inferred
XR,command,vr_weaponlist,VR_WeaponList_f,Quake/vr.c,8627,AUDIO-003;AV-002;FBT-002;FBT-003;FBT-005;MOD-013;MOVE-001;MOVE-008;MOVE-009;PERF-F001;UI-006;VR-001;VR-002;VR-003;VR-004;VR-005;VR-006;VR-007;VR-008;VR-009;VR-010;VR-011;VR-012;VR-013;VR-014;VR-015;VR-016;WPN-001;WPN-002;WPN-003;WPN-004;WPN-005;WPN-006;WPN-007;WPN-008;WPN-009;WPN-010;WPN-011;WPN-012;XR-004;XR-009,literal declaration; registration/equivalence not inferred
XR,command,vr_migrate_mod_bindings,VR_MigrateModBindings_f,Quake/vr.c,8628,AUDIO-003;AV-002;FBT-002;FBT-003;FBT-005;MOD-013;MOVE-001;MOVE-008;MOVE-009;PERF-F001;UI-006;VR-001;VR-002;VR-003;VR-004;VR-005;VR-006;VR-007;VR-008;VR-009;VR-010;VR-011;VR-012;VR-013;VR-014;VR-015;VR-016;WPN-001;WPN-002;WPN-003;WPN-004;WPN-005;WPN-006;WPN-007;WPN-008;WPN-009;WPN-010;WPN-011;WPN-012;XR-004;XR-009,literal declaration; registration/equivalence not inferred
XR,command,vr_fbt_list,VR_FBT_List_f,Quake/vr.c,8629,AUDIO-003;AV-002;FBT-002;FBT-003;FBT-005;MOD-013;MOVE-001;MOVE-008;MOVE-009;PERF-F001;UI-006;VR-001;VR-002;VR-003;VR-004;VR-005;VR-006;VR-007;VR-008;VR-009;VR-010;VR-011;VR-012;VR-013;VR-014;VR-015;VR-016;WPN-001;WPN-002;WPN-003;WPN-004;WPN-005;WPN-006;WPN-007;WPN-008;WPN-009;WPN-010;WPN-011;WPN-012;XR-004;XR-009,literal declaration; registration/equivalence not inferred
XR,command,vr_fbt_assign,VR_FBT_Assign_f,Quake/vr.c,8630,AUDIO-003;AV-002;FBT-002;FBT-003;FBT-005;MOD-013;MOVE-001;MOVE-008;MOVE-009;PERF-F001;UI-006;VR-001;VR-002;VR-003;VR-004;VR-005;VR-006;VR-007;VR-008;VR-009;VR-010;VR-011;VR-012;VR-013;VR-014;VR-015;VR-016;WPN-001;WPN-002;WPN-003;WPN-004;WPN-005;WPN-006;WPN-007;WPN-008;WPN-009;WPN-010;WPN-011;WPN-012;XR-004;XR-009,literal declaration; registration/equivalence not inferred
XR,command,vr_fbt_unassign,VR_FBT_Unassign_f,Quake/vr.c,8631,AUDIO-003;AV-002;FBT-002;FBT-003;FBT-005;MOD-013;MOVE-001;MOVE-008;MOVE-009;PERF-F001;UI-006;VR-001;VR-002;VR-003;VR-004;VR-005;VR-006;VR-007;VR-008;VR-009;VR-010;VR-011;VR-012;VR-013;VR-014;VR-015;VR-016;WPN-001;WPN-002;WPN-003;WPN-004;WPN-005;WPN-006;WPN-007;WPN-008;WPN-009;WPN-010;WPN-011;WPN-012;XR-004;XR-009,literal declaration; registration/equivalence not inferred
XR,command,vr_fbt_rescan,VR_FBT_Rescan_f,Quake/vr.c,8632,AUDIO-003;AV-002;FBT-002;FBT-003;FBT-005;MOD-013;MOVE-001;MOVE-008;MOVE-009;PERF-F001;UI-006;VR-001;VR-002;VR-003;VR-004;VR-005;VR-006;VR-007;VR-008;VR-009;VR-010;VR-011;VR-012;VR-013;VR-014;VR-015;VR-016;WPN-001;WPN-002;WPN-003;WPN-004;WPN-005;WPN-006;WPN-007;WPN-008;WPN-009;WPN-010;WPN-011;WPN-012;XR-004;XR-009,literal declaration; registration/equivalence not inferred
XR,command,vr_fbt_profile_list,VR_FBT_ProfileList_f,Quake/vr.c,8633,AUDIO-003;AV-002;FBT-002;FBT-003;FBT-005;MOD-013;MOVE-001;MOVE-008;MOVE-009;PERF-F001;UI-006;VR-001;VR-002;VR-003;VR-004;VR-005;VR-006;VR-007;VR-008;VR-009;VR-010;VR-011;VR-012;VR-013;VR-014;VR-015;VR-016;WPN-001;WPN-002;WPN-003;WPN-004;WPN-005;WPN-006;WPN-007;WPN-008;WPN-009;WPN-010;WPN-011;WPN-012;XR-004;XR-009,literal declaration; registration/equivalence not inferred
XR,command,vr_fbt_profile_select,VR_FBT_ProfileSelect_f,Quake/vr.c,8634,AUDIO-003;AV-002;FBT-002;FBT-003;FBT-005;MOD-013;MOVE-001;MOVE-008;MOVE-009;PERF-F001;UI-006;VR-001;VR-002;VR-003;VR-004;VR-005;VR-006;VR-007;VR-008;VR-009;VR-010;VR-011;VR-012;VR-013;VR-014;VR-015;VR-016;WPN-001;WPN-002;WPN-003;WPN-004;WPN-005;WPN-006;WPN-007;WPN-008;WPN-009;WPN-010;WPN-011;WPN-012;XR-004;XR-009,literal declaration; registration/equivalence not inferred
XR,command,vr_fbt_profile_save,VR_FBT_ProfileSave_f,Quake/vr.c,8635,AUDIO-003;AV-002;FBT-002;FBT-003;FBT-005;MOD-013;MOVE-001;MOVE-008;MOVE-009;PERF-F001;UI-006;VR-001;VR-002;VR-003;VR-004;VR-005;VR-006;VR-007;VR-008;VR-009;VR-010;VR-011;VR-012;VR-013;VR-014;VR-015;VR-016;WPN-001;WPN-002;WPN-003;WPN-004;WPN-005;WPN-006;WPN-007;WPN-008;WPN-009;WPN-010;WPN-011;WPN-012;XR-004;XR-009,literal declaration; registration/equivalence not inferred
XR,command,vr_fbt_profile_reset,VR_FBT_ProfileReset_f,Quake/vr.c,8636,AUDIO-003;AV-002;FBT-002;FBT-003;FBT-005;MOD-013;MOVE-001;MOVE-008;MOVE-009;PERF-F001;UI-006;VR-001;VR-002;VR-003;VR-004;VR-005;VR-006;VR-007;VR-008;VR-009;VR-010;VR-011;VR-012;VR-013;VR-014;VR-015;VR-016;WPN-001;WPN-002;WPN-003;WPN-004;WPN-005;WPN-006;WPN-007;WPN-008;WPN-009;WPN-010;WPN-011;WPN-012;XR-004;XR-009,literal declaration; registration/equivalence not inferred
XR,command,vr_fbt_calibrate_begin,VR_FBT_CalibrateBegin_f,Quake/vr.c,8637,AUDIO-003;AV-002;FBT-002;FBT-003;FBT-005;MOD-013;MOVE-001;MOVE-008;MOVE-009;PERF-F001;UI-006;VR-001;VR-002;VR-003;VR-004;VR-005;VR-006;VR-007;VR-008;VR-009;VR-010;VR-011;VR-012;VR-013;VR-014;VR-015;VR-016;WPN-001;WPN-002;WPN-003;WPN-004;WPN-005;WPN-006;WPN-007;WPN-008;WPN-009;WPN-010;WPN-011;WPN-012;XR-004;XR-009,literal declaration; registration/equivalence not inferred
XR,command,vr_fbt_calibrate_capture,VR_FBT_CalibrateCapture_f,Quake/vr.c,8638,AUDIO-003;AV-002;FBT-002;FBT-003;FBT-005;MOD-013;MOVE-001;MOVE-008;MOVE-009;PERF-F001;UI-006;VR-001;VR-002;VR-003;VR-004;VR-005;VR-006;VR-007;VR-008;VR-009;VR-010;VR-011;VR-012;VR-013;VR-014;VR-015;VR-016;WPN-001;WPN-002;WPN-003;WPN-004;WPN-005;WPN-006;WPN-007;WPN-008;WPN-009;WPN-010;WPN-011;WPN-012;XR-004;XR-009,literal declaration; registration/equivalence not inferred
XR,command,vr_fbt_calibrate_accept,VR_FBT_CalibrateAccept_f,Quake/vr.c,8639,AUDIO-003;AV-002;FBT-002;FBT-003;FBT-005;MOD-013;MOVE-001;MOVE-008;MOVE-009;PERF-F001;UI-006;VR-001;VR-002;VR-003;VR-004;VR-005;VR-006;VR-007;VR-008;VR-009;VR-010;VR-011;VR-012;VR-013;VR-014;VR-015;VR-016;WPN-001;WPN-002;WPN-003;WPN-004;WPN-005;WPN-006;WPN-007;WPN-008;WPN-009;WPN-010;WPN-011;WPN-012;XR-004;XR-009,literal declaration; registration/equivalence not inferred
XR,command,vr_fbt_calibrate_cancel,VR_FBT_CalibrateCancel_f,Quake/vr.c,8640,AUDIO-003;AV-002;FBT-002;FBT-003;FBT-005;MOD-013;MOVE-001;MOVE-008;MOVE-009;PERF-F001;UI-006;VR-001;VR-002;VR-003;VR-004;VR-005;VR-006;VR-007;VR-008;VR-009;VR-010;VR-011;VR-012;VR-013;VR-014;VR-015;VR-016;WPN-001;WPN-002;WPN-003;WPN-004;WPN-005;WPN-006;WPN-007;WPN-008;WPN-009;WPN-010;WPN-011;WPN-012;XR-004;XR-009,literal declaration; registration/equivalence not inferred
XR,command,vr_menurecenter,VR_RecenterMenu,Quake/vr.c,8684,AUDIO-003;AV-002;FBT-002;FBT-003;FBT-005;MOD-013;MOVE-001;MOVE-008;MOVE-009;PERF-F001;UI-006;VR-001;VR-002;VR-003;VR-004;VR-005;VR-006;VR-007;VR-008;VR-009;VR-010;VR-011;VR-012;VR-013;VR-014;VR-015;VR-016;WPN-001;WPN-002;WPN-003;WPN-004;WPN-005;WPN-006;WPN-007;WPN-008;WPN-009;WPN-010;WPN-011;WPN-012;XR-004;XR-009,literal declaration; registration/equivalence not inferred
XR,command,vradjustweapon,VR_AdjustWeapon_f,Quake/vr.c,8690,AUDIO-003;AV-002;FBT-002;FBT-003;FBT-005;MOD-013;MOVE-001;MOVE-008;MOVE-009;PERF-F001;UI-006;VR-001;VR-002;VR-003;VR-004;VR-005;VR-006;VR-007;VR-008;VR-009;VR-010;VR-011;VR-012;VR-013;VR-014;VR-015;VR-016;WPN-001;WPN-002;WPN-003;WPN-004;WPN-005;WPN-006;WPN-007;WPN-008;WPN-009;WPN-010;WPN-011;WPN-012;XR-004;XR-009,literal declaration; registration/equivalence not inferred
XR,command,vradjustmpweapon,VR_AdjustMPWeapon_f,Quake/vr.c,8691,AUDIO-003;AV-002;FBT-002;FBT-003;FBT-005;MOD-013;MOVE-001;MOVE-008;MOVE-009;PERF-F001;UI-006;VR-001;VR-002;VR-003;VR-004;VR-005;VR-006;VR-007;VR-008;VR-009;VR-010;VR-011;VR-012;VR-013;VR-014;VR-015;VR-016;WPN-001;WPN-002;WPN-003;WPN-004;WPN-005;WPN-006;WPN-007;WPN-008;WPN-009;WPN-010;WPN-011;WPN-012;XR-004;XR-009,literal declaration; registration/equivalence not inferred
XR,command,vradjustmuzzle,VR_AdjustMuzzle_f,Quake/vr.c,8692,AUDIO-003;AV-002;FBT-002;FBT-003;FBT-005;MOD-013;MOVE-001;MOVE-008;MOVE-009;PERF-F001;UI-006;VR-001;VR-002;VR-003;VR-004;VR-005;VR-006;VR-007;VR-008;VR-009;VR-010;VR-011;VR-012;VR-013;VR-014;VR-015;VR-016;WPN-001;WPN-002;WPN-003;WPN-004;WPN-005;WPN-006;WPN-007;WPN-008;WPN-009;WPN-010;WPN-011;WPN-012;XR-004;XR-009,literal declaration; registration/equivalence not inferred
XR,command,vradjustmpmuzzle,VR_AdjustMPMuzzle_f,Quake/vr.c,8693,AUDIO-003;AV-002;FBT-002;FBT-003;FBT-005;MOD-013;MOVE-001;MOVE-008;MOVE-009;PERF-F001;UI-006;VR-001;VR-002;VR-003;VR-004;VR-005;VR-006;VR-007;VR-008;VR-009;VR-010;VR-011;VR-012;VR-013;VR-014;VR-015;VR-016;WPN-001;WPN-002;WPN-003;WPN-004;WPN-005;WPN-006;WPN-007;WPN-008;WPN-009;WPN-010;WPN-011;WPN-012;XR-004;XR-009,literal declaration; registration/equivalence not inferred
XR,command,vrweaponoffsetglobal,VR_GlobalWeaponOffset_f,Quake/vr.c,8694,AUDIO-003;AV-002;FBT-002;FBT-003;FBT-005;MOD-013;MOVE-001;MOVE-008;MOVE-009;PERF-F001;UI-006;VR-001;VR-002;VR-003;VR-004;VR-005;VR-006;VR-007;VR-008;VR-009;VR-010;VR-011;VR-012;VR-013;VR-014;VR-015;VR-016;WPN-001;WPN-002;WPN-003;WPN-004;WPN-005;WPN-006;WPN-007;WPN-008;WPN-009;WPN-010;WPN-011;WPN-012;XR-004;XR-009,literal declaration; registration/equivalence not inferred
XR,command,vrglobalweaponoffset,VR_GlobalWeaponOffset_f,Quake/vr.c,8695,AUDIO-003;AV-002;FBT-002;FBT-003;FBT-005;MOD-013;MOVE-001;MOVE-008;MOVE-009;PERF-F001;UI-006;VR-001;VR-002;VR-003;VR-004;VR-005;VR-006;VR-007;VR-008;VR-009;VR-010;VR-011;VR-012;VR-013;VR-014;VR-015;VR-016;WPN-001;WPN-002;WPN-003;WPN-004;WPN-005;WPN-006;WPN-007;WPN-008;WPN-009;WPN-010;WPN-011;WPN-012;XR-004;XR-009,literal declaration; registration/equivalence not inferred
XR,command,vr_defaultbindings,VR_DefaultBindings_f,Quake/vr.c,8696,AUDIO-003;AV-002;FBT-002;FBT-003;FBT-005;MOD-013;MOVE-001;MOVE-008;MOVE-009;PERF-F001;UI-006;VR-001;VR-002;VR-003;VR-004;VR-005;VR-006;VR-007;VR-008;VR-009;VR-010;VR-011;VR-012;VR-013;VR-014;VR-015;VR-016;WPN-001;WPN-002;WPN-003;WPN-004;WPN-005;WPN-006;WPN-007;WPN-008;WPN-009;WPN-010;WPN-011;WPN-012;XR-004;XR-009,literal declaration; registration/equivalence not inferred
XR,command,flush,Cache_Flush,Quake/zone.c,1044,PERF/ASSET,literal declaration; registration/equivalence not inferred
XR,command,hunk_print,Hunk_Print_f,Quake/zone.c,1196,PERF/ASSET,literal declaration; registration/equivalence not inferred
